#2026 09 07 11:04:43.891#Z#INFO#ee464cf9-aaab-11f1-a0e6-eeee0a85092e.OPERATION#http-nio-0.0.0.0-8080-exec-35#
[XS2StartProcessListener] Operation ID: ee464cf9-aaab-11f1-a0e6-eeee0a85092e#
#2026 09 07 11:04:43.910#Z#DEBUG#ee464cf9-aaab-11f1-a0e6-eeee0a85092e.OPERATION#http-nio-0.0.0.0-8080-exec-35#
[XS2StartProcessListener] Process environment: {
  "SKIP_SSL_VALIDATION" : "false",
  "FLOWABLE_JOB_EXECUTOR_MAX_THREADS" : "32",
  "VERSION" : "2.53.0",
  "BASIC_AUTH_ENABLED" : "true",
  "FLOWABLE_JOB_EXECUTOR_QUEUE_CAPACITY" : "16",
  "FLOWABLE_JOB_EXECUTOR_CORE_THREADS" : "8"
}#
#2026 09 07 11:04:43.910#Z#DEBUG#ee464cf9-aaab-11f1-a0e6-eeee0a85092e.OPERATION#http-nio-0.0.0.0-8080-exec-35#
[XS2StartProcessListener] Current user: chalapati-leharika.sri@capgemini.com#
#2026 09 07 11:04:43.910#Z#DEBUG#ee464cf9-aaab-11f1-a0e6-eeee0a85092e.OPERATION#http-nio-0.0.0.0-8080-exec-35#
[XS2StartProcessListener] Client space: dev#
#2026 09 07 11:04:43.910#Z#DEBUG#ee464cf9-aaab-11f1-a0e6-eeee0a85092e.OPERATION#http-nio-0.0.0.0-8080-exec-35#
[XS2StartProcessListener] Client organization: d0df43b9trial#
#2026 09 07 11:04:43.910#Z#INFO#ee464cf9-aaab-11f1-a0e6-eeee0a85092e.OPERATION#http-nio-0.0.0.0-8080-exec-35#
[XS2StartProcessListener] Process variables: {
  "keepFiles" : false,
  "skipAppDigestCalculation" : false,
  "abortOnError" : false,
  "mtaId" : "order-app",
  "noFailOnMissingPermissions" : false,
  "isSecurityEnabled" : false,
  "apiRequestPath" : "https://deploy-service.cf.us10-001.hana.ondemand.com/api/v1/spaces/383e080d-c4c5-4598-b9e9-72e78ff581ba/operations",
  "deleteServiceBrokers" : false,
  "appArchiveId" : "3f2d739c-5d6b-4943-b0ae-f699483ad732",
  "isDisposableUserProvidedServiceEnabled" : false,
  "deleteServiceKeys" : false,
  "noRestartSubscribedApps" : false,
  "noStart" : false,
  "deleteServices" : false
}#
#2026 09 07 11:04:44.367#Z#DEBUG#ee464cf9-aaab-11f1-a0e6-eeee0a85092e.OPERATION#flowable-async-job-executor-thread-16875#
[ValidateDeployParametersStep] Executing task "validateParametersTask" of process "ee464d1f-aaab-11f1-a0e6-eeee0a85092e"...#
#2026 09 07 11:04:44.367#Z#DEBUG#ee464cf9-aaab-11f1-a0e6-eeee0a85092e.OPERATION#flowable-async-job-executor-thread-16875#
[ValidateDeployParametersStep] Validating parameters...#
#2026 09 07 11:04:44.369#Z#INFO#ee464cf9-aaab-11f1-a0e6-eeee0a85092e.OPERATION#flowable-async-job-executor-thread-16875#
[ValidateDeployParametersStep] Size of mtars is 6,340,092 and size of extension descriptors is 0#
#2026 09 07 11:04:44.392#Z#INFO#ee464cf9-aaab-11f1-a0e6-eeee0a85092e.OPERATION#flowable-async-job-executor-thread-16875#
[ValidateDeployParametersStep] Archive was not split! Total size in bytes: 6,340,092#
#2026 09 07 11:04:44.392#Z#INFO#ee464cf9-aaab-11f1-a0e6-eeee0a85092e.OPERATION#flowable-async-job-executor-thread-16875#
[ValidateDeployParametersStep] Deploying in org "d0df43b9trial" and space "dev"#
#2026 09 07 11:04:44.398#Z#DEBUG#ee464cf9-aaab-11f1-a0e6-eeee0a85092e.OPERATION#flowable-async-job-executor-thread-16875#
[ValidateDeployParametersStep] Parameters validated#
#2026 09 07 11:04:44.398#Z#DEBUG#ee464cf9-aaab-11f1-a0e6-eeee0a85092e.OPERATION#flowable-async-job-executor-thread-16875#
Step "Validate Parameters" finished#
#2026 09 07 11:04:44.428#Z#DEBUG#ee464cf9-aaab-11f1-a0e6-eeee0a85092e.OPERATION#flowable-async-job-executor-thread-16876#
[DeleteRemainingFileParts] Executing task "deleteRemainingFileParts" of process "ee464d1f-aaab-11f1-a0e6-eeee0a85092e"...#
#2026 09 07 11:04:44.428#Z#DEBUG#ee464cf9-aaab-11f1-a0e6-eeee0a85092e.OPERATION#flowable-async-job-executor-thread-16876#
Step "Delete Remaining File Parts" finished#
#2026 09 07 11:04:44.459#Z#DEBUG#ee464cf9-aaab-11f1-a0e6-eeee0a85092e.OPERATION#flowable-async-job-executor-thread-16877#
[XS2ProcessMtaArchiveStep] Executing task "processArchiveTask" of process "ee464d1f-aaab-11f1-a0e6-eeee0a85092e"...#
#2026 09 07 11:04:44.460#Z#DEBUG#ee464cf9-aaab-11f1-a0e6-eeee0a85092e.OPERATION#flowable-async-job-executor-thread-16877#
[XS2ProcessMtaArchiveStep] Processing MTA archive...#
#2026 09 07 11:04:44.460#Z#DEBUG#ee464cf9-aaab-11f1-a0e6-eeee0a85092e.OPERATION#flowable-async-job-executor-thread-16877#
[XS2ProcessMtaArchiveStep] MTA Archive ID: 3f2d739c-5d6b-4943-b0ae-f699483ad732#
#2026 09 07 11:04:44.624#Z#DEBUG#ee464cf9-aaab-11f1-a0e6-eeee0a85092e.OPERATION#flowable-async-job-executor-thread-16877#
[XS2ProcessMtaArchiveStep] MTA Descriptor length: 3,170#
#2026 09 07 11:04:44.624#Z#DEBUG#ee464cf9-aaab-11f1-a0e6-eeee0a85092e.OPERATION#flowable-async-job-executor-thread-16877#
[XS2ProcessMtaArchiveStep] MTA Archive Modules: [order-app-db-deployer, order-app-app-content, order-app-srv]#
#2026 09 07 11:04:44.624#Z#DEBUG#ee464cf9-aaab-11f1-a0e6-eeee0a85092e.OPERATION#flowable-async-job-executor-thread-16877#
[XS2ProcessMtaArchiveStep] MTA Archive Requires: []#
#2026 09 07 11:04:44.624#Z#DEBUG#ee464cf9-aaab-11f1-a0e6-eeee0a85092e.OPERATION#flowable-async-job-executor-thread-16877#
[XS2ProcessMtaArchiveStep] MTA Archive Resources: [uaa_order-app]#
#2026 09 07 11:04:44.633#Z#DEBUG#ee464cf9-aaab-11f1-a0e6-eeee0a85092e.OPERATION#flowable-async-job-executor-thread-16877#
[XS2ProcessMtaArchiveStep] MTA archive processed#
#2026 09 07 11:04:44.633#Z#DEBUG#ee464cf9-aaab-11f1-a0e6-eeee0a85092e.OPERATION#flowable-async-job-executor-thread-16877#
Step "Process Archive" finished#
#2026 09 07 11:04:44.670#Z#DEBUG#ee464cf9-aaab-11f1-a0e6-eeee0a85092e.OPERATION#flowable-async-job-executor-thread-16878#
[ProcessMtaExtensionDescriptorsStep] Executing task "processExtensionDescriptorsTask" of process "ee464d1f-aaab-11f1-a0e6-eeee0a85092e"...#
#2026 09 07 11:04:44.671#Z#DEBUG#ee464cf9-aaab-11f1-a0e6-eeee0a85092e.OPERATION#flowable-async-job-executor-thread-16878#
[ProcessMtaExtensionDescriptorsStep] Processing MTA extension descriptors...#
#2026 09 07 11:04:44.672#Z#DEBUG#ee464cf9-aaab-11f1-a0e6-eeee0a85092e.OPERATION#flowable-async-job-executor-thread-16878#
[ProcessMtaExtensionDescriptorsStep] Provided extension descriptors: [ ]#
#2026 09 07 11:04:44.672#Z#DEBUG#ee464cf9-aaab-11f1-a0e6-eeee0a85092e.OPERATION#flowable-async-job-executor-thread-16878#
[ProcessMtaExtensionDescriptorsStep] No extension descriptors in use#
#2026 09 07 11:04:44.672#Z#DEBUG#ee464cf9-aaab-11f1-a0e6-eeee0a85092e.OPERATION#flowable-async-job-executor-thread-16878#
[ProcessMtaExtensionDescriptorsStep] MTA extension descriptors processed#
#2026 09 07 11:04:44.672#Z#DEBUG#ee464cf9-aaab-11f1-a0e6-eeee0a85092e.OPERATION#flowable-async-job-executor-thread-16878#
Step "Process Extension Descriptors" finished#
#2026 09 07 11:04:44.703#Z#DEBUG#ee464cf9-aaab-11f1-a0e6-eeee0a85092e.OPERATION#flowable-async-job-executor-thread-16879#
[XS2DetectMtaSchemaVersionStep] Executing task "detectSchemaVersionTask" of process "ee464d1f-aaab-11f1-a0e6-eeee0a85092e"...#
#2026 09 07 11:04:44.705#Z#DEBUG#ee464cf9-aaab-11f1-a0e6-eeee0a85092e.OPERATION#flowable-async-job-executor-thread-16879#
[XS2DetectMtaSchemaVersionStep] Detecting MTA major schema version...#
#2026 09 07 11:04:44.707#Z#INFO#ee464cf9-aaab-11f1-a0e6-eeee0a85092e.OPERATION#flowable-async-job-executor-thread-16879#
[XS2DetectMtaSchemaVersionStep] Detected MTA schema version: "3"#
#2026 09 07 11:04:44.711#Z#DEBUG#ee464cf9-aaab-11f1-a0e6-eeee0a85092e.OPERATION#flowable-async-job-executor-thread-16879#
Step "Detect Schema Version" finished#
#2026 09 07 11:04:44.741#Z#DEBUG#ee464cf9-aaab-11f1-a0e6-eeee0a85092e.OPERATION#flowable-async-job-executor-thread-16880#
[MergeDescriptorsStep] Executing task "mergeDescriptorsTask" of process "ee464d1f-aaab-11f1-a0e6-eeee0a85092e"...#
#2026 09 07 11:04:44.742#Z#DEBUG#ee464cf9-aaab-11f1-a0e6-eeee0a85092e.OPERATION#flowable-async-job-executor-thread-16880#
[MergeDescriptorsStep] Validating and merging descriptors...#
#2026 09 07 11:04:44.745#Z#DEBUG#ee464cf9-aaab-11f1-a0e6-eeee0a85092e.OPERATION#flowable-async-job-executor-thread-16880#
[MergeDescriptorsStep] Merged deployment descriptor: {
  "majorSchemaVersion" : 3,
  "schemaVersion" : "3.3.0",
  "id" : "order-app",
  "version" : "1.0.0",
  "modules" : [ {
    "majorSchemaVersion" : 3,
    "name" : "order-app-srv",
    "type" : "javascript.nodejs",
    "path" : "order-app-srv",
    "properties" : { },
    "parameters" : {
      "buildpack" : "nodejs_buildpack",
      "instances" : 1
    },
    "requiredDependencies" : [ {
      "majorSchemaVersion" : 3,
      "name" : "order-app-db",
      "properties" : { },
      "parameters" : { },
      "propertiesMetadata" : {
        "metadata" : { }
      },
      "parametersMetadata" : {
        "metadata" : { }
      }
    }, {
      "majorSchemaVersion" : 3,
      "name" : "uaa_order-app",
      "properties" : { },
      "parameters" : { },
      "propertiesMetadata" : {
        "metadata" : { }
      },
      "parametersMetadata" : {
        "metadata" : { }
      }
    } ],
    "providedDependencies" : [ {
      "majorSchemaVersion" : 3,
      "name" : "srv-api",
      "isPublic" : false,
      "properties" : {
        "srv-url" : "${default-url}"
      },
      "parameters" : { },
      "propertiesMetadata" : {
        "metadata" : { }
      },
      "parametersMetadata" : {
        "metadata" : { }
      }
    }, {
      "majorSchemaVersion" : 3,
      "name" : "order-app-srv",
      "isPublic" : false,
      "properties" : { },
      "parameters" : { },
      "propertiesMetadata" : {
        "metadata" : { }
      },
      "parametersMetadata" : {
        "metadata" : { }
      }
    } ],
    "propertiesMetadata" : {
      "metadata" : { }
    },
    "parametersMetadata" : {
      "metadata" : { }
    },
    "hooks" : [ ]
  }, {
    "majorSchemaVersion" : 3,
    "name" : "order-app-db-deployer",
    "type" : "com.sap.xs.hdi",
    "path" : "order-app-db-deployer",
    "properties" : {
      "EXIT" : 1
    },
    "parameters" : {
      "memory" : "256M",
      "buildpack" : "nodejs_buildpack",
      "no-route" : true,
      "dependency-type" : "hard",
      "tasks" : [ {
        "name" : "deploy",
        "memory" : "256M",
        "command" : "npm start"
      } ],
      "no-start" : true
    },
    "requiredDependencies" : [ {
      "majorSchemaVersion" : 3,
      "name" : "order-app-db",
      "properties" : { },
      "parameters" : { },
      "propertiesMetadata" : {
        "metadata" : { }
      },
      "parametersMetadata" : {
        "metadata" : { }
      }
    } ],
    "providedDependencies" : [ {
      "majorSchemaVersion" : 3,
      "name" : "order-app-db-deployer",
      "isPublic" : false,
      "properties" : { },
      "parameters" : { },
      "propertiesMetadata" : {
        "metadata" : { }
      },
      "parametersMetadata" : {
        "metadata" : { }
      }
    } ],
    "propertiesMetadata" : {
      "metadata" : { }
    },
    "parametersMetadata" : {
      "metadata" : { }
    },
    "hooks" : [ ]
  }, {
    "majorSchemaVersion" : 3,
    "name" : "order-app-destination-content",
    "type" : "com.sap.application.content",
    "properties" : { },
    "parameters" : {
      "content" : {
        "instance" : {
          "destinations" : [ {
            "Name" : "orderappcapmrouter_order_app_html_repo_host",
            "ServiceInstanceName" : "order-app-html5-app-host-service",
            "ServiceKeyName" : "********",
            "sap.cloud.service" : "orderappcapmrouter"
          }, {
            "Authentication" : "********",
            "Name" : "orderappcapmrouter_uaa_order_app",
            "ServiceInstanceName" : "order-app-xsuaa-service",
            "ServiceKeyName" : "********",
            "sap.cloud.service" : "orderappcapmrouter"
          } ],
          "existing_destinations_policy" : "ignore"
        }
      }
    },
    "requiredDependencies" : [ {
      "majorSchemaVersion" : 3,
      "name" : "order-app-destination-service",
      "properties" : { },
      "parameters" : {
        "content-target" : true
      },
      "propertiesMetadata" : {
        "metadata" : { }
      },
      "parametersMetadata" : {
        "metadata" : { }
      }
    }, {
      "majorSchemaVersion" : 3,
      "name" : "order-app_html_repo_host",
      "properties" : { },
      "parameters" : {
        "service-key" : "********"
      },
      "propertiesMetadata" : {
        "metadata" : { }
      },
      "parametersMetadata" : {
        "metadata" : { }
      }
    }, {
      "majorSchemaVersion" : 3,
      "name" : "uaa_order-app",
      "properties" : { },
      "parameters" : {
        "service-key" : "********"
      },
      "propertiesMetadata" : {
        "metadata" : { }
      },
      "parametersMetadata" : {
        "metadata" : { }
      }
    } ],
    "providedDependencies" : [ {
      "majorSchemaVersion" : 3,
      "name" : "order-app-destination-content",
      "isPublic" : false,
      "properties" : { },
      "parameters" : { },
      "propertiesMetadata" : {
        "metadata" : { }
      },
      "parametersMetadata" : {
        "metadata" : { }
      }
    } ],
    "propertiesMetadata" : {
      "metadata" : { }
    },
    "parametersMetadata" : {
      "metadata" : { }
    },
    "hooks" : [ ]
  }, {
    "majorSchemaVersion" : 3,
    "name" : "order-app-app-content",
    "type" : "com.sap.application.content",
    "path" : "order-app-app-content",
    "properties" : { },
    "parameters" : { },
    "requiredDependencies" : [ {
      "majorSchemaVersion" : 3,
      "name" : "order-app_html_repo_host",
      "properties" : { },
      "parameters" : {
        "content-target" : true
      },
      "propertiesMetadata" : {
        "metadata" : { }
      },
      "parametersMetadata" : {
        "metadata" : { }
      }
    } ],
    "providedDependencies" : [ {
      "majorSchemaVersion" : 3,
      "name" : "order-app-app-content",
      "isPublic" : false,
      "properties" : { },
      "parameters" : { },
      "propertiesMetadata" : {
        "metadata" : { }
      },
      "parametersMetadata" : {
        "metadata" : { }
      }
    } ],
    "propertiesMetadata" : {
      "metadata" : { }
    },
    "parametersMetadata" : {
      "metadata" : { }
    },
    "hooks" : [ ]
  } ],
  "resources" : [ {
    "majorSchemaVersion" : 3,
    "name" : "order-app-db",
    "type" : "com.sap.xs.hdi-container",
    "properties" : { },
    "parameters" : {
      "type" : "managed-service",
      "service" : "hana",
      "service-plan" : "hdi-shared"
    },
    "isActive" : true,
    "isOptional" : false,
    "propertiesMetadata" : {
      "metadata" : { }
    },
    "parametersMetadata" : {
      "metadata" : { }
    },
    "requiredDependencies" : [ ],
    "processedAfter" : [ ]
  }, {
    "majorSchemaVersion" : 3,
    "name" : "order-app-destination-service",
    "type" : "org.cloudfoundry.managed-service",
    "properties" : { },
    "parameters" : {
      "service-name" : "order-app-destination-service",
      "service-plan" : "lite",
      "type" : "managed-service",
      "config" : {
        "HTML5Runtime_enabled" : true,
        "init_data" : {
          "instance" : {
            "destinations" : [ {
              "Authentication" : "********",
              "Name" : "ui5",
              "ProxyType" : "Internet",
              "Type" : "HTTP",
              "URL" : "https://ui5.sap.com"
            }, {
              "Authentication" : "********",
              "HTML5.DynamicDestination" : true,
              "HTML5.ForwardAuthToken" : "********",
              "Name" : "srv-api",
              "ProxyType" : "Internet",
              "Type" : "HTTP",
              "URL" : "~{srv-api/srv-url}"
            } ],
            "existing_destinations_policy" : "update"
          }
        },
        "version" : "1.0.0"
      },
      "service" : "destination"
    },
    "isActive" : true,
    "isOptional" : false,
    "propertiesMetadata" : {
      "metadata" : { }
    },
    "parametersMetadata" : {
      "metadata" : { }
    },
    "requiredDependencies" : [ {
      "majorSchemaVersion" : 3,
      "name" : "srv-api",
      "properties" : { },
      "parameters" : { },
      "propertiesMetadata" : {
        "metadata" : { }
      },
      "parametersMetadata" : {
        "metadata" : { }
      }
    } ],
    "processedAfter" : [ ]
  }, {
    "majorSchemaVersion" : 3,
    "name" : "order-app_html_repo_host",
    "type" : "org.cloudfoundry.managed-service",
    "properties" : { },
    "parameters" : {
      "service-name" : "order-app-html5-app-host-service",
      "service-plan" : "app-host",
      "type" : "managed-service",
      "service" : "html5-apps-repo"
    },
    "isActive" : true,
    "isOptional" : false,
    "propertiesMetadata" : {
      "metadata" : { }
    },
    "parametersMetadata" : {
      "metadata" : { }
    },
    "requiredDependencies" : [ ],
    "processedAfter" : [ ]
  }, {
    "majorSchemaVersion" : 3,
    "name" : "uaa_order-app",
    "type" : "org.cloudfoundry.managed-service",
    "properties" : { },
    "parameters" : {
      "path" : "./xs-security.json",
      "service-name" : "order-app-xsuaa-service",
      "service-plan" : "application",
      "type" : "managed-service",
      "service" : "xsuaa"
    },
    "isActive" : true,
    "isOptional" : false,
    "propertiesMetadata" : {
      "metadata" : { }
    },
    "parametersMetadata" : {
      "metadata" : { }
    },
    "requiredDependencies" : [ ],
    "processedAfter" : [ ]
  } ],
  "parameters" : {
    "enable-parallel-deployments" : true,
    "deploy_mode" : "html5-repo"
  },
  "parametersMetadata" : {
    "metadata" : { }
  }
}#
#2026 09 07 11:04:44.748#Z#DEBUG#ee464cf9-aaab-11f1-a0e6-eeee0a85092e.OPERATION#flowable-async-job-executor-thread-16880#
[MergeDescriptorsStep] Descriptors validated and merged#
#2026 09 07 11:04:44.748#Z#DEBUG#ee464cf9-aaab-11f1-a0e6-eeee0a85092e.OPERATION#flowable-async-job-executor-thread-16880#
Step "Merge Descriptors" finished#
#2026 09 07 11:04:44.783#Z#DEBUG#ee464cf9-aaab-11f1-a0e6-eeee0a85092e.OPERATION#flowable-async-job-executor-thread-16881#
[CollectCloudLoggingServiceParametersStep] Executing task "sid-9C5714DF-CEC8-4019-8873-CBBA99AC459A" of process "ee464d1f-aaab-11f1-a0e6-eeee0a85092e"...#
#2026 09 07 11:04:44.787#Z#DEBUG#ee464cf9-aaab-11f1-a0e6-eeee0a85092e.OPERATION#flowable-async-job-executor-thread-16881#
Step "Collect Cloud Logging Service Parameters" finished#
#2026 09 07 11:04:44.816#Z#DEBUG#ee464cf9-aaab-11f1-a0e6-eeee0a85092e.OPERATION#flowable-async-job-executor-thread-16882#
[DetectDeployedMtaStep] Executing task "detectDeployedMtaTask" of process "ee464d1f-aaab-11f1-a0e6-eeee0a85092e"...#
#2026 09 07 11:04:44.817#Z#DEBUG#ee464cf9-aaab-11f1-a0e6-eeee0a85092e.OPERATION#flowable-async-job-executor-thread-16882#
[DetectDeployedMtaStep] Detecting deployed MTA...#
#2026 09 07 11:04:44.866#Z#DEBUG#ee464cf9-aaab-11f1-a0e6-eeee0a85092e.OPERATION#flowable-async-job-executor-thread-16882#
[DetectDeployedMtaStep] Detecting MTA by id order-app and namespace null#
#2026 09 07 11:04:44.866#Z#DEBUG#ee464cf9-aaab-11f1-a0e6-eeee0a85092e.OPERATION#flowable-async-job-executor-thread-16882#
[DetectDeployedMtaStep] Getting applications by metadata label selector "mta_id=33cc615c0a0cb5d846a89cec7b1919bf,!mta_namespace"...#
#2026 09 07 11:04:44.908#Z#DEBUG#ee464cf9-aaab-11f1-a0e6-eeee0a85092e.OPERATION#flowable-async-job-executor-thread-16882#
[DetectDeployedMtaStep] Getting service instances by metadata label selector "mta_id=33cc615c0a0cb5d846a89cec7b1919bf,!mta_namespace"...#
#2026 09 07 11:04:44.929#Z#INFO#ee464cf9-aaab-11f1-a0e6-eeee0a85092e.OPERATION#flowable-async-job-executor-thread-16882#
[DetectDeployedMtaStep] No deployed MTA detected - this is initial deployment of MTA with ID "order-app"#
#2026 09 07 11:04:44.934#Z#DEBUG#ee464cf9-aaab-11f1-a0e6-eeee0a85092e.OPERATION#flowable-async-job-executor-thread-16882#
[DetectDeployedMtaStep] Detecting backup mta by id "order-app" and namespace "null"#
#2026 09 07 11:04:44.934#Z#DEBUG#ee464cf9-aaab-11f1-a0e6-eeee0a85092e.OPERATION#flowable-async-job-executor-thread-16882#
[DetectDeployedMtaStep] Getting applications by metadata label selector "mta_id=33cc615c0a0cb5d846a89cec7b1919bf,mta_namespace=b698114a0995e936895b9598a6c19a2c"...#
#2026 09 07 11:04:44.961#Z#DEBUG#ee464cf9-aaab-11f1-a0e6-eeee0a85092e.OPERATION#flowable-async-job-executor-thread-16882#
[DetectDeployedMtaStep] Getting service instances by metadata label selector "mta_id=33cc615c0a0cb5d846a89cec7b1919bf,mta_namespace=b698114a0995e936895b9598a6c19a2c"...#
#2026 09 07 11:04:44.997#Z#DEBUG#ee464cf9-aaab-11f1-a0e6-eeee0a85092e.OPERATION#flowable-async-job-executor-thread-16882#
[DetectDeployedMtaStep] Deployed MTA service keys: [ ]#
#2026 09 07 11:04:44.997#Z#DEBUG#ee464cf9-aaab-11f1-a0e6-eeee0a85092e.OPERATION#flowable-async-job-executor-thread-16882#
Step "Detect Deployed MTA" finished#
#2026 09 07 11:04:45.046#Z#DEBUG#ee464cf9-aaab-11f1-a0e6-eeee0a85092e.OPERATION#flowable-async-job-executor-thread-16875#
[XS2CollectSystemParametersStep] Executing task "collectSystemParametersTask" of process "ee464d1f-aaab-11f1-a0e6-eeee0a85092e"...#
#2026 09 07 11:04:45.047#Z#DEBUG#ee464cf9-aaab-11f1-a0e6-eeee0a85092e.OPERATION#flowable-async-job-executor-thread-16875#
[XS2CollectSystemParametersStep] Collecting system parameters...#
#2026 09 07 11:04:45.048#Z#DEBUG#ee464cf9-aaab-11f1-a0e6-eeee0a85092e.OPERATION#flowable-async-job-executor-thread-16875#
[XS2CollectSystemParametersStep] Getting default domain...#
#2026 09 07 11:04:45.073#Z#DEBUG#ee464cf9-aaab-11f1-a0e6-eeee0a85092e.OPERATION#flowable-async-job-executor-thread-16875#
[XS2CollectSystemParametersStep] Default domain: cfapps.us10-001.hana.ondemand.com#
#2026 09 07 11:04:45.077#Z#DEBUG#ee464cf9-aaab-11f1-a0e6-eeee0a85092e.OPERATION#flowable-async-job-executor-thread-16875#
[XS2CollectSystemParametersStep] Checking for overwriting read-only parameters for mta with id: "order-app"#
#2026 09 07 11:04:45.077#Z#DEBUG#ee464cf9-aaab-11f1-a0e6-eeee0a85092e.OPERATION#flowable-async-job-executor-thread-16875#
[XS2CollectSystemParametersStep] No read-only parameters are overwritten#
#2026 09 07 11:04:45.087#Z#DEBUG#ee464cf9-aaab-11f1-a0e6-eeee0a85092e.OPERATION#flowable-async-job-executor-thread-16875#
[XS2CollectSystemParametersStep] Descriptor with system parameters: {
  "majorSchemaVersion" : 3,
  "schemaVersion" : "3.3.0",
  "id" : "order-app",
  "version" : "1.0.0",
  "modules" : [ {
    "majorSchemaVersion" : 3,
    "name" : "order-app-srv",
    "type" : "javascript.nodejs",
    "path" : "order-app-srv",
    "properties" : { },
    "parameters" : {
      "default-url" : "${protocol}://${default-uri}",
      "default-app-name" : "order-app-srv",
      "generated-password" : "********",
      "default-live-url" : "${protocol}://${default-live-uri}",
      "default-uri" : "${host}.${domain}",
      "default-instances" : 1,
      "default-live-host" : "d0df43b9trial-dev-order-app-srv",
      "instances" : 1,
      "buildpack" : "nodejs_buildpack",
      "default-host" : "d0df43b9trial-dev-order-app-srv",
      "app-name" : "${default-app-name}",
      "default-live-uri" : "d0df43b9trial-dev-order-app-srv.${domain}",
      "protocol" : "https",
      "default-live-app-name" : "order-app-srv",
      "default-live-domain" : "cfapps.us10-001.hana.ondemand.com",
      "domain" : "${default-domain}",
      "host" : "${default-host}",
      "generated-user" : "********"
    },
    "requiredDependencies" : [ {
      "majorSchemaVersion" : 3,
      "name" : "order-app-db",
      "properties" : { },
      "parameters" : { },
      "propertiesMetadata" : {
        "metadata" : { }
      },
      "parametersMetadata" : {
        "metadata" : { }
      }
    }, {
      "majorSchemaVersion" : 3,
      "name" : "uaa_order-app",
      "properties" : { },
      "parameters" : { },
      "propertiesMetadata" : {
        "metadata" : { }
      },
      "parametersMetadata" : {
        "metadata" : { }
      }
    } ],
    "providedDependencies" : [ {
      "majorSchemaVersion" : 3,
      "name" : "srv-api",
      "isPublic" : false,
      "properties" : {
        "srv-url" : "${default-url}"
      },
      "parameters" : { },
      "propertiesMetadata" : {
        "metadata" : { }
      },
      "parametersMetadata" : {
        "metadata" : { }
      }
    }, {
      "majorSchemaVersion" : 3,
      "name" : "order-app-srv",
      "isPublic" : false,
      "properties" : { },
      "parameters" : { },
      "propertiesMetadata" : {
        "metadata" : { }
      },
      "parametersMetadata" : {
        "metadata" : { }
      }
    } ],
    "propertiesMetadata" : {
      "metadata" : { }
    },
    "parametersMetadata" : {
      "metadata" : { }
    },
    "hooks" : [ ]
  }, {
    "majorSchemaVersion" : 3,
    "name" : "order-app-db-deployer",
    "type" : "com.sap.xs.hdi",
    "path" : "order-app-db-deployer",
    "properties" : {
      "EXIT" : 1
    },
    "parameters" : {
      "default-url" : "${protocol}://${default-uri}",
      "default-app-name" : "order-app-db-deployer",
      "generated-password" : "********",
      "default-live-url" : "${protocol}://${default-live-uri}",
      "default-uri" : "${host}.${domain}",
      "memory" : "256M",
      "default-instances" : 1,
      "no-route" : true,
      "default-live-host" : "d0df43b9trial-dev-order-app-db-deployer",
      "instances" : "${default-instances}",
      "buildpack" : "nodejs_buildpack",
      "default-host" : "d0df43b9trial-dev-order-app-db-deployer",
      "app-name" : "${default-app-name}",
      "default-live-uri" : "d0df43b9trial-dev-order-app-db-deployer.${domain}",
      "protocol" : "https",
      "default-live-app-name" : "order-app-db-deployer",
      "default-live-domain" : "cfapps.us10-001.hana.ondemand.com",
      "dependency-type" : "hard",
      "domain" : "${default-domain}",
      "host" : "${default-host}",
      "generated-user" : "********",
      "tasks" : [ {
        "name" : "deploy",
        "memory" : "256M",
        "command" : "npm start"
      } ],
      "no-start" : true
    },
    "requiredDependencies" : [ {
      "majorSchemaVersion" : 3,
      "name" : "order-app-db",
      "properties" : { },
      "parameters" : { },
      "propertiesMetadata" : {
        "metadata" : { }
      },
      "parametersMetadata" : {
        "metadata" : { }
      }
    } ],
    "providedDependencies" : [ {
      "majorSchemaVersion" : 3,
      "name" : "order-app-db-deployer",
      "isPublic" : false,
      "properties" : { },
      "parameters" : { },
      "propertiesMetadata" : {
        "metadata" : { }
      },
      "parametersMetadata" : {
        "metadata" : { }
      }
    } ],
    "propertiesMetadata" : {
      "metadata" : { }
    },
    "parametersMetadata" : {
      "metadata" : { }
    },
    "hooks" : [ ]
  }, {
    "majorSchemaVersion" : 3,
    "name" : "order-app-destination-content",
    "type" : "com.sap.application.content",
    "properties" : { },
    "parameters" : {
      "default-url" : "${protocol}://${default-uri}",
      "default-app-name" : "order-app-destination-content",
      "generated-password" : "********",
      "default-live-url" : "${protocol}://${default-live-uri}",
      "default-uri" : "${host}.${domain}",
      "default-instances" : 1,
      "default-live-host" : "d0df43b9trial-dev-order-app-destination-content",
      "instances" : "${default-instances}",
      "default-host" : "d0df43b9trial-dev-order-app-destination-content",
      "content" : {
        "instance" : {
          "destinations" : [ {
            "Name" : "orderappcapmrouter_order_app_html_repo_host",
            "ServiceInstanceName" : "order-app-html5-app-host-service",
            "ServiceKeyName" : "********",
            "sap.cloud.service" : "orderappcapmrouter"
          }, {
            "Authentication" : "********",
            "Name" : "orderappcapmrouter_uaa_order_app",
            "ServiceInstanceName" : "order-app-xsuaa-service",
            "ServiceKeyName" : "********",
            "sap.cloud.service" : "orderappcapmrouter"
          } ],
          "existing_destinations_policy" : "ignore"
        }
      },
      "app-name" : "${default-app-name}",
      "default-live-uri" : "d0df43b9trial-dev-order-app-destination-content.${domain}",
      "protocol" : "https",
      "default-live-app-name" : "order-app-destination-content",
      "default-live-domain" : "cfapps.us10-001.hana.ondemand.com",
      "domain" : "${default-domain}",
      "host" : "${default-host}",
      "generated-user" : "********"
    },
    "requiredDependencies" : [ {
      "majorSchemaVersion" : 3,
      "name" : "order-app-destination-service",
      "properties" : { },
      "parameters" : {
        "content-target" : true
      },
      "propertiesMetadata" : {
        "metadata" : { }
      },
      "parametersMetadata" : {
        "metadata" : { }
      }
    }, {
      "majorSchemaVersion" : 3,
      "name" : "order-app_html_repo_host",
      "properties" : { },
      "parameters" : {
        "service-key" : "********"
      },
      "propertiesMetadata" : {
        "metadata" : { }
      },
      "parametersMetadata" : {
        "metadata" : { }
      }
    }, {
      "majorSchemaVersion" : 3,
      "name" : "uaa_order-app",
      "properties" : { },
      "parameters" : {
        "service-key" : "********"
      },
      "propertiesMetadata" : {
        "metadata" : { }
      },
      "parametersMetadata" : {
        "metadata" : { }
      }
    } ],
    "providedDependencies" : [ {
      "majorSchemaVersion" : 3,
      "name" : "order-app-destination-content",
      "isPublic" : false,
      "properties" : { },
      "parameters" : { },
      "propertiesMetadata" : {
        "metadata" : { }
      },
      "parametersMetadata" : {
        "metadata" : { }
      }
    } ],
    "propertiesMetadata" : {
      "metadata" : { }
    },
    "parametersMetadata" : {
      "metadata" : { }
    },
    "hooks" : [ ]
  }, {
    "majorSchemaVersion" : 3,
    "name" : "order-app-app-content",
    "type" : "com.sap.application.content",
    "path" : "order-app-app-content",
    "properties" : { },
    "parameters" : {
      "default-url" : "${protocol}://${default-uri}",
      "default-app-name" : "order-app-app-content",
      "generated-password" : "********",
      "default-live-url" : "${protocol}://${default-live-uri}",
      "default-uri" : "${host}.${domain}",
      "default-instances" : 1,
      "default-live-host" : "d0df43b9trial-dev-order-app-app-content",
      "instances" : "${default-instances}",
      "default-host" : "d0df43b9trial-dev-order-app-app-content",
      "app-name" : "${default-app-name}",
      "default-live-uri" : "d0df43b9trial-dev-order-app-app-content.${domain}",
      "protocol" : "https",
      "default-live-app-name" : "order-app-app-content",
      "default-live-domain" : "cfapps.us10-001.hana.ondemand.com",
      "domain" : "${default-domain}",
      "host" : "${default-host}",
      "generated-user" : "********"
    },
    "requiredDependencies" : [ {
      "majorSchemaVersion" : 3,
      "name" : "order-app_html_repo_host",
      "properties" : { },
      "parameters" : {
        "content-target" : true
      },
      "propertiesMetadata" : {
        "metadata" : { }
      },
      "parametersMetadata" : {
        "metadata" : { }
      }
    } ],
    "providedDependencies" : [ {
      "majorSchemaVersion" : 3,
      "name" : "order-app-app-content",
      "isPublic" : false,
      "properties" : { },
      "parameters" : { },
      "propertiesMetadata" : {
        "metadata" : { }
      },
      "parametersMetadata" : {
        "metadata" : { }
      }
    } ],
    "propertiesMetadata" : {
      "metadata" : { }
    },
    "parametersMetadata" : {
      "metadata" : { }
    },
    "hooks" : [ ]
  } ],
  "resources" : [ {
    "majorSchemaVersion" : 3,
    "name" : "order-app-db",
    "type" : "com.sap.xs.hdi-container",
    "properties" : { },
    "parameters" : {
      "generated-password" : "********",
      "service-name" : "${default-service-name}",
      "service-plan" : "hdi-shared",
      "service" : "hana",
      "generated-user" : "********",
      "default-xsappname" : "order-app-db",
      "type" : "managed-service",
      "default-service-name" : "order-app-db",
      "default-container-name" : "D0DF43B9TRIAL_DEV_ORDER_APP_DB"
    },
    "isActive" : true,
    "isOptional" : false,
    "propertiesMetadata" : {
      "metadata" : { }
    },
    "parametersMetadata" : {
      "metadata" : { }
    },
    "requiredDependencies" : [ ],
    "processedAfter" : [ ]
  }, {
    "majorSchemaVersion" : 3,
    "name" : "order-app-destination-service",
    "type" : "org.cloudfoundry.managed-service",
    "properties" : { },
    "parameters" : {
      "generated-password" : "********",
      "service-name" : "order-app-destination-service",
      "service-plan" : "lite",
      "service" : "destination",
      "generated-user" : "********",
      "default-xsappname" : "order-app-destination-service",
      "type" : "managed-service",
      "config" : {
        "HTML5Runtime_enabled" : true,
        "init_data" : {
          "instance" : {
            "destinations" : [ {
              "Authentication" : "********",
              "Name" : "ui5",
              "ProxyType" : "Internet",
              "Type" : "HTTP",
              "URL" : "https://ui5.sap.com"
            }, {
              "Authentication" : "********",
              "HTML5.DynamicDestination" : true,
              "HTML5.ForwardAuthToken" : "********",
              "Name" : "srv-api",
              "ProxyType" : "Internet",
              "Type" : "HTTP",
              "URL" : "~{srv-api/srv-url}"
            } ],
            "existing_destinations_policy" : "update"
          }
        },
        "version" : "1.0.0"
      },
      "default-service-name" : "order-app-destination-service",
      "default-container-name" : "D0DF43B9TRIAL_DEV_ORDER_APP_DESTINATION_SERVICE"
    },
    "isActive" : true,
    "isOptional" : false,
    "propertiesMetadata" : {
      "metadata" : { }
    },
    "parametersMetadata" : {
      "metadata" : { }
    },
    "requiredDependencies" : [ {
      "majorSchemaVersion" : 3,
      "name" : "srv-api",
      "properties" : { },
      "parameters" : { },
      "propertiesMetadata" : {
        "metadata" : { }
      },
      "parametersMetadata" : {
        "metadata" : { }
      }
    } ],
    "processedAfter" : [ ]
  }, {
    "majorSchemaVersion" : 3,
    "name" : "order-app_html_repo_host",
    "type" : "org.cloudfoundry.managed-service",
    "properties" : { },
    "parameters" : {
      "generated-password" : "********",
      "service-name" : "order-app-html5-app-host-service",
      "service-plan" : "app-host",
      "service" : "html5-apps-repo",
      "generated-user" : "********",
      "default-xsappname" : "order-app_html_repo_host",
      "type" : "managed-service",
      "default-service-name" : "order-app_html_repo_host",
      "default-container-name" : "D0DF43B9TRIAL_DEV_ORDER_APP_HTML_REPO_HOST"
    },
    "isActive" : true,
    "isOptional" : false,
    "propertiesMetadata" : {
      "metadata" : { }
    },
    "parametersMetadata" : {
      "metadata" : { }
    },
    "requiredDependencies" : [ ],
    "processedAfter" : [ ]
  }, {
    "majorSchemaVersion" : 3,
    "name" : "uaa_order-app",
    "type" : "org.cloudfoundry.managed-service",
    "properties" : { },
    "parameters" : {
      "generated-password" : "********",
      "path" : "./xs-security.json",
      "service-name" : "order-app-xsuaa-service",
      "service-plan" : "application",
      "service" : "xsuaa",
      "generated-user" : "********",
      "default-xsappname" : "uaa_order-app",
      "type" : "managed-service",
      "default-service-name" : "uaa_order-app",
      "default-container-name" : "D0DF43B9TRIAL_DEV_UAA_ORDER_APP"
    },
    "isActive" : true,
    "isOptional" : false,
    "propertiesMetadata" : {
      "metadata" : { }
    },
    "parametersMetadata" : {
      "metadata" : { }
    },
    "requiredDependencies" : [ ],
    "processedAfter" : [ ]
  } ],
  "parameters" : {
    "deploy_mode" : "html5-repo",
    "mta-id" : "order-app",
    "authorization-url" : "********",
    "org-guid" : "188e7b36-f870-46ac-b4b4-fcdce414afb1",
    "org" : "d0df43b9trial",
    "deploy-target" : "d0df43b9trial dev",
    "enable-parallel-deployments" : true,
    "space" : "dev",
    "xs-api-url" : "https://api.cf.us10-001.hana.ondemand.com",
    "deploy-url" : "deploy-service.cfapps.us10-001.hana.ondemand.com",
    "xs-type" : "CF",
    "default-domain" : "cfapps.us10-001.hana.ondemand.com",
    "mta-version" : "1.0.0",
    "xs-auth-url" : "********",
    "space-guid" : "383e080d-c4c5-4598-b9e9-72e78ff581ba",
    "user" : "********",
    "controller-url" : "https://api.cf.us10-001.hana.ondemand.com",
    "timestamp" : "20260907110443"
  },
  "parametersMetadata" : {
    "metadata" : { }
  }
}#
#2026 09 07 11:04:45.087#Z#DEBUG#ee464cf9-aaab-11f1-a0e6-eeee0a85092e.OPERATION#flowable-async-job-executor-thread-16875#
[XS2CollectSystemParametersStep] Version rule: SAME_HIGHER#
#2026 09 07 11:04:45.087#Z#INFO#ee464cf9-aaab-11f1-a0e6-eeee0a85092e.OPERATION#flowable-async-job-executor-thread-16875#
[XS2CollectSystemParametersStep] Detected new MTA version: "1.0.0"#
#2026 09 07 11:04:45.091#Z#DEBUG#ee464cf9-aaab-11f1-a0e6-eeee0a85092e.OPERATION#flowable-async-job-executor-thread-16875#
[XS2CollectSystemParametersStep] MTA accepted for deployment#
#2026 09 07 11:04:45.092#Z#DEBUG#ee464cf9-aaab-11f1-a0e6-eeee0a85092e.OPERATION#flowable-async-job-executor-thread-16875#
[XS2CollectSystemParametersStep] System parameters collected#
#2026 09 07 11:04:45.092#Z#DEBUG#ee464cf9-aaab-11f1-a0e6-eeee0a85092e.OPERATION#flowable-async-job-executor-thread-16875#
Step "Collect System Parameters" finished#
#2026 09 07 11:04:45.144#Z#DEBUG#ee464cf9-aaab-11f1-a0e6-eeee0a85092e.OPERATION#flowable-async-job-executor-thread-16875#
[ProcessDescriptorStep] Executing task "processDescriptorTask" of process "ee464d1f-aaab-11f1-a0e6-eeee0a85092e"...#
#2026 09 07 11:04:45.145#Z#DEBUG#ee464cf9-aaab-11f1-a0e6-eeee0a85092e.OPERATION#flowable-async-job-executor-thread-16875#
[ProcessDescriptorStep] Resolving properties and parameters in merged descriptor...#
#2026 09 07 11:04:45.153#Z#DEBUG#ee464cf9-aaab-11f1-a0e6-eeee0a85092e.OPERATION#flowable-async-job-executor-thread-16875#
[ProcessDescriptorStep] Subscriptions: [ ]#
#2026 09 07 11:04:45.154#Z#DEBUG#ee464cf9-aaab-11f1-a0e6-eeee0a85092e.OPERATION#flowable-async-job-executor-thread-16875#
[ProcessDescriptorStep] MTA modules: [order-app-db-deployer, order-app-app-content, order-app-srv, order-app-destination-content]#
#2026 09 07 11:04:45.154#Z#DEBUG#ee464cf9-aaab-11f1-a0e6-eeee0a85092e.OPERATION#flowable-async-job-executor-thread-16875#
[ProcessDescriptorStep] Resolved deployment descriptor: {
  "majorSchemaVersion" : 3,
  "schemaVersion" : "3.3.0",
  "id" : "order-app",
  "version" : "1.0.0",
  "modules" : [ {
    "majorSchemaVersion" : 3,
    "name" : "order-app-srv",
    "type" : "javascript.nodejs",
    "path" : "order-app-srv",
    "properties" : { },
    "parameters" : {
      "default-url" : "https://d0df43b9trial-dev-order-app-srv.cfapps.us10-001.hana.ondemand.com",
      "default-app-name" : "order-app-srv",
      "generated-password" : "********",
      "default-live-url" : "https://d0df43b9trial-dev-order-app-srv.cfapps.us10-001.hana.ondemand.com",
      "default-uri" : "d0df43b9trial-dev-order-app-srv.cfapps.us10-001.hana.ondemand.com",
      "default-instances" : 1,
      "default-live-host" : "d0df43b9trial-dev-order-app-srv",
      "instances" : 1,
      "buildpack" : "nodejs_buildpack",
      "default-host" : "d0df43b9trial-dev-order-app-srv",
      "app-name" : "order-app-srv",
      "default-live-uri" : "d0df43b9trial-dev-order-app-srv.cfapps.us10-001.hana.ondemand.com",
      "protocol" : "https",
      "default-live-app-name" : "order-app-srv",
      "default-live-domain" : "cfapps.us10-001.hana.ondemand.com",
      "domain" : "cfapps.us10-001.hana.ondemand.com",
      "host" : "d0df43b9trial-dev-order-app-srv",
      "generated-user" : "********"
    },
    "requiredDependencies" : [ {
      "majorSchemaVersion" : 3,
      "name" : "order-app-db",
      "properties" : { },
      "parameters" : { },
      "propertiesMetadata" : {
        "metadata" : { }
      },
      "parametersMetadata" : {
        "metadata" : { }
      }
    }, {
      "majorSchemaVersion" : 3,
      "name" : "uaa_order-app",
      "properties" : { },
      "parameters" : { },
      "propertiesMetadata" : {
        "metadata" : { }
      },
      "parametersMetadata" : {
        "metadata" : { }
      }
    } ],
    "providedDependencies" : [ {
      "majorSchemaVersion" : 3,
      "name" : "srv-api",
      "isPublic" : false,
      "properties" : {
        "srv-url" : "https://d0df43b9trial-dev-order-app-srv.cfapps.us10-001.hana.ondemand.com"
      },
      "parameters" : { },
      "propertiesMetadata" : {
        "metadata" : { }
      },
      "parametersMetadata" : {
        "metadata" : { }
      }
    }, {
      "majorSchemaVersion" : 3,
      "name" : "order-app-srv",
      "isPublic" : false,
      "properties" : { },
      "parameters" : { },
      "propertiesMetadata" : {
        "metadata" : { }
      },
      "parametersMetadata" : {
        "metadata" : { }
      }
    } ],
    "propertiesMetadata" : {
      "metadata" : { }
    },
    "parametersMetadata" : {
      "metadata" : { }
    },
    "hooks" : [ ]
  }, {
    "majorSchemaVersion" : 3,
    "name" : "order-app-db-deployer",
    "type" : "com.sap.xs.hdi",
    "path" : "order-app-db-deployer",
    "properties" : {
      "EXIT" : 1
    },
    "parameters" : {
      "default-url" : "https://d0df43b9trial-dev-order-app-db-deployer.cfapps.us10-001.hana.ondemand.com",
      "default-app-name" : "order-app-db-deployer",
      "generated-password" : "********",
      "default-live-url" : "https://d0df43b9trial-dev-order-app-db-deployer.cfapps.us10-001.hana.ondemand.com",
      "default-uri" : "d0df43b9trial-dev-order-app-db-deployer.cfapps.us10-001.hana.ondemand.com",
      "memory" : "256M",
      "default-instances" : 1,
      "no-route" : true,
      "default-live-host" : "d0df43b9trial-dev-order-app-db-deployer",
      "instances" : 1,
      "buildpack" : "nodejs_buildpack",
      "default-host" : "d0df43b9trial-dev-order-app-db-deployer",
      "app-name" : "order-app-db-deployer",
      "default-live-uri" : "d0df43b9trial-dev-order-app-db-deployer.cfapps.us10-001.hana.ondemand.com",
      "protocol" : "https",
      "default-live-app-name" : "order-app-db-deployer",
      "default-live-domain" : "cfapps.us10-001.hana.ondemand.com",
      "dependency-type" : "hard",
      "domain" : "cfapps.us10-001.hana.ondemand.com",
      "host" : "d0df43b9trial-dev-order-app-db-deployer",
      "generated-user" : "********",
      "tasks" : [ {
        "command" : "npm start",
        "memory" : "256M",
        "name" : "deploy"
      } ],
      "no-start" : true
    },
    "requiredDependencies" : [ {
      "majorSchemaVersion" : 3,
      "name" : "order-app-db",
      "properties" : { },
      "parameters" : { },
      "propertiesMetadata" : {
        "metadata" : { }
      },
      "parametersMetadata" : {
        "metadata" : { }
      }
    } ],
    "providedDependencies" : [ {
      "majorSchemaVersion" : 3,
      "name" : "order-app-db-deployer",
      "isPublic" : false,
      "properties" : { },
      "parameters" : { },
      "propertiesMetadata" : {
        "metadata" : { }
      },
      "parametersMetadata" : {
        "metadata" : { }
      }
    } ],
    "propertiesMetadata" : {
      "metadata" : { }
    },
    "parametersMetadata" : {
      "metadata" : { }
    },
    "hooks" : [ ]
  }, {
    "majorSchemaVersion" : 3,
    "name" : "order-app-destination-content",
    "type" : "com.sap.application.content",
    "properties" : { },
    "parameters" : {
      "default-url" : "https://d0df43b9trial-dev-order-app-destination-content.cfapps.us10-001.hana.ondemand.com",
      "default-app-name" : "order-app-destination-content",
      "generated-password" : "********",
      "default-live-url" : "https://d0df43b9trial-dev-order-app-destination-content.cfapps.us10-001.hana.ondemand.com",
      "default-uri" : "d0df43b9trial-dev-order-app-destination-content.cfapps.us10-001.hana.ondemand.com",
      "default-instances" : 1,
      "default-live-host" : "d0df43b9trial-dev-order-app-destination-content",
      "instances" : 1,
      "default-host" : "d0df43b9trial-dev-order-app-destination-content",
      "content" : {
        "instance" : {
          "destinations" : [ {
            "Name" : "orderappcapmrouter_order_app_html_repo_host",
            "ServiceInstanceName" : "order-app-html5-app-host-service",
            "ServiceKeyName" : "********",
            "sap.cloud.service" : "orderappcapmrouter"
          }, {
            "Authentication" : "********",
            "Name" : "orderappcapmrouter_uaa_order_app",
            "ServiceInstanceName" : "order-app-xsuaa-service",
            "ServiceKeyName" : "********",
            "sap.cloud.service" : "orderappcapmrouter"
          } ],
          "existing_destinations_policy" : "ignore"
        }
      },
      "app-name" : "order-app-destination-content",
      "default-live-uri" : "d0df43b9trial-dev-order-app-destination-content.cfapps.us10-001.hana.ondemand.com",
      "protocol" : "https",
      "default-live-app-name" : "order-app-destination-content",
      "default-live-domain" : "cfapps.us10-001.hana.ondemand.com",
      "domain" : "cfapps.us10-001.hana.ondemand.com",
      "host" : "d0df43b9trial-dev-order-app-destination-content",
      "generated-user" : "********"
    },
    "requiredDependencies" : [ {
      "majorSchemaVersion" : 3,
      "name" : "order-app-destination-service",
      "properties" : { },
      "parameters" : {
        "content-target" : true
      },
      "propertiesMetadata" : {
        "metadata" : { }
      },
      "parametersMetadata" : {
        "metadata" : { }
      }
    }, {
      "majorSchemaVersion" : 3,
      "name" : "order-app_html_repo_host",
      "properties" : { },
      "parameters" : {
        "service-key" : "********"
      },
      "propertiesMetadata" : {
        "metadata" : { }
      },
      "parametersMetadata" : {
        "metadata" : { }
      }
    }, {
      "majorSchemaVersion" : 3,
      "name" : "uaa_order-app",
      "properties" : { },
      "parameters" : {
        "service-key" : "********"
      },
      "propertiesMetadata" : {
        "metadata" : { }
      },
      "parametersMetadata" : {
        "metadata" : { }
      }
    } ],
    "providedDependencies" : [ {
      "majorSchemaVersion" : 3,
      "name" : "order-app-destination-content",
      "isPublic" : false,
      "properties" : { },
      "parameters" : { },
      "propertiesMetadata" : {
        "metadata" : { }
      },
      "parametersMetadata" : {
        "metadata" : { }
      }
    } ],
    "propertiesMetadata" : {
      "metadata" : { }
    },
    "parametersMetadata" : {
      "metadata" : { }
    },
    "hooks" : [ ]
  }, {
    "majorSchemaVersion" : 3,
    "name" : "order-app-app-content",
    "type" : "com.sap.application.content",
    "path" : "order-app-app-content",
    "properties" : { },
    "parameters" : {
      "default-url" : "https://d0df43b9trial-dev-order-app-app-content.cfapps.us10-001.hana.ondemand.com",
      "default-app-name" : "order-app-app-content",
      "generated-password" : "********",
      "default-live-url" : "https://d0df43b9trial-dev-order-app-app-content.cfapps.us10-001.hana.ondemand.com",
      "default-uri" : "d0df43b9trial-dev-order-app-app-content.cfapps.us10-001.hana.ondemand.com",
      "default-instances" : 1,
      "default-live-host" : "d0df43b9trial-dev-order-app-app-content",
      "instances" : 1,
      "default-host" : "d0df43b9trial-dev-order-app-app-content",
      "app-name" : "order-app-app-content",
      "default-live-uri" : "d0df43b9trial-dev-order-app-app-content.cfapps.us10-001.hana.ondemand.com",
      "protocol" : "https",
      "default-live-app-name" : "order-app-app-content",
      "default-live-domain" : "cfapps.us10-001.hana.ondemand.com",
      "domain" : "cfapps.us10-001.hana.ondemand.com",
      "host" : "d0df43b9trial-dev-order-app-app-content",
      "generated-user" : "********"
    },
    "requiredDependencies" : [ {
      "majorSchemaVersion" : 3,
      "name" : "order-app_html_repo_host",
      "properties" : { },
      "parameters" : {
        "content-target" : true
      },
      "propertiesMetadata" : {
        "metadata" : { }
      },
      "parametersMetadata" : {
        "metadata" : { }
      }
    } ],
    "providedDependencies" : [ {
      "majorSchemaVersion" : 3,
      "name" : "order-app-app-content",
      "isPublic" : false,
      "properties" : { },
      "parameters" : { },
      "propertiesMetadata" : {
        "metadata" : { }
      },
      "parametersMetadata" : {
        "metadata" : { }
      }
    } ],
    "propertiesMetadata" : {
      "metadata" : { }
    },
    "parametersMetadata" : {
      "metadata" : { }
    },
    "hooks" : [ ]
  } ],
  "resources" : [ {
    "majorSchemaVersion" : 3,
    "name" : "order-app-db",
    "type" : "com.sap.xs.hdi-container",
    "properties" : { },
    "parameters" : {
      "generated-password" : "********",
      "service-name" : "order-app-db",
      "service-plan" : "hdi-shared",
      "service" : "hana",
      "generated-user" : "********",
      "default-xsappname" : "order-app-db",
      "type" : "managed-service",
      "default-service-name" : "order-app-db",
      "default-container-name" : "D0DF43B9TRIAL_DEV_ORDER_APP_DB"
    },
    "isActive" : true,
    "isOptional" : false,
    "propertiesMetadata" : {
      "metadata" : { }
    },
    "parametersMetadata" : {
      "metadata" : { }
    },
    "requiredDependencies" : [ ],
    "processedAfter" : [ ]
  }, {
    "majorSchemaVersion" : 3,
    "name" : "order-app-destination-service",
    "type" : "org.cloudfoundry.managed-service",
    "properties" : { },
    "parameters" : {
      "generated-password" : "********",
      "service-name" : "order-app-destination-service",
      "service-plan" : "lite",
      "service" : "destination",
      "generated-user" : "********",
      "default-xsappname" : "order-app-destination-service",
      "type" : "managed-service",
      "config" : {
        "HTML5Runtime_enabled" : true,
        "init_data" : {
          "instance" : {
            "destinations" : [ {
              "Authentication" : "********",
              "Name" : "ui5",
              "ProxyType" : "Internet",
              "Type" : "HTTP",
              "URL" : "https://ui5.sap.com"
            }, {
              "Authentication" : "********",
              "HTML5.DynamicDestination" : true,
              "HTML5.ForwardAuthToken" : "********",
              "Name" : "srv-api",
              "ProxyType" : "Internet",
              "Type" : "HTTP",
              "URL" : "https://d0df43b9trial-dev-order-app-srv.cfapps.us10-001.hana.ondemand.com"
            } ],
            "existing_destinations_policy" : "update"
          }
        },
        "version" : "1.0.0"
      },
      "default-service-name" : "order-app-destination-service",
      "default-container-name" : "D0DF43B9TRIAL_DEV_ORDER_APP_DESTINATION_SERVICE"
    },
    "isActive" : true,
    "isOptional" : false,
    "propertiesMetadata" : {
      "metadata" : { }
    },
    "parametersMetadata" : {
      "metadata" : { }
    },
    "requiredDependencies" : [ {
      "majorSchemaVersion" : 3,
      "name" : "srv-api",
      "properties" : { },
      "parameters" : { },
      "propertiesMetadata" : {
        "metadata" : { }
      },
      "parametersMetadata" : {
        "metadata" : { }
      }
    } ],
    "processedAfter" : [ ]
  }, {
    "majorSchemaVersion" : 3,
    "name" : "order-app_html_repo_host",
    "type" : "org.cloudfoundry.managed-service",
    "properties" : { },
    "parameters" : {
      "generated-password" : "********",
      "service-name" : "order-app-html5-app-host-service",
      "service-plan" : "app-host",
      "service" : "html5-apps-repo",
      "generated-user" : "********",
      "default-xsappname" : "order-app_html_repo_host",
      "type" : "managed-service",
      "default-service-name" : "order-app_html_repo_host",
      "default-container-name" : "D0DF43B9TRIAL_DEV_ORDER_APP_HTML_REPO_HOST"
    },
    "isActive" : true,
    "isOptional" : false,
    "propertiesMetadata" : {
      "metadata" : { }
    },
    "parametersMetadata" : {
      "metadata" : { }
    },
    "requiredDependencies" : [ ],
    "processedAfter" : [ ]
  }, {
    "majorSchemaVersion" : 3,
    "name" : "uaa_order-app",
    "type" : "org.cloudfoundry.managed-service",
    "properties" : { },
    "parameters" : {
      "generated-password" : "********",
      "path" : "./xs-security.json",
      "service-name" : "order-app-xsuaa-service",
      "service-plan" : "application",
      "service" : "xsuaa",
      "generated-user" : "********",
      "default-xsappname" : "uaa_order-app",
      "type" : "managed-service",
      "default-service-name" : "uaa_order-app",
      "default-container-name" : "D0DF43B9TRIAL_DEV_UAA_ORDER_APP"
    },
    "isActive" : true,
    "isOptional" : false,
    "propertiesMetadata" : {
      "metadata" : { }
    },
    "parametersMetadata" : {
      "metadata" : { }
    },
    "requiredDependencies" : [ ],
    "processedAfter" : [ ]
  } ],
  "parameters" : {
    "deploy_mode" : "html5-repo",
    "mta-id" : "order-app",
    "authorization-url" : "********",
    "org-guid" : "188e7b36-f870-46ac-b4b4-fcdce414afb1",
    "org" : "d0df43b9trial",
    "deploy-target" : "d0df43b9trial dev",
    "enable-parallel-deployments" : true,
    "region-primary-domain" : "us10.hana.ondemand.com",
    "space" : "dev",
    "region-domain" : "us10-001.hana.ondemand.com",
    "xs-api-url" : "https://api.cf.us10-001.hana.ondemand.com",
    "deploy-url" : "deploy-service.cfapps.us10-001.hana.ondemand.com",
    "xs-type" : "CF",
    "default-domain" : "cfapps.us10-001.hana.ondemand.com",
    "mta-version" : "1.0.0",
    "xs-auth-url" : "********",
    "space-guid" : "383e080d-c4c5-4598-b9e9-72e78ff581ba",
    "user" : "********",
    "controller-url" : "https://api.cf.us10-001.hana.ondemand.com",
    "timestamp" : "20260907110443"
  },
  "parametersMetadata" : {
    "metadata" : { }
  }
}#
#2026 09 07 11:04:45.154#Z#DEBUG#ee464cf9-aaab-11f1-a0e6-eeee0a85092e.OPERATION#flowable-async-job-executor-thread-16875#
[ProcessDescriptorStep] Merged descriptor properties and parameters resolved#
#2026 09 07 11:04:45.154#Z#DEBUG#ee464cf9-aaab-11f1-a0e6-eeee0a85092e.OPERATION#flowable-async-job-executor-thread-16875#
Step "Process Descriptor Step" finished#
#2026 09 07 11:04:45.190#Z#DEBUG#ee464cf9-aaab-11f1-a0e6-eeee0a85092e.OPERATION#flowable-async-job-executor-thread-16877#
[XS2BuildCloudDeployModelStep] Executing task "buildDeployModelTask" of process "ee464d1f-aaab-11f1-a0e6-eeee0a85092e"...#
#2026 09 07 11:04:45.194#Z#DEBUG#ee464cf9-aaab-11f1-a0e6-eeee0a85092e.OPERATION#flowable-async-job-executor-thread-16877#
[XS2BuildCloudDeployModelStep] Service keys defined for content deployment grouped by service name: {
  "order-app_html_repo_host" : [ {
    "name" : "********",
    "v3Metadata" : {
      "annotations" : {
        "mta_id" : "order-app",
        "mta_version" : "1.0.0"
      },
      "labels" : {
        "mta_id" : "33cc615c0a0cb5d846a89cec7b1919bf",
        "space_guid" : "383e080d-c4c5-4598-b9e9-72e78ff581ba"
      }
    },
    "credentials" : "********",
    "moduleName" : "order-app-destination-content",
    "resourceName" : "order-app_html_repo_host",
    "serviceInstance" : {
      "isOptional" : false,
      "isManaged" : false,
      "name" : "order-app-html5-app-host-service",
      "credentials" : "********",
      "tags" : [ ],
      "shouldSkipParametersUpdate" : false,
      "shouldSkipPlanUpdate" : false,
      "shouldSkipTagsUpdate" : false,
      "shouldSkipSyslogUrlUpdate" : false
    },
    "shouldDeleteServiceKeyAfterDeploy" : "********",
    "resourceType" : "org.cloudfoundry.managed-service"
  }, {
    "name" : "********",
    "v3Metadata" : {
      "annotations" : {
        "mta_id" : "order-app",
        "mta_version" : "1.0.0"
      },
      "labels" : {
        "mta_id" : "33cc615c0a0cb5d846a89cec7b1919bf",
        "space_guid" : "383e080d-c4c5-4598-b9e9-72e78ff581ba"
      }
    },
    "credentials" : "********",
    "moduleName" : "order-app-app-content",
    "resourceName" : "order-app_html_repo_host",
    "serviceInstance" : {
      "isOptional" : false,
      "isManaged" : false,
      "name" : "order-app-html5-app-host-service",
      "credentials" : "********",
      "tags" : [ ],
      "shouldSkipParametersUpdate" : false,
      "shouldSkipPlanUpdate" : false,
      "shouldSkipTagsUpdate" : false,
      "shouldSkipSyslogUrlUpdate" : false
    },
    "shouldDeleteServiceKeyAfterDeploy" : "********",
    "resourceType" : "org.cloudfoundry.managed-service"
  } ],
  "order-app-destination-service" : [ {
    "name" : "********",
    "v3Metadata" : {
      "annotations" : {
        "mta_id" : "order-app",
        "mta_version" : "1.0.0"
      },
      "labels" : {
        "mta_id" : "33cc615c0a0cb5d846a89cec7b1919bf",
        "space_guid" : "383e080d-c4c5-4598-b9e9-72e78ff581ba"
      }
    },
    "credentials" : "********",
    "moduleName" : "order-app-destination-content",
    "resourceName" : "order-app-destination-service",
    "serviceInstance" : {
      "isOptional" : false,
      "isManaged" : false,
      "name" : "order-app-destination-service",
      "credentials" : "********",
      "tags" : [ ],
      "shouldSkipParametersUpdate" : false,
      "shouldSkipPlanUpdate" : false,
      "shouldSkipTagsUpdate" : false,
      "shouldSkipSyslogUrlUpdate" : false
    },
    "shouldDeleteServiceKeyAfterDeploy" : "********",
    "resourceType" : "org.cloudfoundry.managed-service"
  } ],
  "uaa_order-app" : [ {
    "name" : "********",
    "v3Metadata" : {
      "annotations" : {
        "mta_id" : "order-app",
        "mta_version" : "1.0.0"
      },
      "labels" : {
        "mta_id" : "33cc615c0a0cb5d846a89cec7b1919bf",
        "space_guid" : "383e080d-c4c5-4598-b9e9-72e78ff581ba"
      }
    },
    "credentials" : "********",
    "moduleName" : "order-app-destination-content",
    "resourceName" : "uaa_order-app",
    "serviceInstance" : {
      "isOptional" : false,
      "isManaged" : false,
      "name" : "order-app-xsuaa-service",
      "credentials" : "********",
      "tags" : [ ],
      "shouldSkipParametersUpdate" : false,
      "shouldSkipPlanUpdate" : false,
      "shouldSkipTagsUpdate" : false,
      "shouldSkipSyslogUrlUpdate" : false
    },
    "shouldDeleteServiceKeyAfterDeploy" : "********",
    "resourceType" : "org.cloudfoundry.managed-service"
  } ]
}#
#2026 09 07 11:04:45.194#Z#DEBUG#ee464cf9-aaab-11f1-a0e6-eeee0a85092e.OPERATION#flowable-async-job-executor-thread-16877#
[XS2BuildCloudDeployModelStep] Building cloud deployment model...#
#2026 09 07 11:04:45.195#Z#DEBUG#ee464cf9-aaab-11f1-a0e6-eeee0a85092e.OPERATION#flowable-async-job-executor-thread-16877#
[XS2BuildCloudDeployModelStep] MTA archive modules: [order-app-db-deployer, order-app-app-content, order-app-srv]#
#2026 09 07 11:04:45.195#Z#DEBUG#ee464cf9-aaab-11f1-a0e6-eeee0a85092e.OPERATION#flowable-async-job-executor-thread-16877#
[XS2BuildCloudDeployModelStep] Deployed modules: []#
#2026 09 07 11:04:45.196#Z#DEBUG#ee464cf9-aaab-11f1-a0e6-eeee0a85092e.OPERATION#flowable-async-job-executor-thread-16877#
[XS2BuildCloudDeployModelStep] MTA modules: [order-app-db-deployer, order-app-app-content, order-app-srv, order-app-destination-content]#
#2026 09 07 11:04:45.196#Z#DEBUG#ee464cf9-aaab-11f1-a0e6-eeee0a85092e.OPERATION#flowable-async-job-executor-thread-16877#
[XS2BuildCloudDeployModelStep] Service keys to create: {
  "order-app_html_repo_host" : [ ],
  "order-app-destination-service" : [ ],
  "order-app-db" : [ ],
  "uaa_order-app" : [ ]
}#
#2026 09 07 11:04:45.198#Z#DEBUG#ee464cf9-aaab-11f1-a0e6-eeee0a85092e.OPERATION#flowable-async-job-executor-thread-16877#
[XS2BuildCloudDeployModelStep] Modules to deploy: [{
  "majorSchemaVersion" : 3,
  "name" : "order-app-srv",
  "type" : "javascript.nodejs",
  "path" : "order-app-srv",
  "properties" : { },
  "parameters" : {
    "default-url" : "https://d0df43b9trial-dev-order-app-srv.cfapps.us10-001.hana.ondemand.com",
    "default-app-name" : "order-app-srv",
    "generated-password" : "********",
    "default-live-url" : "https://d0df43b9trial-dev-order-app-srv.cfapps.us10-001.hana.ondemand.com",
    "default-uri" : "d0df43b9trial-dev-order-app-srv.cfapps.us10-001.hana.ondemand.com",
    "default-instances" : 1,
    "default-live-host" : "d0df43b9trial-dev-order-app-srv",
    "instances" : 1,
    "buildpack" : "nodejs_buildpack",
    "default-host" : "d0df43b9trial-dev-order-app-srv",
    "app-name" : "order-app-srv",
    "default-live-uri" : "d0df43b9trial-dev-order-app-srv.cfapps.us10-001.hana.ondemand.com",
    "protocol" : "https",
    "default-live-app-name" : "order-app-srv",
    "default-live-domain" : "cfapps.us10-001.hana.ondemand.com",
    "dependency-type" : "soft",
    "domain" : "cfapps.us10-001.hana.ondemand.com",
    "host" : "d0df43b9trial-dev-order-app-srv",
    "generated-user" : "********"
  },
  "requiredDependencies" : [ {
    "majorSchemaVersion" : 3,
    "name" : "order-app-db",
    "properties" : { },
    "parameters" : { },
    "propertiesMetadata" : {
      "metadata" : { }
    },
    "parametersMetadata" : {
      "metadata" : { }
    }
  }, {
    "majorSchemaVersion" : 3,
    "name" : "uaa_order-app",
    "properties" : { },
    "parameters" : { },
    "propertiesMetadata" : {
      "metadata" : { }
    },
    "parametersMetadata" : {
      "metadata" : { }
    }
  } ],
  "providedDependencies" : [ {
    "majorSchemaVersion" : 3,
    "name" : "srv-api",
    "isPublic" : false,
    "properties" : {
      "srv-url" : "https://d0df43b9trial-dev-order-app-srv.cfapps.us10-001.hana.ondemand.com"
    },
    "parameters" : { },
    "propertiesMetadata" : {
      "metadata" : { }
    },
    "parametersMetadata" : {
      "metadata" : { }
    }
  }, {
    "majorSchemaVersion" : 3,
    "name" : "order-app-srv",
    "isPublic" : false,
    "properties" : { },
    "parameters" : { },
    "propertiesMetadata" : {
      "metadata" : { }
    },
    "parametersMetadata" : {
      "metadata" : { }
    }
  } ],
  "propertiesMetadata" : {
    "metadata" : { }
  },
  "parametersMetadata" : {
    "metadata" : { }
  },
  "deployedAfter" : [ ],
  "hooks" : [ ]
}, {
  "majorSchemaVersion" : 3,
  "name" : "order-app-db-deployer",
  "type" : "com.sap.xs.hdi",
  "path" : "order-app-db-deployer",
  "properties" : {
    "EXIT" : 1
  },
  "parameters" : {
    "default-url" : "https://d0df43b9trial-dev-order-app-db-deployer.cfapps.us10-001.hana.ondemand.com",
    "default-app-name" : "order-app-db-deployer",
    "generated-password" : "********",
    "default-live-url" : "https://d0df43b9trial-dev-order-app-db-deployer.cfapps.us10-001.hana.ondemand.com",
    "default-uri" : "d0df43b9trial-dev-order-app-db-deployer.cfapps.us10-001.hana.ondemand.com",
    "memory" : "256M",
    "default-instances" : 1,
    "no-route" : true,
    "default-live-host" : "d0df43b9trial-dev-order-app-db-deployer",
    "instances" : 1,
    "buildpack" : "nodejs_buildpack",
    "default-host" : "d0df43b9trial-dev-order-app-db-deployer",
    "app-name" : "order-app-db-deployer",
    "default-live-uri" : "d0df43b9trial-dev-order-app-db-deployer.cfapps.us10-001.hana.ondemand.com",
    "protocol" : "https",
    "default-live-app-name" : "order-app-db-deployer",
    "default-live-domain" : "cfapps.us10-001.hana.ondemand.com",
    "dependency-type" : "hard",
    "domain" : "cfapps.us10-001.hana.ondemand.com",
    "host" : "d0df43b9trial-dev-order-app-db-deployer",
    "generated-user" : "********",
    "tasks" : [ {
      "command" : "npm start",
      "memory" : "256M",
      "name" : "deploy"
    } ],
    "no-start" : true
  },
  "requiredDependencies" : [ {
    "majorSchemaVersion" : 3,
    "name" : "order-app-db",
    "properties" : { },
    "parameters" : { },
    "propertiesMetadata" : {
      "metadata" : { }
    },
    "parametersMetadata" : {
      "metadata" : { }
    }
  } ],
  "providedDependencies" : [ {
    "majorSchemaVersion" : 3,
    "name" : "order-app-db-deployer",
    "isPublic" : false,
    "properties" : { },
    "parameters" : { },
    "propertiesMetadata" : {
      "metadata" : { }
    },
    "parametersMetadata" : {
      "metadata" : { }
    }
  } ],
  "propertiesMetadata" : {
    "metadata" : { }
  },
  "parametersMetadata" : {
    "metadata" : { }
  },
  "deployedAfter" : [ ],
  "hooks" : [ ]
}, {
  "majorSchemaVersion" : 3,
  "name" : "order-app-destination-content",
  "type" : "com.sap.application.content",
  "properties" : { },
  "parameters" : {
    "default-url" : "https://d0df43b9trial-dev-order-app-destination-content.cfapps.us10-001.hana.ondemand.com",
    "default-app-name" : "order-app-destination-content",
    "generated-password" : "********",
    "default-live-url" : "https://d0df43b9trial-dev-order-app-destination-content.cfapps.us10-001.hana.ondemand.com",
    "default-uri" : "d0df43b9trial-dev-order-app-destination-content.cfapps.us10-001.hana.ondemand.com",
    "default-instances" : 1,
    "default-live-host" : "d0df43b9trial-dev-order-app-destination-content",
    "instances" : 1,
    "default-host" : "d0df43b9trial-dev-order-app-destination-content",
    "content" : {
      "instance" : {
        "destinations" : [ {
          "Name" : "orderappcapmrouter_order_app_html_repo_host",
          "ServiceInstanceName" : "order-app-html5-app-host-service",
          "ServiceKeyName" : "********",
          "sap.cloud.service" : "orderappcapmrouter"
        }, {
          "Authentication" : "********",
          "Name" : "orderappcapmrouter_uaa_order_app",
          "ServiceInstanceName" : "order-app-xsuaa-service",
          "ServiceKeyName" : "********",
          "sap.cloud.service" : "orderappcapmrouter"
        } ],
        "existing_destinations_policy" : "ignore"
      }
    },
    "app-name" : "order-app-destination-content",
    "default-live-uri" : "d0df43b9trial-dev-order-app-destination-content.cfapps.us10-001.hana.ondemand.com",
    "protocol" : "https",
    "default-live-app-name" : "order-app-destination-content",
    "default-live-domain" : "cfapps.us10-001.hana.ondemand.com",
    "dependency-type" : "soft",
    "domain" : "cfapps.us10-001.hana.ondemand.com",
    "host" : "d0df43b9trial-dev-order-app-destination-content",
    "generated-user" : "********"
  },
  "requiredDependencies" : [ {
    "majorSchemaVersion" : 3,
    "name" : "order-app-destination-service",
    "properties" : { },
    "parameters" : {
      "content-target" : true
    },
    "propertiesMetadata" : {
      "metadata" : { }
    },
    "parametersMetadata" : {
      "metadata" : { }
    }
  }, {
    "majorSchemaVersion" : 3,
    "name" : "order-app_html_repo_host",
    "properties" : { },
    "parameters" : {
      "service-key" : "********"
    },
    "propertiesMetadata" : {
      "metadata" : { }
    },
    "parametersMetadata" : {
      "metadata" : { }
    }
  }, {
    "majorSchemaVersion" : 3,
    "name" : "uaa_order-app",
    "properties" : { },
    "parameters" : {
      "service-key" : "********"
    },
    "propertiesMetadata" : {
      "metadata" : { }
    },
    "parametersMetadata" : {
      "metadata" : { }
    }
  } ],
  "providedDependencies" : [ {
    "majorSchemaVersion" : 3,
    "name" : "order-app-destination-content",
    "isPublic" : false,
    "properties" : { },
    "parameters" : { },
    "propertiesMetadata" : {
      "metadata" : { }
    },
    "parametersMetadata" : {
      "metadata" : { }
    }
  } ],
  "propertiesMetadata" : {
    "metadata" : { }
  },
  "parametersMetadata" : {
    "metadata" : { }
  },
  "deployedAfter" : [ ],
  "hooks" : [ ]
}, {
  "majorSchemaVersion" : 3,
  "name" : "order-app-app-content",
  "type" : "com.sap.application.content",
  "path" : "order-app-app-content",
  "properties" : { },
  "parameters" : {
    "default-url" : "https://d0df43b9trial-dev-order-app-app-content.cfapps.us10-001.hana.ondemand.com",
    "default-app-name" : "order-app-app-content",
    "generated-password" : "********",
    "default-live-url" : "https://d0df43b9trial-dev-order-app-app-content.cfapps.us10-001.hana.ondemand.com",
    "default-uri" : "d0df43b9trial-dev-order-app-app-content.cfapps.us10-001.hana.ondemand.com",
    "default-instances" : 1,
    "default-live-host" : "d0df43b9trial-dev-order-app-app-content",
    "instances" : 1,
    "default-host" : "d0df43b9trial-dev-order-app-app-content",
    "app-name" : "order-app-app-content",
    "default-live-uri" : "d0df43b9trial-dev-order-app-app-content.cfapps.us10-001.hana.ondemand.com",
    "protocol" : "https",
    "default-live-app-name" : "order-app-app-content",
    "default-live-domain" : "cfapps.us10-001.hana.ondemand.com",
    "dependency-type" : "soft",
    "domain" : "cfapps.us10-001.hana.ondemand.com",
    "host" : "d0df43b9trial-dev-order-app-app-content",
    "generated-user" : "********"
  },
  "requiredDependencies" : [ {
    "majorSchemaVersion" : 3,
    "name" : "order-app_html_repo_host",
    "properties" : { },
    "parameters" : {
      "content-target" : true
    },
    "propertiesMetadata" : {
      "metadata" : { }
    },
    "parametersMetadata" : {
      "metadata" : { }
    }
  } ],
  "providedDependencies" : [ {
    "majorSchemaVersion" : 3,
    "name" : "order-app-app-content",
    "isPublic" : false,
    "properties" : { },
    "parameters" : { },
    "propertiesMetadata" : {
      "metadata" : { }
    },
    "parametersMetadata" : {
      "metadata" : { }
    }
  } ],
  "propertiesMetadata" : {
    "metadata" : { }
  },
  "parametersMetadata" : {
    "metadata" : { }
  },
  "deployedAfter" : [ ],
  "hooks" : [ ]
}]#
#2026 09 07 11:04:45.198#Z#DEBUG#ee464cf9-aaab-11f1-a0e6-eeee0a85092e.OPERATION#flowable-async-job-executor-thread-16877#
[XS2BuildCloudDeployModelStep] Custom domains: []#
#2026 09 07 11:04:45.202#Z#DEBUG#ee464cf9-aaab-11f1-a0e6-eeee0a85092e.OPERATION#flowable-async-job-executor-thread-16877#
[XS2BuildCloudDeployModelStep] Calculating resource batches...#
#2026 09 07 11:04:45.202#Z#DEBUG#ee464cf9-aaab-11f1-a0e6-eeee0a85092e.OPERATION#flowable-async-job-executor-thread-16877#
[XS2BuildCloudDeployModelStep] Calculating resource batches completed.#
#2026 09 07 11:04:45.202#Z#DEBUG#ee464cf9-aaab-11f1-a0e6-eeee0a85092e.OPERATION#flowable-async-job-executor-thread-16877#
[XS2BuildCloudDeployModelStep] Cloud deployment model built#
#2026 09 07 11:04:45.202#Z#DEBUG#ee464cf9-aaab-11f1-a0e6-eeee0a85092e.OPERATION#flowable-async-job-executor-thread-16877#
Step "Build Deploy Model" finished#
#2026 09 07 11:04:45.243#Z#DEBUG#ee464cf9-aaab-11f1-a0e6-eeee0a85092e.OPERATION#flowable-async-job-executor-thread-16878#
[BuildCloudUndeployModelStep] Executing task "buildUndeployModelTask" of process "ee464d1f-aaab-11f1-a0e6-eeee0a85092e"...#
#2026 09 07 11:04:45.244#Z#DEBUG#ee464cf9-aaab-11f1-a0e6-eeee0a85092e.OPERATION#flowable-async-job-executor-thread-16878#
[BuildCloudUndeployModelStep] Building cloud undeployment model...#
#2026 09 07 11:04:45.245#Z#DEBUG#ee464cf9-aaab-11f1-a0e6-eeee0a85092e.OPERATION#flowable-async-job-executor-thread-16878#
[BuildCloudUndeployModelStep] Detecting service keys to delete.#
#2026 09 07 11:04:45.246#Z#DEBUG#ee464cf9-aaab-11f1-a0e6-eeee0a85092e.OPERATION#flowable-async-job-executor-thread-16878#
[BuildCloudUndeployModelStep] No deployed service keys detected!#
#2026 09 07 11:04:45.246#Z#DEBUG#ee464cf9-aaab-11f1-a0e6-eeee0a85092e.OPERATION#flowable-async-job-executor-thread-16878#
[BuildCloudUndeployModelStep] Detected service keys to delete "[]"#
#2026 09 07 11:04:45.249#Z#DEBUG#ee464cf9-aaab-11f1-a0e6-eeee0a85092e.OPERATION#flowable-async-job-executor-thread-16878#
Step "Build Undeploy Model" finished#
#2026 09 07 11:04:45.283#Z#DEBUG#ee464cf9-aaab-11f1-a0e6-eeee0a85092e.OPERATION#flowable-async-job-executor-thread-16878#
[AddDomainsStep] Executing task "addDomainsTask" of process "ee464d1f-aaab-11f1-a0e6-eeee0a85092e"...#
#2026 09 07 11:04:45.285#Z#DEBUG#ee464cf9-aaab-11f1-a0e6-eeee0a85092e.OPERATION#flowable-async-job-executor-thread-16878#
[AddDomainsStep] Custom domains: []#
#2026 09 07 11:04:45.285#Z#DEBUG#ee464cf9-aaab-11f1-a0e6-eeee0a85092e.OPERATION#flowable-async-job-executor-thread-16878#
Step "Add Domains" finished#
#2026 09 07 11:04:45.683#Z#DEBUG#ee464cf9-aaab-11f1-a0e6-eeee0a85092e.OPERATION#flowable-async-job-executor-thread-16881#
[ExtractBatchedServicesWithResolvedDynamicParametersStep] Executing task "prepareModulesDeploymentTask" of process "ef227c03-aaab-11f1-a0e6-eeee0a85092e"...#
#2026 09 07 11:04:45.684#Z#DEBUG#ee464cf9-aaab-11f1-a0e6-eeee0a85092e.OPERATION#flowable-async-job-executor-thread-16881#
[ExtractBatchedServicesWithResolvedDynamicParametersStep] Extracting services and resolving dynamic parameters from batch#
#2026 09 07 11:04:45.685#Z#DEBUG#ee464cf9-aaab-11f1-a0e6-eeee0a85092e.OPERATION#flowable-async-job-executor-thread-16881#
[ExtractBatchedServicesWithResolvedDynamicParametersStep] Services to create: [ {
  "isOptional" : false,
  "isManaged" : true,
  "name" : "order-app-db",
  "v3Metadata" : {
    "annotations" : {
      "mta_id" : "order-app",
      "mta_version" : "1.0.0",
      "mta_resource" : "{\"name\":\"order-app-db\"}"
    },
    "labels" : {
      "mta_id" : "33cc615c0a0cb5d846a89cec7b1919bf"
    }
  },
  "label" : "hana",
  "plan" : "hdi-shared",
  "credentials" : "********",
  "tags" : [ ],
  "type" : "managed",
  "resourceName" : "order-app-db",
  "shouldSkipParametersUpdate" : false,
  "shouldSkipPlanUpdate" : false,
  "shouldSkipTagsUpdate" : false,
  "shouldSkipSyslogUrlUpdate" : false
}, {
  "isOptional" : false,
  "isManaged" : true,
  "name" : "order-app-destination-service",
  "v3Metadata" : {
    "annotations" : {
      "mta_id" : "order-app",
      "mta_version" : "1.0.0",
      "mta_resource" : "{\"name\":\"order-app-destination-service\"}"
    },
    "labels" : {
      "mta_id" : "33cc615c0a0cb5d846a89cec7b1919bf"
    }
  },
  "label" : "destination",
  "plan" : "lite",
  "credentials" : "********",
  "tags" : [ ],
  "type" : "managed",
  "resourceName" : "order-app-destination-service",
  "shouldSkipParametersUpdate" : false,
  "shouldSkipPlanUpdate" : false,
  "shouldSkipTagsUpdate" : false,
  "shouldSkipSyslogUrlUpdate" : false
}, {
  "isOptional" : false,
  "isManaged" : true,
  "name" : "order-app-html5-app-host-service",
  "v3Metadata" : {
    "annotations" : {
      "mta_id" : "order-app",
      "mta_version" : "1.0.0",
      "mta_resource" : "{\"name\":\"order-app_html_repo_host\"}"
    },
    "labels" : {
      "mta_id" : "33cc615c0a0cb5d846a89cec7b1919bf"
    }
  },
  "label" : "html5-apps-repo",
  "plan" : "app-host",
  "credentials" : "********",
  "tags" : [ ],
  "type" : "managed",
  "resourceName" : "order-app_html_repo_host",
  "shouldSkipParametersUpdate" : false,
  "shouldSkipPlanUpdate" : false,
  "shouldSkipTagsUpdate" : false,
  "shouldSkipSyslogUrlUpdate" : false
}, {
  "isOptional" : false,
  "isManaged" : true,
  "name" : "order-app-xsuaa-service",
  "v3Metadata" : {
    "annotations" : {
      "mta_id" : "order-app",
      "mta_version" : "1.0.0",
      "mta_resource" : "{\"name\":\"uaa_order-app\"}"
    },
    "labels" : {
      "mta_id" : "33cc615c0a0cb5d846a89cec7b1919bf"
    }
  },
  "label" : "xsuaa",
  "plan" : "application",
  "credentials" : "********",
  "tags" : [ ],
  "type" : "managed",
  "resourceName" : "uaa_order-app",
  "shouldSkipParametersUpdate" : false,
  "shouldSkipPlanUpdate" : false,
  "shouldSkipTagsUpdate" : false,
  "shouldSkipSyslogUrlUpdate" : false
} ]#
#2026 09 07 11:04:45.686#Z#DEBUG#ee464cf9-aaab-11f1-a0e6-eeee0a85092e.OPERATION#flowable-async-job-executor-thread-16881#
Step "Extract Services with Resolved Dynamic parameters from batch" finished#
#2026 09 07 11:04:45.776#Z#DEBUG#ee464cf9-aaab-11f1-a0e6-eeee0a85092e.OPERATION#flowable-async-job-executor-thread-16881#
[CheckServiceOperationStateStep] Executing task "CheckServiceOperationStateTask" of process "ef5f854e-aaab-11f1-a0e6-eeee0a85092e"...#
#2026 09 07 11:04:45.777#Z#DEBUG#ee464cf9-aaab-11f1-a0e6-eeee0a85092e.OPERATION#flowable-async-job-executor-thread-16881#
[CheckServiceOperationStateStep] Getting service instance "order-app-db"...#
#2026 09 07 11:04:45.802#Z#DEBUG#ee464cf9-aaab-11f1-a0e6-eeee0a85092e.OPERATION#flowable-async-job-executor-thread-16881#
Step "Check for service operations in Progress" finished#
#2026 09 07 11:04:45.828#Z#DEBUG#ee464cf9-aaab-11f1-a0e6-eeee0a85092e.OPERATION#flowable-async-job-executor-thread-16881#
[DetermineServiceCreateUpdateServiceActionsStep] Executing task "DetermineServiceCreateUpdateActionsTask" of process "ef5f854e-aaab-11f1-a0e6-eeee0a85092e"...#
#2026 09 07 11:04:45.830#Z#INFO#ee464cf9-aaab-11f1-a0e6-eeee0a85092e.OPERATION#flowable-async-job-executor-thread-16881#
[DetermineServiceCreateUpdateServiceActionsStep] Processing service "order-app-db"...#
#2026 09 07 11:04:45.834#Z#DEBUG#ee464cf9-aaab-11f1-a0e6-eeee0a85092e.OPERATION#flowable-async-job-executor-thread-16881#
[DetermineServiceCreateUpdateServiceActionsStep] Getting service instance "order-app-db"...#
#2026 09 07 11:04:45.866#Z#DEBUG#ee464cf9-aaab-11f1-a0e6-eeee0a85092e.OPERATION#flowable-async-job-executor-thread-16881#
[DetermineServiceCreateUpdateServiceActionsStep] Service should be created#
#2026 09 07 11:04:45.869#Z#DEBUG#ee464cf9-aaab-11f1-a0e6-eeee0a85092e.OPERATION#flowable-async-job-executor-thread-16881#
Step "Determine update actions" finished#
#2026 09 07 11:04:45.914#Z#DEBUG#ee464cf9-aaab-11f1-a0e6-eeee0a85092e.OPERATION#flowable-async-job-executor-thread-16880#
[CreateServiceStep] Executing task "CreateServiceTask" of process "ef5f854e-aaab-11f1-a0e6-eeee0a85092e"...#
#2026 09 07 11:04:45.916#Z#INFO#ee464cf9-aaab-11f1-a0e6-eeee0a85092e.OPERATION#flowable-async-job-executor-thread-16880#
[CreateServiceStep] Creating service "order-app-db" from MTA resource "order-app-db"...#
#2026 09 07 11:04:45.921#Z#DEBUG#ee464cf9-aaab-11f1-a0e6-eeee0a85092e.OPERATION#flowable-async-job-executor-thread-16880#
[CreateServiceStep] Creating service instance: {
  "isOptional" : false,
  "isManaged" : true,
  "name" : "order-app-db",
  "v3Metadata" : {
    "annotations" : {
      "mta_id" : "order-app",
      "mta_version" : "1.0.0",
      "mta_resource" : "{\"name\":\"order-app-db\"}"
    },
    "labels" : {
      "mta_id" : "33cc615c0a0cb5d846a89cec7b1919bf"
    }
  },
  "label" : "hana",
  "plan" : "hdi-shared",
  "credentials" : "********",
  "tags" : [ ],
  "type" : "managed",
  "resourceName" : "order-app-db",
  "shouldSkipParametersUpdate" : false,
  "shouldSkipPlanUpdate" : false,
  "shouldSkipTagsUpdate" : false,
  "shouldSkipSyslogUrlUpdate" : false
}#
#2026 09 07 11:04:46.149#Z#DEBUG#ee464cf9-aaab-11f1-a0e6-eeee0a85092e.OPERATION#flowable-async-job-executor-thread-16880#
[CreateServiceStep] Service "order-app-db" created#
#2026 09 07 11:04:46.149#Z#DEBUG#ee464cf9-aaab-11f1-a0e6-eeee0a85092e.OPERATION#flowable-async-job-executor-thread-16880#
[CreateServiceStep] Triggered service operations: {
  "order-app-db" : "CREATE"
}#
#2026 09 07 11:04:46.150#Z#DEBUG#ee464cf9-aaab-11f1-a0e6-eeee0a85092e.OPERATION#flowable-async-job-executor-thread-16880#
Step "Create" finished#
#2026 09 07 11:04:46.855#Z#DEBUG#ee464cf9-aaab-11f1-a0e6-eeee0a85092e.OPERATION#flowable-async-job-executor-thread-16882#
[CheckServiceOperationStateStep] Executing task "CheckServiceOperationStateTask" of process "f003db19-aaab-11f1-a0e6-eeee0a85092e"...#
#2026 09 07 11:04:46.857#Z#DEBUG#ee464cf9-aaab-11f1-a0e6-eeee0a85092e.OPERATION#flowable-async-job-executor-thread-16882#
[CheckServiceOperationStateStep] Getting service instance "order-app-html5-app-host-service"...#
#2026 09 07 11:04:46.886#Z#DEBUG#ee464cf9-aaab-11f1-a0e6-eeee0a85092e.OPERATION#flowable-async-job-executor-thread-16882#
Step "Check for service operations in Progress" finished#
#2026 09 07 11:04:46.924#Z#DEBUG#ee464cf9-aaab-11f1-a0e6-eeee0a85092e.OPERATION#flowable-async-job-executor-thread-16876#
[CheckServiceOperationStateStep] Executing task "CheckServiceOperationStateTask" of process "f00eb118-aaab-11f1-a0e6-eeee0a85092e"...#
#2026 09 07 11:04:46.925#Z#DEBUG#ee464cf9-aaab-11f1-a0e6-eeee0a85092e.OPERATION#flowable-async-job-executor-thread-16876#
[CheckServiceOperationStateStep] Getting service instance "order-app-xsuaa-service"...#
#2026 09 07 11:04:46.950#Z#DEBUG#ee464cf9-aaab-11f1-a0e6-eeee0a85092e.OPERATION#flowable-async-job-executor-thread-16876#
Step "Check for service operations in Progress" finished#
#2026 09 07 11:04:46.917#Z#DEBUG#ee464cf9-aaab-11f1-a0e6-eeee0a85092e.OPERATION#flowable-async-job-executor-thread-16882#
[DetermineServiceCreateUpdateServiceActionsStep] Executing task "DetermineServiceCreateUpdateActionsTask" of process "f003db19-aaab-11f1-a0e6-eeee0a85092e"...#
#2026 09 07 11:04:46.919#Z#INFO#ee464cf9-aaab-11f1-a0e6-eeee0a85092e.OPERATION#flowable-async-job-executor-thread-16882#
[DetermineServiceCreateUpdateServiceActionsStep] Processing service "order-app-html5-app-host-service"...#
#2026 09 07 11:04:46.924#Z#DEBUG#ee464cf9-aaab-11f1-a0e6-eeee0a85092e.OPERATION#flowable-async-job-executor-thread-16882#
[DetermineServiceCreateUpdateServiceActionsStep] Getting service instance "order-app-html5-app-host-service"...#
#2026 09 07 11:04:46.956#Z#DEBUG#ee464cf9-aaab-11f1-a0e6-eeee0a85092e.OPERATION#flowable-async-job-executor-thread-16882#
[DetermineServiceCreateUpdateServiceActionsStep] Service should be created#
#2026 09 07 11:04:46.961#Z#DEBUG#ee464cf9-aaab-11f1-a0e6-eeee0a85092e.OPERATION#flowable-async-job-executor-thread-16882#
Step "Determine update actions" finished#
#2026 09 07 11:04:46.982#Z#DEBUG#ee464cf9-aaab-11f1-a0e6-eeee0a85092e.OPERATION#flowable-async-job-executor-thread-16876#
[DetermineServiceCreateUpdateServiceActionsStep] Executing task "DetermineServiceCreateUpdateActionsTask" of process "f00eb118-aaab-11f1-a0e6-eeee0a85092e"...#
#2026 09 07 11:04:46.984#Z#INFO#ee464cf9-aaab-11f1-a0e6-eeee0a85092e.OPERATION#flowable-async-job-executor-thread-16876#
[DetermineServiceCreateUpdateServiceActionsStep] Processing service "order-app-xsuaa-service"...#
#2026 09 07 11:04:46.989#Z#DEBUG#ee464cf9-aaab-11f1-a0e6-eeee0a85092e.OPERATION#flowable-async-job-executor-thread-16876#
[DetermineServiceCreateUpdateServiceActionsStep] Getting service instance "order-app-xsuaa-service"...#
#2026 09 07 11:04:47.012#Z#INFO#ee464cf9-aaab-11f1-a0e6-eeee0a85092e.OPERATION#flowable-async-job-executor-thread-16876#
[DetermineServiceCreateUpdateServiceActionsStep] Setting service "order-app-xsuaa-service" parameters from "xs-security.json"#
#2026 09 07 11:04:47.039#Z#DEBUG#ee464cf9-aaab-11f1-a0e6-eeee0a85092e.OPERATION#flowable-async-job-executor-thread-16876#
[DetermineServiceCreateUpdateServiceActionsStep] Service should be created#
#2026 09 07 11:04:47.042#Z#DEBUG#ee464cf9-aaab-11f1-a0e6-eeee0a85092e.OPERATION#flowable-async-job-executor-thread-16876#
Step "Determine update actions" finished#
#2026 09 07 11:04:47.018#Z#DEBUG#ee464cf9-aaab-11f1-a0e6-eeee0a85092e.OPERATION#flowable-async-job-executor-thread-16882#
[CreateServiceStep] Executing task "CreateServiceTask" of process "f003db19-aaab-11f1-a0e6-eeee0a85092e"...#
#2026 09 07 11:04:47.021#Z#INFO#ee464cf9-aaab-11f1-a0e6-eeee0a85092e.OPERATION#flowable-async-job-executor-thread-16882#
[CreateServiceStep] Creating service "order-app-html5-app-host-service" from MTA resource "order-app_html_repo_host"...#
#2026 09 07 11:04:47.025#Z#DEBUG#ee464cf9-aaab-11f1-a0e6-eeee0a85092e.OPERATION#flowable-async-job-executor-thread-16882#
[CreateServiceStep] Creating service instance: {
  "isOptional" : false,
  "isManaged" : true,
  "name" : "order-app-html5-app-host-service",
  "v3Metadata" : {
    "annotations" : {
      "mta_id" : "order-app",
      "mta_version" : "1.0.0",
      "mta_resource" : "{\"name\":\"order-app_html_repo_host\"}"
    },
    "labels" : {
      "mta_id" : "33cc615c0a0cb5d846a89cec7b1919bf"
    }
  },
  "label" : "html5-apps-repo",
  "plan" : "app-host",
  "credentials" : "********",
  "tags" : [ ],
  "type" : "managed",
  "resourceName" : "order-app_html_repo_host",
  "shouldSkipParametersUpdate" : false,
  "shouldSkipPlanUpdate" : false,
  "shouldSkipTagsUpdate" : false,
  "shouldSkipSyslogUrlUpdate" : false
}#
#2026 09 07 11:04:47.089#Z#DEBUG#ee464cf9-aaab-11f1-a0e6-eeee0a85092e.OPERATION#flowable-async-job-executor-thread-16876#
[CreateServiceStep] Executing task "CreateServiceTask" of process "f00eb118-aaab-11f1-a0e6-eeee0a85092e"...#
#2026 09 07 11:04:47.092#Z#INFO#ee464cf9-aaab-11f1-a0e6-eeee0a85092e.OPERATION#flowable-async-job-executor-thread-16876#
[CreateServiceStep] Creating service "order-app-xsuaa-service" from MTA resource "uaa_order-app"...#
#2026 09 07 11:04:47.096#Z#DEBUG#ee464cf9-aaab-11f1-a0e6-eeee0a85092e.OPERATION#flowable-async-job-executor-thread-16876#
[CreateServiceStep] Creating service instance: {
  "isOptional" : false,
  "isManaged" : true,
  "name" : "order-app-xsuaa-service",
  "v3Metadata" : {
    "annotations" : {
      "mta_id" : "order-app",
      "mta_version" : "1.0.0",
      "mta_resource" : "{\"name\":\"uaa_order-app\"}"
    },
    "labels" : {
      "mta_id" : "33cc615c0a0cb5d846a89cec7b1919bf"
    }
  },
  "label" : "xsuaa",
  "plan" : "application",
  "credentials" : "********",
  "tags" : [ ],
  "type" : "managed",
  "resourceName" : "uaa_order-app",
  "shouldSkipParametersUpdate" : false,
  "shouldSkipPlanUpdate" : false,
  "shouldSkipTagsUpdate" : false,
  "shouldSkipSyslogUrlUpdate" : false
}#
#2026 09 07 11:04:47.253#Z#DEBUG#ee464cf9-aaab-11f1-a0e6-eeee0a85092e.OPERATION#flowable-async-job-executor-thread-16882#
[CreateServiceStep] Service "order-app-html5-app-host-service" created#
#2026 09 07 11:04:47.254#Z#DEBUG#ee464cf9-aaab-11f1-a0e6-eeee0a85092e.OPERATION#flowable-async-job-executor-thread-16882#
[CreateServiceStep] Triggered service operations: {
  "order-app-html5-app-host-service" : "CREATE"
}#
#2026 09 07 11:04:47.257#Z#DEBUG#ee464cf9-aaab-11f1-a0e6-eeee0a85092e.OPERATION#flowable-async-job-executor-thread-16882#
Step "Create" finished#
#2026 09 07 11:04:47.335#Z#DEBUG#ee464cf9-aaab-11f1-a0e6-eeee0a85092e.OPERATION#flowable-async-job-executor-thread-16876#
[CreateServiceStep] Service "order-app-xsuaa-service" created#
#2026 09 07 11:04:47.335#Z#DEBUG#ee464cf9-aaab-11f1-a0e6-eeee0a85092e.OPERATION#flowable-async-job-executor-thread-16876#
[CreateServiceStep] Triggered service operations: {
  "order-app-xsuaa-service" : "CREATE"
}#
#2026 09 07 11:04:47.336#Z#DEBUG#ee464cf9-aaab-11f1-a0e6-eeee0a85092e.OPERATION#flowable-async-job-executor-thread-16876#
Step "Create" finished#
#2026 09 07 11:04:47.524#Z#DEBUG#ee464cf9-aaab-11f1-a0e6-eeee0a85092e.OPERATION#flowable-async-job-executor-thread-40189#
[CheckServiceOperationStateStep] Executing task "CheckServiceOperationStateTask" of process "f06c1293-aaab-11f1-9d93-eeee0a944821"...#
#2026 09 07 11:04:47.575#Z#DEBUG#ee464cf9-aaab-11f1-a0e6-eeee0a85092e.OPERATION#flowable-async-job-executor-thread-40189#
[CheckServiceOperationStateStep] Getting service instance "order-app-destination-service"...#
#2026 09 07 11:04:47.605#Z#DEBUG#ee464cf9-aaab-11f1-a0e6-eeee0a85092e.OPERATION#flowable-async-job-executor-thread-40189#
Step "Check for service operations in Progress" finished#
#2026 09 07 11:04:47.637#Z#DEBUG#ee464cf9-aaab-11f1-a0e6-eeee0a85092e.OPERATION#flowable-async-job-executor-thread-40189#
[DetermineServiceCreateUpdateServiceActionsStep] Executing task "DetermineServiceCreateUpdateActionsTask" of process "f06c1293-aaab-11f1-9d93-eeee0a944821"...#
#2026 09 07 11:04:47.640#Z#INFO#ee464cf9-aaab-11f1-a0e6-eeee0a85092e.OPERATION#flowable-async-job-executor-thread-40189#
[DetermineServiceCreateUpdateServiceActionsStep] Processing service "order-app-destination-service"...#
#2026 09 07 11:04:47.644#Z#DEBUG#ee464cf9-aaab-11f1-a0e6-eeee0a85092e.OPERATION#flowable-async-job-executor-thread-40189#
[DetermineServiceCreateUpdateServiceActionsStep] Getting service instance "order-app-destination-service"...#
#2026 09 07 11:04:47.666#Z#DEBUG#ee464cf9-aaab-11f1-a0e6-eeee0a85092e.OPERATION#flowable-async-job-executor-thread-40189#
[DetermineServiceCreateUpdateServiceActionsStep] Service should be created#
#2026 09 07 11:04:47.668#Z#DEBUG#ee464cf9-aaab-11f1-a0e6-eeee0a85092e.OPERATION#flowable-async-job-executor-thread-40189#
Step "Determine update actions" finished#
#2026 09 07 11:04:47.697#Z#DEBUG#ee464cf9-aaab-11f1-a0e6-eeee0a85092e.OPERATION#flowable-async-job-executor-thread-40189#
[CreateServiceStep] Executing task "CreateServiceTask" of process "f06c1293-aaab-11f1-9d93-eeee0a944821"...#
#2026 09 07 11:04:47.699#Z#INFO#ee464cf9-aaab-11f1-a0e6-eeee0a85092e.OPERATION#flowable-async-job-executor-thread-40189#
[CreateServiceStep] Creating service "order-app-destination-service" from MTA resource "order-app-destination-service"...#
#2026 09 07 11:04:47.702#Z#DEBUG#ee464cf9-aaab-11f1-a0e6-eeee0a85092e.OPERATION#flowable-async-job-executor-thread-40189#
[CreateServiceStep] Creating service instance: {
  "isOptional" : false,
  "isManaged" : true,
  "name" : "order-app-destination-service",
  "v3Metadata" : {
    "annotations" : {
      "mta_id" : "order-app",
      "mta_version" : "1.0.0",
      "mta_resource" : "{\"name\":\"order-app-destination-service\"}"
    },
    "labels" : {
      "mta_id" : "33cc615c0a0cb5d846a89cec7b1919bf"
    }
  },
  "label" : "destination",
  "plan" : "lite",
  "credentials" : "********",
  "tags" : [ ],
  "type" : "managed",
  "resourceName" : "order-app-destination-service",
  "shouldSkipParametersUpdate" : false,
  "shouldSkipPlanUpdate" : false,
  "shouldSkipTagsUpdate" : false,
  "shouldSkipSyslogUrlUpdate" : false
}#
#2026 09 07 11:04:47.886#Z#DEBUG#ee464cf9-aaab-11f1-a0e6-eeee0a85092e.OPERATION#flowable-async-job-executor-thread-40189#
[CreateServiceStep] Service "order-app-destination-service" created#
#2026 09 07 11:04:47.886#Z#DEBUG#ee464cf9-aaab-11f1-a0e6-eeee0a85092e.OPERATION#flowable-async-job-executor-thread-40189#
[CreateServiceStep] Triggered service operations: {
  "order-app-destination-service" : "CREATE"
}#
#2026 09 07 11:04:47.887#Z#DEBUG#ee464cf9-aaab-11f1-a0e6-eeee0a85092e.OPERATION#flowable-async-job-executor-thread-40189#
Step "Create" finished#
#2026 09 07 11:05:00.356#Z#DEBUG#ee464cf9-aaab-11f1-a0e6-eeee0a85092e.OPERATION#flowable-async-job-executor-thread-16891#
[CreateServiceStep] Executing task "CreateServiceTask" of process "ef5f854e-aaab-11f1-a0e6-eeee0a85092e"...#
#2026 09 07 11:05:00.357#Z#DEBUG#ee464cf9-aaab-11f1-a0e6-eeee0a85092e.OPERATION#flowable-async-job-executor-thread-16891#
[CreateServiceStep] Polling service operations...#
#2026 09 07 11:05:00.359#Z#DEBUG#ee464cf9-aaab-11f1-a0e6-eeee0a85092e.OPERATION#flowable-async-job-executor-thread-16891#
[CreateServiceStep] Getting service instance "order-app-db"...#
#2026 09 07 11:05:00.468#Z#DEBUG#ee464cf9-aaab-11f1-a0e6-eeee0a85092e.OPERATION#flowable-async-job-executor-thread-16891#
[CreateServiceStep] Last operation for service "order-app-db": {
  "type" : "CREATE",
  "state" : "SUCCEEDED"
}#
#2026 09 07 11:05:00.468#Z#DEBUG#ee464cf9-aaab-11f1-a0e6-eeee0a85092e.OPERATION#flowable-async-job-executor-thread-16891#
[CreateServiceStep] Service "order-app-db" created#
#2026 09 07 11:05:00.468#Z#INFO#ee464cf9-aaab-11f1-a0e6-eeee0a85092e.OPERATION#flowable-async-job-executor-thread-16891#
[CreateServiceStep] 1 of 1 done#
#2026 09 07 11:05:00.472#Z#DEBUG#ee464cf9-aaab-11f1-a0e6-eeee0a85092e.OPERATION#flowable-async-job-executor-thread-16891#
[CreateServiceStep] Remaining services to poll: [ ]#
#2026 09 07 11:05:00.473#Z#DEBUG#ee464cf9-aaab-11f1-a0e6-eeee0a85092e.OPERATION#flowable-async-job-executor-thread-16891#
Step "Create" finished#
#2026 09 07 11:05:00.430#Z#DEBUG#ee464cf9-aaab-11f1-a0e6-eeee0a85092e.OPERATION#flowable-async-job-executor-thread-40200#
[CreateServiceStep] Executing task "CreateServiceTask" of process "f003db19-aaab-11f1-a0e6-eeee0a85092e"...#
#2026 09 07 11:05:00.431#Z#DEBUG#ee464cf9-aaab-11f1-a0e6-eeee0a85092e.OPERATION#flowable-async-job-executor-thread-40200#
[CreateServiceStep] Polling service operations...#
#2026 09 07 11:05:00.436#Z#DEBUG#ee464cf9-aaab-11f1-a0e6-eeee0a85092e.OPERATION#flowable-async-job-executor-thread-40200#
[CreateServiceStep] Getting service instance "order-app-html5-app-host-service"...#
#2026 09 07 11:05:00.475#Z#DEBUG#ee464cf9-aaab-11f1-a0e6-eeee0a85092e.OPERATION#flowable-async-job-executor-thread-40197#
[CreateServiceStep] Executing task "CreateServiceTask" of process "f00eb118-aaab-11f1-a0e6-eeee0a85092e"...#
#2026 09 07 11:05:00.478#Z#DEBUG#ee464cf9-aaab-11f1-a0e6-eeee0a85092e.OPERATION#flowable-async-job-executor-thread-40197#
[CreateServiceStep] Polling service operations...#
#2026 09 07 11:05:00.482#Z#DEBUG#ee464cf9-aaab-11f1-a0e6-eeee0a85092e.OPERATION#flowable-async-job-executor-thread-40197#
[CreateServiceStep] Getting service instance "order-app-xsuaa-service"...#
#2026 09 07 11:05:00.535#Z#DEBUG#ee464cf9-aaab-11f1-a0e6-eeee0a85092e.OPERATION#flowable-async-job-executor-thread-40200#
[CreateServiceStep] Last operation for service "order-app-html5-app-host-service": {
  "type" : "CREATE",
  "description" : "",
  "state" : "SUCCEEDED"
}#
#2026 09 07 11:05:00.535#Z#DEBUG#ee464cf9-aaab-11f1-a0e6-eeee0a85092e.OPERATION#flowable-async-job-executor-thread-40200#
[CreateServiceStep] Service "order-app-html5-app-host-service" created#
#2026 09 07 11:05:00.535#Z#INFO#ee464cf9-aaab-11f1-a0e6-eeee0a85092e.OPERATION#flowable-async-job-executor-thread-40200#
[CreateServiceStep] 1 of 1 done#
#2026 09 07 11:05:00.540#Z#DEBUG#ee464cf9-aaab-11f1-a0e6-eeee0a85092e.OPERATION#flowable-async-job-executor-thread-40199#
[CreateServiceStep] Executing task "CreateServiceTask" of process "f06c1293-aaab-11f1-9d93-eeee0a944821"...#
#2026 09 07 11:05:00.541#Z#DEBUG#ee464cf9-aaab-11f1-a0e6-eeee0a85092e.OPERATION#flowable-async-job-executor-thread-40199#
[CreateServiceStep] Polling service operations...#
#2026 09 07 11:05:00.542#Z#DEBUG#ee464cf9-aaab-11f1-a0e6-eeee0a85092e.OPERATION#flowable-async-job-executor-thread-40200#
[CreateServiceStep] Remaining services to poll: [ ]#
#2026 09 07 11:05:00.543#Z#DEBUG#ee464cf9-aaab-11f1-a0e6-eeee0a85092e.OPERATION#flowable-async-job-executor-thread-40200#
Step "Create" finished#
#2026 09 07 11:05:00.544#Z#DEBUG#ee464cf9-aaab-11f1-a0e6-eeee0a85092e.OPERATION#flowable-async-job-executor-thread-40199#
[CreateServiceStep] Getting service instance "order-app-destination-service"...#
#2026 09 07 11:05:00.595#Z#DEBUG#ee464cf9-aaab-11f1-a0e6-eeee0a85092e.OPERATION#flowable-async-job-executor-thread-40197#
[CreateServiceStep] Last operation for service "order-app-xsuaa-service": {
  "type" : "CREATE",
  "description" : "",
  "state" : "SUCCEEDED"
}#
#2026 09 07 11:05:00.595#Z#DEBUG#ee464cf9-aaab-11f1-a0e6-eeee0a85092e.OPERATION#flowable-async-job-executor-thread-40197#
[CreateServiceStep] Service "order-app-xsuaa-service" created#
#2026 09 07 11:05:00.595#Z#INFO#ee464cf9-aaab-11f1-a0e6-eeee0a85092e.OPERATION#flowable-async-job-executor-thread-40197#
[CreateServiceStep] 1 of 1 done#
#2026 09 07 11:05:00.602#Z#DEBUG#ee464cf9-aaab-11f1-a0e6-eeee0a85092e.OPERATION#flowable-async-job-executor-thread-40197#
[CreateServiceStep] Remaining services to poll: [ ]#
#2026 09 07 11:05:00.602#Z#DEBUG#ee464cf9-aaab-11f1-a0e6-eeee0a85092e.OPERATION#flowable-async-job-executor-thread-40197#
Step "Create" finished#
#2026 09 07 11:05:00.666#Z#DEBUG#ee464cf9-aaab-11f1-a0e6-eeee0a85092e.OPERATION#flowable-async-job-executor-thread-40199#
[CreateServiceStep] Last operation for service "order-app-destination-service": {
  "type" : "CREATE",
  "description" : "",
  "state" : "SUCCEEDED"
}#
#2026 09 07 11:05:00.666#Z#DEBUG#ee464cf9-aaab-11f1-a0e6-eeee0a85092e.OPERATION#flowable-async-job-executor-thread-40199#
[CreateServiceStep] Service "order-app-destination-service" created#
#2026 09 07 11:05:00.666#Z#INFO#ee464cf9-aaab-11f1-a0e6-eeee0a85092e.OPERATION#flowable-async-job-executor-thread-40199#
[CreateServiceStep] 1 of 1 done#
#2026 09 07 11:05:00.670#Z#DEBUG#ee464cf9-aaab-11f1-a0e6-eeee0a85092e.OPERATION#flowable-async-job-executor-thread-40199#
[CreateServiceStep] Remaining services to poll: [ ]#
#2026 09 07 11:05:00.672#Z#DEBUG#ee464cf9-aaab-11f1-a0e6-eeee0a85092e.OPERATION#flowable-async-job-executor-thread-40199#
Step "Create" finished#
#2026 09 07 11:05:02.824#Z#DEBUG#ee464cf9-aaab-11f1-a0e6-eeee0a85092e.OPERATION#flowable-async-job-executor-thread-14017#
[PrepareModulesDeploymentStep] Executing task "prepareModulesDeploymentTask" of process "f96066b6-aaab-11f1-b7ee-eeee0a8f45c2"...#
#2026 09 07 11:05:02.827#Z#DEBUG#ee464cf9-aaab-11f1-a0e6-eeee0a85092e.OPERATION#flowable-async-job-executor-thread-14017#
[PrepareModulesDeploymentStep] Preparing modules deployment...#
#2026 09 07 11:05:02.839#Z#DEBUG#ee464cf9-aaab-11f1-a0e6-eeee0a85092e.OPERATION#flowable-async-job-executor-thread-14017#
Step "Prepare Modules Deployment" finished#
#2026 09 07 11:05:03.027#Z#DEBUG#ee464cf9-aaab-11f1-a0e6-eeee0a85092e.OPERATION#flowable-async-job-executor-thread-14026#
[ComputeNextModulesStep] Executing task "computeNextModulesToDeployInParallel" of process "f96066b6-aaab-11f1-b7ee-eeee0a8f45c2"...#
#2026 09 07 11:05:03.028#Z#DEBUG#ee464cf9-aaab-11f1-a0e6-eeee0a85092e.OPERATION#flowable-async-job-executor-thread-14026#
[ComputeNextModulesStep] Computing modules for next parallel iteration...#
#2026 09 07 11:05:03.113#Z#DEBUG#ee464cf9-aaab-11f1-a0e6-eeee0a85092e.OPERATION#flowable-async-job-executor-thread-14026#
[ComputeNextModulesStep] Completed modules detected: []#
#2026 09 07 11:05:03.113#Z#DEBUG#ee464cf9-aaab-11f1-a0e6-eeee0a85092e.OPERATION#flowable-async-job-executor-thread-14026#
[ComputeNextModulesStep] All modules for deploy detected: [order-app-db-deployer, order-app-app-content, order-app-srv, order-app-destination-content]#
#2026 09 07 11:05:03.113#Z#DEBUG#ee464cf9-aaab-11f1-a0e6-eeee0a85092e.OPERATION#flowable-async-job-executor-thread-14026#
[ComputeNextModulesStep] Modules not for deploy detected: []#
#2026 09 07 11:05:03.114#Z#DEBUG#ee464cf9-aaab-11f1-a0e6-eeee0a85092e.OPERATION#flowable-async-job-executor-thread-14026#
[ComputeNextModulesStep] Computed modules for next parallel iteration: [ {
  "majorSchemaVersion" : 3,
  "name" : "order-app-srv",
  "type" : "javascript.nodejs",
  "path" : "order-app-srv",
  "properties" : { },
  "parameters" : {
    "app-name" : "order-app-srv",
    "buildpack" : "nodejs_buildpack",
    "default-app-name" : "order-app-srv",
    "default-host" : "d0df43b9trial-dev-order-app-srv",
    "default-instances" : 1,
    "default-live-app-name" : "order-app-srv",
    "default-live-domain" : "cfapps.us10-001.hana.ondemand.com",
    "default-live-host" : "d0df43b9trial-dev-order-app-srv",
    "default-live-uri" : "d0df43b9trial-dev-order-app-srv.cfapps.us10-001.hana.ondemand.com",
    "default-live-url" : "https://d0df43b9trial-dev-order-app-srv.cfapps.us10-001.hana.ondemand.com",
    "default-uri" : "d0df43b9trial-dev-order-app-srv.cfapps.us10-001.hana.ondemand.com",
    "default-url" : "https://d0df43b9trial-dev-order-app-srv.cfapps.us10-001.hana.ondemand.com",
    "dependency-type" : "soft",
    "domain" : "cfapps.us10-001.hana.ondemand.com",
    "generated-password" : "********",
    "generated-user" : "********",
    "host" : "d0df43b9trial-dev-order-app-srv",
    "instances" : 1,
    "protocol" : "https"
  },
  "requiredDependencies" : [ {
    "majorSchemaVersion" : 3,
    "name" : "order-app-db",
    "properties" : { },
    "parameters" : { },
    "propertiesMetadata" : {
      "metadata" : { }
    },
    "parametersMetadata" : {
      "metadata" : { }
    }
  }, {
    "majorSchemaVersion" : 3,
    "name" : "uaa_order-app",
    "properties" : { },
    "parameters" : { },
    "propertiesMetadata" : {
      "metadata" : { }
    },
    "parametersMetadata" : {
      "metadata" : { }
    }
  } ],
  "providedDependencies" : [ {
    "majorSchemaVersion" : 3,
    "name" : "srv-api",
    "isPublic" : false,
    "properties" : {
      "srv-url" : "https://d0df43b9trial-dev-order-app-srv.cfapps.us10-001.hana.ondemand.com"
    },
    "parameters" : { },
    "propertiesMetadata" : {
      "metadata" : { }
    },
    "parametersMetadata" : {
      "metadata" : { }
    }
  }, {
    "majorSchemaVersion" : 3,
    "name" : "order-app-srv",
    "isPublic" : false,
    "properties" : { },
    "parameters" : { },
    "propertiesMetadata" : {
      "metadata" : { }
    },
    "parametersMetadata" : {
      "metadata" : { }
    }
  } ],
  "propertiesMetadata" : {
    "metadata" : { }
  },
  "parametersMetadata" : {
    "metadata" : { }
  },
  "deployedAfter" : [ ],
  "hooks" : [ ]
}, {
  "majorSchemaVersion" : 3,
  "name" : "order-app-db-deployer",
  "type" : "com.sap.xs.hdi",
  "path" : "order-app-db-deployer",
  "properties" : {
    "EXIT" : 1
  },
  "parameters" : {
    "app-name" : "order-app-db-deployer",
    "buildpack" : "nodejs_buildpack",
    "default-app-name" : "order-app-db-deployer",
    "default-host" : "d0df43b9trial-dev-order-app-db-deployer",
    "default-instances" : 1,
    "default-live-app-name" : "order-app-db-deployer",
    "default-live-domain" : "cfapps.us10-001.hana.ondemand.com",
    "default-live-host" : "d0df43b9trial-dev-order-app-db-deployer",
    "default-live-uri" : "d0df43b9trial-dev-order-app-db-deployer.cfapps.us10-001.hana.ondemand.com",
    "default-live-url" : "https://d0df43b9trial-dev-order-app-db-deployer.cfapps.us10-001.hana.ondemand.com",
    "default-uri" : "d0df43b9trial-dev-order-app-db-deployer.cfapps.us10-001.hana.ondemand.com",
    "default-url" : "https://d0df43b9trial-dev-order-app-db-deployer.cfapps.us10-001.hana.ondemand.com",
    "dependency-type" : "hard",
    "domain" : "cfapps.us10-001.hana.ondemand.com",
    "generated-password" : "********",
    "generated-user" : "********",
    "host" : "d0df43b9trial-dev-order-app-db-deployer",
    "instances" : 1,
    "memory" : "256M",
    "no-route" : true,
    "no-start" : true,
    "protocol" : "https",
    "tasks" : [ {
      "command" : "npm start",
      "memory" : "256M",
      "name" : "deploy"
    } ]
  },
  "requiredDependencies" : [ {
    "majorSchemaVersion" : 3,
    "name" : "order-app-db",
    "properties" : { },
    "parameters" : { },
    "propertiesMetadata" : {
      "metadata" : { }
    },
    "parametersMetadata" : {
      "metadata" : { }
    }
  } ],
  "providedDependencies" : [ {
    "majorSchemaVersion" : 3,
    "name" : "order-app-db-deployer",
    "isPublic" : false,
    "properties" : { },
    "parameters" : { },
    "propertiesMetadata" : {
      "metadata" : { }
    },
    "parametersMetadata" : {
      "metadata" : { }
    }
  } ],
  "propertiesMetadata" : {
    "metadata" : { }
  },
  "parametersMetadata" : {
    "metadata" : { }
  },
  "deployedAfter" : [ ],
  "hooks" : [ ]
}, {
  "majorSchemaVersion" : 3,
  "name" : "order-app-destination-content",
  "type" : "com.sap.application.content",
  "properties" : { },
  "parameters" : {
    "app-name" : "order-app-destination-content",
    "content" : {
      "instance" : {
        "destinations" : [ {
          "Name" : "orderappcapmrouter_order_app_html_repo_host",
          "ServiceInstanceName" : "order-app-html5-app-host-service",
          "ServiceKeyName" : "********",
          "sap.cloud.service" : "orderappcapmrouter"
        }, {
          "Authentication" : "********",
          "Name" : "orderappcapmrouter_uaa_order_app",
          "ServiceInstanceName" : "order-app-xsuaa-service",
          "ServiceKeyName" : "********",
          "sap.cloud.service" : "orderappcapmrouter"
        } ],
        "existing_destinations_policy" : "ignore"
      }
    },
    "default-app-name" : "order-app-destination-content",
    "default-host" : "d0df43b9trial-dev-order-app-destination-content",
    "default-instances" : 1,
    "default-live-app-name" : "order-app-destination-content",
    "default-live-domain" : "cfapps.us10-001.hana.ondemand.com",
    "default-live-host" : "d0df43b9trial-dev-order-app-destination-content",
    "default-live-uri" : "d0df43b9trial-dev-order-app-destination-content.cfapps.us10-001.hana.ondemand.com",
    "default-live-url" : "https://d0df43b9trial-dev-order-app-destination-content.cfapps.us10-001.hana.ondemand.com",
    "default-uri" : "d0df43b9trial-dev-order-app-destination-content.cfapps.us10-001.hana.ondemand.com",
    "default-url" : "https://d0df43b9trial-dev-order-app-destination-content.cfapps.us10-001.hana.ondemand.com",
    "dependency-type" : "soft",
    "domain" : "cfapps.us10-001.hana.ondemand.com",
    "generated-password" : "********",
    "generated-user" : "********",
    "host" : "d0df43b9trial-dev-order-app-destination-content",
    "instances" : 1,
    "protocol" : "https"
  },
  "requiredDependencies" : [ {
    "majorSchemaVersion" : 3,
    "name" : "order-app-destination-service",
    "properties" : { },
    "parameters" : {
      "content-target" : true
    },
    "propertiesMetadata" : {
      "metadata" : { }
    },
    "parametersMetadata" : {
      "metadata" : { }
    }
  }, {
    "majorSchemaVersion" : 3,
    "name" : "order-app_html_repo_host",
    "properties" : { },
    "parameters" : {
      "service-key" : "********"
    },
    "propertiesMetadata" : {
      "metadata" : { }
    },
    "parametersMetadata" : {
      "metadata" : { }
    }
  }, {
    "majorSchemaVersion" : 3,
    "name" : "uaa_order-app",
    "properties" : { },
    "parameters" : {
      "service-key" : "********"
    },
    "propertiesMetadata" : {
      "metadata" : { }
    },
    "parametersMetadata" : {
      "metadata" : { }
    }
  } ],
  "providedDependencies" : [ {
    "majorSchemaVersion" : 3,
    "name" : "order-app-destination-content",
    "isPublic" : false,
    "properties" : { },
    "parameters" : { },
    "propertiesMetadata" : {
      "metadata" : { }
    },
    "parametersMetadata" : {
      "metadata" : { }
    }
  } ],
  "propertiesMetadata" : {
    "metadata" : { }
  },
  "parametersMetadata" : {
    "metadata" : { }
  },
  "deployedAfter" : [ ],
  "hooks" : [ ]
}, {
  "majorSchemaVersion" : 3,
  "name" : "order-app-app-content",
  "type" : "com.sap.application.content",
  "path" : "order-app-app-content",
  "properties" : { },
  "parameters" : {
    "app-name" : "order-app-app-content",
    "default-app-name" : "order-app-app-content",
    "default-host" : "d0df43b9trial-dev-order-app-app-content",
    "default-instances" : 1,
    "default-live-app-name" : "order-app-app-content",
    "default-live-domain" : "cfapps.us10-001.hana.ondemand.com",
    "default-live-host" : "d0df43b9trial-dev-order-app-app-content",
    "default-live-uri" : "d0df43b9trial-dev-order-app-app-content.cfapps.us10-001.hana.ondemand.com",
    "default-live-url" : "https://d0df43b9trial-dev-order-app-app-content.cfapps.us10-001.hana.ondemand.com",
    "default-uri" : "d0df43b9trial-dev-order-app-app-content.cfapps.us10-001.hana.ondemand.com",
    "default-url" : "https://d0df43b9trial-dev-order-app-app-content.cfapps.us10-001.hana.ondemand.com",
    "dependency-type" : "soft",
    "domain" : "cfapps.us10-001.hana.ondemand.com",
    "generated-password" : "********",
    "generated-user" : "********",
    "host" : "d0df43b9trial-dev-order-app-app-content",
    "instances" : 1,
    "protocol" : "https"
  },
  "requiredDependencies" : [ {
    "majorSchemaVersion" : 3,
    "name" : "order-app_html_repo_host",
    "properties" : { },
    "parameters" : {
      "content-target" : true
    },
    "propertiesMetadata" : {
      "metadata" : { }
    },
    "parametersMetadata" : {
      "metadata" : { }
    }
  } ],
  "providedDependencies" : [ {
    "majorSchemaVersion" : 3,
    "name" : "order-app-app-content",
    "isPublic" : false,
    "properties" : { },
    "parameters" : { },
    "propertiesMetadata" : {
      "metadata" : { }
    },
    "parametersMetadata" : {
      "metadata" : { }
    }
  } ],
  "propertiesMetadata" : {
    "metadata" : { }
  },
  "parametersMetadata" : {
    "metadata" : { }
  },
  "deployedAfter" : [ ],
  "hooks" : [ ]
} ]#
#2026 09 07 11:05:03.114#Z#DEBUG#ee464cf9-aaab-11f1-a0e6-eeee0a85092e.OPERATION#flowable-async-job-executor-thread-14026#
Step "Compute Next Modules To Deploy" finished#
#2026 09 07 11:05:03.486#Z#DEBUG#ee464cf9-aaab-11f1-a0e6-eeee0a85092e.OPERATION#flowable-async-job-executor-thread-14023#
[ProcessDescriptorStep] Executing task "reprocessDescriptorTask" of process "f9e1a542-aaab-11f1-b7ee-eeee0a8f45c2"...#
#2026 09 07 11:05:03.488#Z#DEBUG#ee464cf9-aaab-11f1-a0e6-eeee0a85092e.OPERATION#flowable-async-job-executor-thread-14023#
[ProcessDescriptorStep] Resolving properties and parameters in merged descriptor...#
#2026 09 07 11:05:03.494#Z#DEBUG#ee464cf9-aaab-11f1-a0e6-eeee0a85092e.OPERATION#flowable-async-job-executor-thread-14023#
[ProcessDescriptorStep] Subscriptions: [ ]#
#2026 09 07 11:05:03.511#Z#DEBUG#ee464cf9-aaab-11f1-a0e6-eeee0a85092e.OPERATION#flowable-async-job-executor-thread-14023#
[ProcessDescriptorStep] MTA modules: [order-app-db-deployer, order-app-app-content, order-app-srv, order-app-destination-content]#
#2026 09 07 11:05:03.521#Z#DEBUG#ee464cf9-aaab-11f1-a0e6-eeee0a85092e.OPERATION#flowable-async-job-executor-thread-14023#
[ProcessDescriptorStep] Resolved deployment descriptor: {
  "majorSchemaVersion" : 3,
  "schemaVersion" : "3.3.0",
  "id" : "order-app",
  "version" : "1.0.0",
  "modules" : [ {
    "majorSchemaVersion" : 3,
    "name" : "order-app-srv",
    "type" : "javascript.nodejs",
    "path" : "order-app-srv",
    "properties" : { },
    "parameters" : {
      "default-url" : "https://d0df43b9trial-dev-order-app-srv.cfapps.us10-001.hana.ondemand.com",
      "default-app-name" : "order-app-srv",
      "generated-password" : "********",
      "default-live-url" : "https://d0df43b9trial-dev-order-app-srv.cfapps.us10-001.hana.ondemand.com",
      "default-uri" : "d0df43b9trial-dev-order-app-srv.cfapps.us10-001.hana.ondemand.com",
      "default-instances" : 1,
      "default-live-host" : "d0df43b9trial-dev-order-app-srv",
      "instances" : 1,
      "buildpack" : "nodejs_buildpack",
      "default-host" : "d0df43b9trial-dev-order-app-srv",
      "app-name" : "order-app-srv",
      "default-live-uri" : "d0df43b9trial-dev-order-app-srv.cfapps.us10-001.hana.ondemand.com",
      "protocol" : "https",
      "default-live-app-name" : "order-app-srv",
      "default-live-domain" : "cfapps.us10-001.hana.ondemand.com",
      "domain" : "cfapps.us10-001.hana.ondemand.com",
      "host" : "d0df43b9trial-dev-order-app-srv",
      "generated-user" : "********"
    },
    "requiredDependencies" : [ {
      "majorSchemaVersion" : 3,
      "name" : "order-app-db",
      "properties" : { },
      "parameters" : { },
      "propertiesMetadata" : {
        "metadata" : { }
      },
      "parametersMetadata" : {
        "metadata" : { }
      }
    }, {
      "majorSchemaVersion" : 3,
      "name" : "uaa_order-app",
      "properties" : { },
      "parameters" : { },
      "propertiesMetadata" : {
        "metadata" : { }
      },
      "parametersMetadata" : {
        "metadata" : { }
      }
    } ],
    "providedDependencies" : [ {
      "majorSchemaVersion" : 3,
      "name" : "srv-api",
      "isPublic" : false,
      "properties" : {
        "srv-url" : "https://d0df43b9trial-dev-order-app-srv.cfapps.us10-001.hana.ondemand.com"
      },
      "parameters" : { },
      "propertiesMetadata" : {
        "metadata" : { }
      },
      "parametersMetadata" : {
        "metadata" : { }
      }
    }, {
      "majorSchemaVersion" : 3,
      "name" : "order-app-srv",
      "isPublic" : false,
      "properties" : { },
      "parameters" : { },
      "propertiesMetadata" : {
        "metadata" : { }
      },
      "parametersMetadata" : {
        "metadata" : { }
      }
    } ],
    "propertiesMetadata" : {
      "metadata" : { }
    },
    "parametersMetadata" : {
      "metadata" : { }
    },
    "hooks" : [ ]
  }, {
    "majorSchemaVersion" : 3,
    "name" : "order-app-db-deployer",
    "type" : "com.sap.xs.hdi",
    "path" : "order-app-db-deployer",
    "properties" : {
      "EXIT" : 1
    },
    "parameters" : {
      "default-url" : "https://d0df43b9trial-dev-order-app-db-deployer.cfapps.us10-001.hana.ondemand.com",
      "default-app-name" : "order-app-db-deployer",
      "generated-password" : "********",
      "default-live-url" : "https://d0df43b9trial-dev-order-app-db-deployer.cfapps.us10-001.hana.ondemand.com",
      "default-uri" : "d0df43b9trial-dev-order-app-db-deployer.cfapps.us10-001.hana.ondemand.com",
      "memory" : "256M",
      "default-instances" : 1,
      "no-route" : true,
      "default-live-host" : "d0df43b9trial-dev-order-app-db-deployer",
      "instances" : 1,
      "buildpack" : "nodejs_buildpack",
      "default-host" : "d0df43b9trial-dev-order-app-db-deployer",
      "app-name" : "order-app-db-deployer",
      "default-live-uri" : "d0df43b9trial-dev-order-app-db-deployer.cfapps.us10-001.hana.ondemand.com",
      "protocol" : "https",
      "default-live-app-name" : "order-app-db-deployer",
      "default-live-domain" : "cfapps.us10-001.hana.ondemand.com",
      "dependency-type" : "hard",
      "domain" : "cfapps.us10-001.hana.ondemand.com",
      "host" : "d0df43b9trial-dev-order-app-db-deployer",
      "generated-user" : "********",
      "tasks" : [ {
        "command" : "npm start",
        "memory" : "256M",
        "name" : "deploy"
      } ],
      "no-start" : true
    },
    "requiredDependencies" : [ {
      "majorSchemaVersion" : 3,
      "name" : "order-app-db",
      "properties" : { },
      "parameters" : { },
      "propertiesMetadata" : {
        "metadata" : { }
      },
      "parametersMetadata" : {
        "metadata" : { }
      }
    } ],
    "providedDependencies" : [ {
      "majorSchemaVersion" : 3,
      "name" : "order-app-db-deployer",
      "isPublic" : false,
      "properties" : { },
      "parameters" : { },
      "propertiesMetadata" : {
        "metadata" : { }
      },
      "parametersMetadata" : {
        "metadata" : { }
      }
    } ],
    "propertiesMetadata" : {
      "metadata" : { }
    },
    "parametersMetadata" : {
      "metadata" : { }
    },
    "hooks" : [ ]
  }, {
    "majorSchemaVersion" : 3,
    "name" : "order-app-destination-content",
    "type" : "com.sap.application.content",
    "properties" : { },
    "parameters" : {
      "default-url" : "https://d0df43b9trial-dev-order-app-destination-content.cfapps.us10-001.hana.ondemand.com",
      "default-app-name" : "order-app-destination-content",
      "generated-password" : "********",
      "default-live-url" : "https://d0df43b9trial-dev-order-app-destination-content.cfapps.us10-001.hana.ondemand.com",
      "default-uri" : "d0df43b9trial-dev-order-app-destination-content.cfapps.us10-001.hana.ondemand.com",
      "default-instances" : 1,
      "default-live-host" : "d0df43b9trial-dev-order-app-destination-content",
      "instances" : 1,
      "default-host" : "d0df43b9trial-dev-order-app-destination-content",
      "content" : {
        "instance" : {
          "destinations" : [ {
            "Name" : "orderappcapmrouter_order_app_html_repo_host",
            "ServiceInstanceName" : "order-app-html5-app-host-service",
            "ServiceKeyName" : "********",
            "sap.cloud.service" : "orderappcapmrouter"
          }, {
            "Authentication" : "********",
            "Name" : "orderappcapmrouter_uaa_order_app",
            "ServiceInstanceName" : "order-app-xsuaa-service",
            "ServiceKeyName" : "********",
            "sap.cloud.service" : "orderappcapmrouter"
          } ],
          "existing_destinations_policy" : "ignore"
        }
      },
      "app-name" : "order-app-destination-content",
      "default-live-uri" : "d0df43b9trial-dev-order-app-destination-content.cfapps.us10-001.hana.ondemand.com",
      "protocol" : "https",
      "default-live-app-name" : "order-app-destination-content",
      "default-live-domain" : "cfapps.us10-001.hana.ondemand.com",
      "domain" : "cfapps.us10-001.hana.ondemand.com",
      "host" : "d0df43b9trial-dev-order-app-destination-content",
      "generated-user" : "********"
    },
    "requiredDependencies" : [ {
      "majorSchemaVersion" : 3,
      "name" : "order-app-destination-service",
      "properties" : { },
      "parameters" : {
        "content-target" : true
      },
      "propertiesMetadata" : {
        "metadata" : { }
      },
      "parametersMetadata" : {
        "metadata" : { }
      }
    }, {
      "majorSchemaVersion" : 3,
      "name" : "order-app_html_repo_host",
      "properties" : { },
      "parameters" : {
        "service-key" : "********"
      },
      "propertiesMetadata" : {
        "metadata" : { }
      },
      "parametersMetadata" : {
        "metadata" : { }
      }
    }, {
      "majorSchemaVersion" : 3,
      "name" : "uaa_order-app",
      "properties" : { },
      "parameters" : {
        "service-key" : "********"
      },
      "propertiesMetadata" : {
        "metadata" : { }
      },
      "parametersMetadata" : {
        "metadata" : { }
      }
    } ],
    "providedDependencies" : [ {
      "majorSchemaVersion" : 3,
      "name" : "order-app-destination-content",
      "isPublic" : false,
      "properties" : { },
      "parameters" : { },
      "propertiesMetadata" : {
        "metadata" : { }
      },
      "parametersMetadata" : {
        "metadata" : { }
      }
    } ],
    "propertiesMetadata" : {
      "metadata" : { }
    },
    "parametersMetadata" : {
      "metadata" : { }
    },
    "hooks" : [ ]
  }, {
    "majorSchemaVersion" : 3,
    "name" : "order-app-app-content",
    "type" : "com.sap.application.content",
    "path" : "order-app-app-content",
    "properties" : { },
    "parameters" : {
      "default-url" : "https://d0df43b9trial-dev-order-app-app-content.cfapps.us10-001.hana.ondemand.com",
      "default-app-name" : "order-app-app-content",
      "generated-password" : "********",
      "default-live-url" : "https://d0df43b9trial-dev-order-app-app-content.cfapps.us10-001.hana.ondemand.com",
      "default-uri" : "d0df43b9trial-dev-order-app-app-content.cfapps.us10-001.hana.ondemand.com",
      "default-instances" : 1,
      "default-live-host" : "d0df43b9trial-dev-order-app-app-content",
      "instances" : 1,
      "default-host" : "d0df43b9trial-dev-order-app-app-content",
      "app-name" : "order-app-app-content",
      "default-live-uri" : "d0df43b9trial-dev-order-app-app-content.cfapps.us10-001.hana.ondemand.com",
      "protocol" : "https",
      "default-live-app-name" : "order-app-app-content",
      "default-live-domain" : "cfapps.us10-001.hana.ondemand.com",
      "domain" : "cfapps.us10-001.hana.ondemand.com",
      "host" : "d0df43b9trial-dev-order-app-app-content",
      "generated-user" : "********"
    },
    "requiredDependencies" : [ {
      "majorSchemaVersion" : 3,
      "name" : "order-app_html_repo_host",
      "properties" : { },
      "parameters" : {
        "content-target" : true
      },
      "propertiesMetadata" : {
        "metadata" : { }
      },
      "parametersMetadata" : {
        "metadata" : { }
      }
    } ],
    "providedDependencies" : [ {
      "majorSchemaVersion" : 3,
      "name" : "order-app-app-content",
      "isPublic" : false,
      "properties" : { },
      "parameters" : { },
      "propertiesMetadata" : {
        "metadata" : { }
      },
      "parametersMetadata" : {
        "metadata" : { }
      }
    } ],
    "propertiesMetadata" : {
      "metadata" : { }
    },
    "parametersMetadata" : {
      "metadata" : { }
    },
    "hooks" : [ ]
  } ],
  "resources" : [ {
    "majorSchemaVersion" : 3,
    "name" : "order-app-db",
    "type" : "com.sap.xs.hdi-container",
    "properties" : { },
    "parameters" : {
      "generated-password" : "********",
      "service-name" : "order-app-db",
      "service-plan" : "hdi-shared",
      "service" : "hana",
      "generated-user" : "********",
      "default-xsappname" : "order-app-db",
      "type" : "managed-service",
      "default-service-name" : "order-app-db",
      "default-container-name" : "D0DF43B9TRIAL_DEV_ORDER_APP_DB"
    },
    "isActive" : true,
    "isOptional" : false,
    "propertiesMetadata" : {
      "metadata" : { }
    },
    "parametersMetadata" : {
      "metadata" : { }
    },
    "requiredDependencies" : [ ],
    "processedAfter" : [ ]
  }, {
    "majorSchemaVersion" : 3,
    "name" : "order-app-destination-service",
    "type" : "org.cloudfoundry.managed-service",
    "properties" : { },
    "parameters" : {
      "generated-password" : "********",
      "service-name" : "order-app-destination-service",
      "service-plan" : "lite",
      "service" : "destination",
      "generated-user" : "********",
      "default-xsappname" : "order-app-destination-service",
      "type" : "managed-service",
      "config" : {
        "HTML5Runtime_enabled" : true,
        "init_data" : {
          "instance" : {
            "destinations" : [ {
              "Authentication" : "********",
              "Name" : "ui5",
              "ProxyType" : "Internet",
              "Type" : "HTTP",
              "URL" : "https://ui5.sap.com"
            }, {
              "Authentication" : "********",
              "HTML5.DynamicDestination" : true,
              "HTML5.ForwardAuthToken" : "********",
              "Name" : "srv-api",
              "ProxyType" : "Internet",
              "Type" : "HTTP",
              "URL" : "https://d0df43b9trial-dev-order-app-srv.cfapps.us10-001.hana.ondemand.com"
            } ],
            "existing_destinations_policy" : "update"
          }
        },
        "version" : "1.0.0"
      },
      "default-service-name" : "order-app-destination-service",
      "default-container-name" : "D0DF43B9TRIAL_DEV_ORDER_APP_DESTINATION_SERVICE"
    },
    "isActive" : true,
    "isOptional" : false,
    "propertiesMetadata" : {
      "metadata" : { }
    },
    "parametersMetadata" : {
      "metadata" : { }
    },
    "requiredDependencies" : [ {
      "majorSchemaVersion" : 3,
      "name" : "srv-api",
      "properties" : { },
      "parameters" : { },
      "propertiesMetadata" : {
        "metadata" : { }
      },
      "parametersMetadata" : {
        "metadata" : { }
      }
    } ],
    "processedAfter" : [ ]
  }, {
    "majorSchemaVersion" : 3,
    "name" : "order-app_html_repo_host",
    "type" : "org.cloudfoundry.managed-service",
    "properties" : { },
    "parameters" : {
      "generated-password" : "********",
      "service-name" : "order-app-html5-app-host-service",
      "service-plan" : "app-host",
      "service" : "html5-apps-repo",
      "generated-user" : "********",
      "default-xsappname" : "order-app_html_repo_host",
      "type" : "managed-service",
      "default-service-name" : "order-app_html_repo_host",
      "default-container-name" : "D0DF43B9TRIAL_DEV_ORDER_APP_HTML_REPO_HOST"
    },
    "isActive" : true,
    "isOptional" : false,
    "propertiesMetadata" : {
      "metadata" : { }
    },
    "parametersMetadata" : {
      "metadata" : { }
    },
    "requiredDependencies" : [ ],
    "processedAfter" : [ ]
  }, {
    "majorSchemaVersion" : 3,
    "name" : "uaa_order-app",
    "type" : "org.cloudfoundry.managed-service",
    "properties" : { },
    "parameters" : {
      "generated-password" : "********",
      "path" : "./xs-security.json",
      "service-name" : "order-app-xsuaa-service",
      "service-plan" : "application",
      "service" : "xsuaa",
      "generated-user" : "********",
      "default-xsappname" : "uaa_order-app",
      "type" : "managed-service",
      "default-service-name" : "uaa_order-app",
      "default-container-name" : "D0DF43B9TRIAL_DEV_UAA_ORDER_APP"
    },
    "isActive" : true,
    "isOptional" : false,
    "propertiesMetadata" : {
      "metadata" : { }
    },
    "parametersMetadata" : {
      "metadata" : { }
    },
    "requiredDependencies" : [ ],
    "processedAfter" : [ ]
  } ],
  "parameters" : {
    "deploy_mode" : "html5-repo",
    "mta-id" : "order-app",
    "authorization-url" : "********",
    "org-guid" : "188e7b36-f870-46ac-b4b4-fcdce414afb1",
    "org" : "d0df43b9trial",
    "deploy-target" : "d0df43b9trial dev",
    "enable-parallel-deployments" : true,
    "region-primary-domain" : "us10.hana.ondemand.com",
    "space" : "dev",
    "region-domain" : "us10-001.hana.ondemand.com",
    "xs-api-url" : "https://api.cf.us10-001.hana.ondemand.com",
    "deploy-url" : "deploy-service.cfapps.us10-001.hana.ondemand.com",
    "xs-type" : "CF",
    "default-domain" : "cfapps.us10-001.hana.ondemand.com",
    "mta-version" : "1.0.0",
    "xs-auth-url" : "********",
    "space-guid" : "383e080d-c4c5-4598-b9e9-72e78ff581ba",
    "user" : "********",
    "controller-url" : "https://api.cf.us10-001.hana.ondemand.com",
    "timestamp" : "20260907110443"
  },
  "parametersMetadata" : {
    "metadata" : { }
  }
}#
#2026 09 07 11:05:03.521#Z#DEBUG#ee464cf9-aaab-11f1-a0e6-eeee0a85092e.OPERATION#flowable-async-job-executor-thread-14023#
[ProcessDescriptorStep] Merged descriptor properties and parameters resolved#
#2026 09 07 11:05:03.521#Z#DEBUG#ee464cf9-aaab-11f1-a0e6-eeee0a85092e.OPERATION#flowable-async-job-executor-thread-14023#
Step "Re-Process Descriptor Step" finished#
#2026 09 07 11:05:03.588#Z#DEBUG#ee464cf9-aaab-11f1-a0e6-eeee0a85092e.OPERATION#flowable-async-job-executor-thread-14023#
[BuildApplicationDeployModelStep] Executing task "buildApplicationDeployModelTask" of process "f9e1a542-aaab-11f1-b7ee-eeee0a8f45c2"...#
#2026 09 07 11:05:03.591#Z#DEBUG#ee464cf9-aaab-11f1-a0e6-eeee0a85092e.OPERATION#flowable-async-job-executor-thread-14023#
[BuildApplicationDeployModelStep] Building cloud deployment model for application "order-app-srv"...#
#2026 09 07 11:05:03.599#Z#DEBUG#ee464cf9-aaab-11f1-a0e6-eeee0a85092e.OPERATION#flowable-async-job-executor-thread-14023#
[BuildApplicationDeployModelStep] No health-check-type is specified. Setting default type: port#
#2026 09 07 11:05:03.599#Z#INFO#ee464cf9-aaab-11f1-a0e6-eeee0a85092e.OPERATION#flowable-async-job-executor-thread-14023#
[BuildApplicationDeployModelStep] Building configuration entries for org d0df43b9trial, space dev, spaceId 383e080d-c4c5-4598-b9e9-72e78ff581ba and namespace null!#
#2026 09 07 11:05:03.600#Z#DEBUG#ee464cf9-aaab-11f1-a0e6-eeee0a85092e.OPERATION#flowable-async-job-executor-thread-14023#
[BuildApplicationDeployModelStep] Configuration entries to publish: [ ]#
#2026 09 07 11:05:03.600#Z#DEBUG#ee464cf9-aaab-11f1-a0e6-eeee0a85092e.OPERATION#flowable-async-job-executor-thread-14023#
[BuildApplicationDeployModelStep] Cloud deployment model for application built#
#2026 09 07 11:05:03.600#Z#DEBUG#ee464cf9-aaab-11f1-a0e6-eeee0a85092e.OPERATION#flowable-async-job-executor-thread-14023#
Step "Build Application Deploy Model" finished#
#2026 09 07 11:05:03.684#Z#DEBUG#ee464cf9-aaab-11f1-a0e6-eeee0a85092e.OPERATION#flowable-async-job-executor-thread-14023#
[CreateOrUpdateAppStep] Executing task "createAppTask" of process "f9e1a542-aaab-11f1-b7ee-eeee0a8f45c2"...#
#2026 09 07 11:05:03.687#Z#DEBUG#ee464cf9-aaab-11f1-a0e6-eeee0a85092e.OPERATION#flowable-async-job-executor-thread-14023#
[CreateOrUpdateAppStep] Getting application "order-app-srv"...#
#2026 09 07 11:05:03.741#Z#INFO#ee464cf9-aaab-11f1-a0e6-eeee0a85092e.OPERATION#flowable-async-job-executor-thread-14023#
[CreateOrUpdateAppStep] Creating application "order-app-srv" from MTA module "order-app-srv"...#
#2026 09 07 11:05:03.752#Z#DEBUG#ee464cf9-aaab-11f1-a0e6-eeee0a85092e.OPERATION#flowable-async-job-executor-thread-14023#
[CreateOrUpdateAppStep] Creating application "order-app-srv" with disk "null" memory "null", URIs "d0df43b9trial-dev-order-app-srv.cfapps.us10-001.hana.ondemand.com" and staging: "{
  "buildpacks" : [ "nodejs_buildpack" ],
  "healthCheckType" : "port",
  "appFeatures" : { }
}"#
#2026 09 07 11:05:04.232#Z#DEBUG#ee464cf9-aaab-11f1-a0e6-eeee0a85092e.OPERATION#flowable-async-job-executor-thread-14023#
[CreateOrUpdateAppStep] Application "order-app-srv" created#
#2026 09 07 11:05:04.232#Z#DEBUG#ee464cf9-aaab-11f1-a0e6-eeee0a85092e.OPERATION#flowable-async-job-executor-thread-14023#
Step "Create App" finished#
#2026 09 07 11:05:04.359#Z#DEBUG#ee464cf9-aaab-11f1-a0e6-eeee0a85092e.OPERATION#flowable-async-job-executor-thread-14023#
[CheckServiceBindingOperationStep] Executing task "checkForServiceBindingOperationInProgress" of process "fa718856-aaab-11f1-b7ee-eeee0a8f45c2"...#
#2026 09 07 11:05:04.359#Z#DEBUG#ee464cf9-aaab-11f1-a0e6-eeee0a85092e.OPERATION#flowable-async-job-executor-thread-14023#
[CheckServiceBindingOperationStep] Checking for service binding operation in progress between app "order-app-srv" and service instance "order-app-db"#
#2026 09 07 11:05:04.360#Z#DEBUG#ee464cf9-aaab-11f1-a0e6-eeee0a85092e.OPERATION#flowable-async-job-executor-thread-14023#
[CheckServiceBindingOperationStep] Getting application guid "order-app-srv"...#
#2026 09 07 11:05:04.397#Z#DEBUG#ee464cf9-aaab-11f1-a0e6-eeee0a85092e.OPERATION#flowable-async-job-executor-thread-14023#
[CheckServiceBindingOperationStep] Getting GUID of required service instance "order-app-db"...#
#2026 09 07 11:05:04.422#Z#DEBUG#ee464cf9-aaab-11f1-a0e6-eeee0a85092e.OPERATION#flowable-async-job-executor-thread-14023#
[CheckServiceBindingOperationStep] Getting binding of service instance "88b08f65-a4ad-4d8b-a977-a5354b30aada" with application "c18fe1fc-36e5-42c6-a94c-691eb977813f"...#
#2026 09 07 11:05:04.447#Z#DEBUG#ee464cf9-aaab-11f1-a0e6-eeee0a85092e.OPERATION#flowable-async-job-executor-thread-14023#
Step "Check For Service Binding Operation In Progress" finished#
#2026 09 07 11:05:04.498#Z#DEBUG#ee464cf9-aaab-11f1-a0e6-eeee0a85092e.OPERATION#flowable-async-job-executor-thread-14023#
[DetermineApplicationServiceBindingActionsStep] Executing task "determineApplicationServiceBindingActionsTask" of process "fa718856-aaab-11f1-b7ee-eeee0a8f45c2"...#
#2026 09 07 11:05:04.501#Z#DEBUG#ee464cf9-aaab-11f1-a0e6-eeee0a85092e.OPERATION#flowable-async-job-executor-thread-14023#
[DetermineApplicationServiceBindingActionsStep] Determine bind/unbind operations of application "order-app-srv" to service instance "order-app-db"#
#2026 09 07 11:05:04.501#Z#DEBUG#ee464cf9-aaab-11f1-a0e6-eeee0a85092e.OPERATION#flowable-async-job-executor-thread-14023#
[DetermineApplicationServiceBindingActionsStep] Getting application "order-app-srv"...#
#2026 09 07 11:05:04.574#Z#DEBUG#ee464cf9-aaab-11f1-a0e6-eeee0a85092e.OPERATION#flowable-async-job-executor-thread-14023#
[DetermineApplicationServiceBindingActionsStep] Binding parameters for application "order-app-srv": { }#
#2026 09 07 11:05:04.620#Z#DEBUG#ee464cf9-aaab-11f1-a0e6-eeee0a85092e.OPERATION#flowable-async-job-executor-thread-14023#
[DetermineApplicationServiceBindingActionsStep] Calculated binding operations between application "order-app-srv" and service instance "order-app-db": unbind - false bind - true#
#2026 09 07 11:05:04.620#Z#DEBUG#ee464cf9-aaab-11f1-a0e6-eeee0a85092e.OPERATION#flowable-async-job-executor-thread-14023#
Step "Determine Application Service Binding Actions" finished#
#2026 09 07 11:05:04.674#Z#DEBUG#ee464cf9-aaab-11f1-a0e6-eeee0a85092e.OPERATION#flowable-async-job-executor-thread-14023#
[BindServiceToApplicationStep] Executing task "bindServiceToApplicationTask" of process "fa718856-aaab-11f1-b7ee-eeee0a8f45c2"...#
#2026 09 07 11:05:04.677#Z#INFO#ee464cf9-aaab-11f1-a0e6-eeee0a85092e.OPERATION#flowable-async-job-executor-thread-14023#
[BindServiceToApplicationStep] Binding service instance "order-app-db" to application "order-app-srv"...#
#2026 09 07 11:05:04.686#Z#DEBUG#ee464cf9-aaab-11f1-a0e6-eeee0a85092e.OPERATION#flowable-async-job-executor-thread-14023#
[BindServiceToApplicationStep] Binding service instance "order-app-db" to application "order-app-srv" with parameters: { }#
#2026 09 07 11:05:04.810#Z#DEBUG#ee464cf9-aaab-11f1-a0e6-eeee0a85092e.OPERATION#flowable-async-job-executor-thread-14023#
Step "Bind Service to Application" finished#
#2026 09 07 11:05:05.072#Z#DEBUG#ee464cf9-aaab-11f1-a0e6-eeee0a85092e.OPERATION#flowable-async-job-executor-thread-16892#
[ProcessDescriptorStep] Executing task "reprocessDescriptorTask" of process "fad972ce-aaab-11f1-a0e6-eeee0a85092e"...#
#2026 09 07 11:05:05.073#Z#DEBUG#ee464cf9-aaab-11f1-a0e6-eeee0a85092e.OPERATION#flowable-async-job-executor-thread-16892#
[ProcessDescriptorStep] Resolving properties and parameters in merged descriptor...#
#2026 09 07 11:05:05.079#Z#DEBUG#ee464cf9-aaab-11f1-a0e6-eeee0a85092e.OPERATION#flowable-async-job-executor-thread-16892#
[ProcessDescriptorStep] Subscriptions: [ ]#
#2026 09 07 11:05:05.089#Z#DEBUG#ee464cf9-aaab-11f1-a0e6-eeee0a85092e.OPERATION#flowable-async-job-executor-thread-16892#
[ProcessDescriptorStep] MTA modules: [order-app-db-deployer, order-app-app-content, order-app-srv, order-app-destination-content]#
#2026 09 07 11:05:05.094#Z#DEBUG#ee464cf9-aaab-11f1-a0e6-eeee0a85092e.OPERATION#flowable-async-job-executor-thread-16892#
[ProcessDescriptorStep] Resolved deployment descriptor: {
  "majorSchemaVersion" : 3,
  "schemaVersion" : "3.3.0",
  "id" : "order-app",
  "version" : "1.0.0",
  "modules" : [ {
    "majorSchemaVersion" : 3,
    "name" : "order-app-srv",
    "type" : "javascript.nodejs",
    "path" : "order-app-srv",
    "properties" : { },
    "parameters" : {
      "default-url" : "https://d0df43b9trial-dev-order-app-srv.cfapps.us10-001.hana.ondemand.com",
      "default-app-name" : "order-app-srv",
      "generated-password" : "********",
      "default-live-url" : "https://d0df43b9trial-dev-order-app-srv.cfapps.us10-001.hana.ondemand.com",
      "default-uri" : "d0df43b9trial-dev-order-app-srv.cfapps.us10-001.hana.ondemand.com",
      "default-instances" : 1,
      "default-live-host" : "d0df43b9trial-dev-order-app-srv",
      "instances" : 1,
      "buildpack" : "nodejs_buildpack",
      "default-host" : "d0df43b9trial-dev-order-app-srv",
      "app-name" : "order-app-srv",
      "default-live-uri" : "d0df43b9trial-dev-order-app-srv.cfapps.us10-001.hana.ondemand.com",
      "protocol" : "https",
      "default-live-app-name" : "order-app-srv",
      "default-live-domain" : "cfapps.us10-001.hana.ondemand.com",
      "domain" : "cfapps.us10-001.hana.ondemand.com",
      "host" : "d0df43b9trial-dev-order-app-srv",
      "generated-user" : "********"
    },
    "requiredDependencies" : [ {
      "majorSchemaVersion" : 3,
      "name" : "order-app-db",
      "properties" : { },
      "parameters" : { },
      "propertiesMetadata" : {
        "metadata" : { }
      },
      "parametersMetadata" : {
        "metadata" : { }
      }
    }, {
      "majorSchemaVersion" : 3,
      "name" : "uaa_order-app",
      "properties" : { },
      "parameters" : { },
      "propertiesMetadata" : {
        "metadata" : { }
      },
      "parametersMetadata" : {
        "metadata" : { }
      }
    } ],
    "providedDependencies" : [ {
      "majorSchemaVersion" : 3,
      "name" : "srv-api",
      "isPublic" : false,
      "properties" : {
        "srv-url" : "https://d0df43b9trial-dev-order-app-srv.cfapps.us10-001.hana.ondemand.com"
      },
      "parameters" : { },
      "propertiesMetadata" : {
        "metadata" : { }
      },
      "parametersMetadata" : {
        "metadata" : { }
      }
    }, {
      "majorSchemaVersion" : 3,
      "name" : "order-app-srv",
      "isPublic" : false,
      "properties" : { },
      "parameters" : { },
      "propertiesMetadata" : {
        "metadata" : { }
      },
      "parametersMetadata" : {
        "metadata" : { }
      }
    } ],
    "propertiesMetadata" : {
      "metadata" : { }
    },
    "parametersMetadata" : {
      "metadata" : { }
    },
    "hooks" : [ ]
  }, {
    "majorSchemaVersion" : 3,
    "name" : "order-app-db-deployer",
    "type" : "com.sap.xs.hdi",
    "path" : "order-app-db-deployer",
    "properties" : {
      "EXIT" : 1
    },
    "parameters" : {
      "default-url" : "https://d0df43b9trial-dev-order-app-db-deployer.cfapps.us10-001.hana.ondemand.com",
      "default-app-name" : "order-app-db-deployer",
      "generated-password" : "********",
      "default-live-url" : "https://d0df43b9trial-dev-order-app-db-deployer.cfapps.us10-001.hana.ondemand.com",
      "default-uri" : "d0df43b9trial-dev-order-app-db-deployer.cfapps.us10-001.hana.ondemand.com",
      "memory" : "256M",
      "default-instances" : 1,
      "no-route" : true,
      "default-live-host" : "d0df43b9trial-dev-order-app-db-deployer",
      "instances" : 1,
      "buildpack" : "nodejs_buildpack",
      "default-host" : "d0df43b9trial-dev-order-app-db-deployer",
      "app-name" : "order-app-db-deployer",
      "default-live-uri" : "d0df43b9trial-dev-order-app-db-deployer.cfapps.us10-001.hana.ondemand.com",
      "protocol" : "https",
      "default-live-app-name" : "order-app-db-deployer",
      "default-live-domain" : "cfapps.us10-001.hana.ondemand.com",
      "dependency-type" : "hard",
      "domain" : "cfapps.us10-001.hana.ondemand.com",
      "host" : "d0df43b9trial-dev-order-app-db-deployer",
      "generated-user" : "********",
      "tasks" : [ {
        "command" : "npm start",
        "memory" : "256M",
        "name" : "deploy"
      } ],
      "no-start" : true
    },
    "requiredDependencies" : [ {
      "majorSchemaVersion" : 3,
      "name" : "order-app-db",
      "properties" : { },
      "parameters" : { },
      "propertiesMetadata" : {
        "metadata" : { }
      },
      "parametersMetadata" : {
        "metadata" : { }
      }
    } ],
    "providedDependencies" : [ {
      "majorSchemaVersion" : 3,
      "name" : "order-app-db-deployer",
      "isPublic" : false,
      "properties" : { },
      "parameters" : { },
      "propertiesMetadata" : {
        "metadata" : { }
      },
      "parametersMetadata" : {
        "metadata" : { }
      }
    } ],
    "propertiesMetadata" : {
      "metadata" : { }
    },
    "parametersMetadata" : {
      "metadata" : { }
    },
    "hooks" : [ ]
  }, {
    "majorSchemaVersion" : 3,
    "name" : "order-app-destination-content",
    "type" : "com.sap.application.content",
    "properties" : { },
    "parameters" : {
      "default-url" : "https://d0df43b9trial-dev-order-app-destination-content.cfapps.us10-001.hana.ondemand.com",
      "default-app-name" : "order-app-destination-content",
      "generated-password" : "********",
      "default-live-url" : "https://d0df43b9trial-dev-order-app-destination-content.cfapps.us10-001.hana.ondemand.com",
      "default-uri" : "d0df43b9trial-dev-order-app-destination-content.cfapps.us10-001.hana.ondemand.com",
      "default-instances" : 1,
      "default-live-host" : "d0df43b9trial-dev-order-app-destination-content",
      "instances" : 1,
      "default-host" : "d0df43b9trial-dev-order-app-destination-content",
      "content" : {
        "instance" : {
          "destinations" : [ {
            "Name" : "orderappcapmrouter_order_app_html_repo_host",
            "ServiceInstanceName" : "order-app-html5-app-host-service",
            "ServiceKeyName" : "********",
            "sap.cloud.service" : "orderappcapmrouter"
          }, {
            "Authentication" : "********",
            "Name" : "orderappcapmrouter_uaa_order_app",
            "ServiceInstanceName" : "order-app-xsuaa-service",
            "ServiceKeyName" : "********",
            "sap.cloud.service" : "orderappcapmrouter"
          } ],
          "existing_destinations_policy" : "ignore"
        }
      },
      "app-name" : "order-app-destination-content",
      "default-live-uri" : "d0df43b9trial-dev-order-app-destination-content.cfapps.us10-001.hana.ondemand.com",
      "protocol" : "https",
      "default-live-app-name" : "order-app-destination-content",
      "default-live-domain" : "cfapps.us10-001.hana.ondemand.com",
      "domain" : "cfapps.us10-001.hana.ondemand.com",
      "host" : "d0df43b9trial-dev-order-app-destination-content",
      "generated-user" : "********"
    },
    "requiredDependencies" : [ {
      "majorSchemaVersion" : 3,
      "name" : "order-app-destination-service",
      "properties" : { },
      "parameters" : {
        "content-target" : true
      },
      "propertiesMetadata" : {
        "metadata" : { }
      },
      "parametersMetadata" : {
        "metadata" : { }
      }
    }, {
      "majorSchemaVersion" : 3,
      "name" : "order-app_html_repo_host",
      "properties" : { },
      "parameters" : {
        "service-key" : "********"
      },
      "propertiesMetadata" : {
        "metadata" : { }
      },
      "parametersMetadata" : {
        "metadata" : { }
      }
    }, {
      "majorSchemaVersion" : 3,
      "name" : "uaa_order-app",
      "properties" : { },
      "parameters" : {
        "service-key" : "********"
      },
      "propertiesMetadata" : {
        "metadata" : { }
      },
      "parametersMetadata" : {
        "metadata" : { }
      }
    } ],
    "providedDependencies" : [ {
      "majorSchemaVersion" : 3,
      "name" : "order-app-destination-content",
      "isPublic" : false,
      "properties" : { },
      "parameters" : { },
      "propertiesMetadata" : {
        "metadata" : { }
      },
      "parametersMetadata" : {
        "metadata" : { }
      }
    } ],
    "propertiesMetadata" : {
      "metadata" : { }
    },
    "parametersMetadata" : {
      "metadata" : { }
    },
    "hooks" : [ ]
  }, {
    "majorSchemaVersion" : 3,
    "name" : "order-app-app-content",
    "type" : "com.sap.application.content",
    "path" : "order-app-app-content",
    "properties" : { },
    "parameters" : {
      "default-url" : "https://d0df43b9trial-dev-order-app-app-content.cfapps.us10-001.hana.ondemand.com",
      "default-app-name" : "order-app-app-content",
      "generated-password" : "********",
      "default-live-url" : "https://d0df43b9trial-dev-order-app-app-content.cfapps.us10-001.hana.ondemand.com",
      "default-uri" : "d0df43b9trial-dev-order-app-app-content.cfapps.us10-001.hana.ondemand.com",
      "default-instances" : 1,
      "default-live-host" : "d0df43b9trial-dev-order-app-app-content",
      "instances" : 1,
      "default-host" : "d0df43b9trial-dev-order-app-app-content",
      "app-name" : "order-app-app-content",
      "default-live-uri" : "d0df43b9trial-dev-order-app-app-content.cfapps.us10-001.hana.ondemand.com",
      "protocol" : "https",
      "default-live-app-name" : "order-app-app-content",
      "default-live-domain" : "cfapps.us10-001.hana.ondemand.com",
      "domain" : "cfapps.us10-001.hana.ondemand.com",
      "host" : "d0df43b9trial-dev-order-app-app-content",
      "generated-user" : "********"
    },
    "requiredDependencies" : [ {
      "majorSchemaVersion" : 3,
      "name" : "order-app_html_repo_host",
      "properties" : { },
      "parameters" : {
        "content-target" : true
      },
      "propertiesMetadata" : {
        "metadata" : { }
      },
      "parametersMetadata" : {
        "metadata" : { }
      }
    } ],
    "providedDependencies" : [ {
      "majorSchemaVersion" : 3,
      "name" : "order-app-app-content",
      "isPublic" : false,
      "properties" : { },
      "parameters" : { },
      "propertiesMetadata" : {
        "metadata" : { }
      },
      "parametersMetadata" : {
        "metadata" : { }
      }
    } ],
    "propertiesMetadata" : {
      "metadata" : { }
    },
    "parametersMetadata" : {
      "metadata" : { }
    },
    "hooks" : [ ]
  } ],
  "resources" : [ {
    "majorSchemaVersion" : 3,
    "name" : "order-app-db",
    "type" : "com.sap.xs.hdi-container",
    "properties" : { },
    "parameters" : {
      "generated-password" : "********",
      "service-name" : "order-app-db",
      "service-plan" : "hdi-shared",
      "service" : "hana",
      "generated-user" : "********",
      "default-xsappname" : "order-app-db",
      "type" : "managed-service",
      "default-service-name" : "order-app-db",
      "default-container-name" : "D0DF43B9TRIAL_DEV_ORDER_APP_DB"
    },
    "isActive" : true,
    "isOptional" : false,
    "propertiesMetadata" : {
      "metadata" : { }
    },
    "parametersMetadata" : {
      "metadata" : { }
    },
    "requiredDependencies" : [ ],
    "processedAfter" : [ ]
  }, {
    "majorSchemaVersion" : 3,
    "name" : "order-app-destination-service",
    "type" : "org.cloudfoundry.managed-service",
    "properties" : { },
    "parameters" : {
      "generated-password" : "********",
      "service-name" : "order-app-destination-service",
      "service-plan" : "lite",
      "service" : "destination",
      "generated-user" : "********",
      "default-xsappname" : "order-app-destination-service",
      "type" : "managed-service",
      "config" : {
        "HTML5Runtime_enabled" : true,
        "init_data" : {
          "instance" : {
            "destinations" : [ {
              "Authentication" : "********",
              "Name" : "ui5",
              "ProxyType" : "Internet",
              "Type" : "HTTP",
              "URL" : "https://ui5.sap.com"
            }, {
              "Authentication" : "********",
              "HTML5.DynamicDestination" : true,
              "HTML5.ForwardAuthToken" : "********",
              "Name" : "srv-api",
              "ProxyType" : "Internet",
              "Type" : "HTTP",
              "URL" : "https://d0df43b9trial-dev-order-app-srv.cfapps.us10-001.hana.ondemand.com"
            } ],
            "existing_destinations_policy" : "update"
          }
        },
        "version" : "1.0.0"
      },
      "default-service-name" : "order-app-destination-service",
      "default-container-name" : "D0DF43B9TRIAL_DEV_ORDER_APP_DESTINATION_SERVICE"
    },
    "isActive" : true,
    "isOptional" : false,
    "propertiesMetadata" : {
      "metadata" : { }
    },
    "parametersMetadata" : {
      "metadata" : { }
    },
    "requiredDependencies" : [ {
      "majorSchemaVersion" : 3,
      "name" : "srv-api",
      "properties" : { },
      "parameters" : { },
      "propertiesMetadata" : {
        "metadata" : { }
      },
      "parametersMetadata" : {
        "metadata" : { }
      }
    } ],
    "processedAfter" : [ ]
  }, {
    "majorSchemaVersion" : 3,
    "name" : "order-app_html_repo_host",
    "type" : "org.cloudfoundry.managed-service",
    "properties" : { },
    "parameters" : {
      "generated-password" : "********",
      "service-name" : "order-app-html5-app-host-service",
      "service-plan" : "app-host",
      "service" : "html5-apps-repo",
      "generated-user" : "********",
      "default-xsappname" : "order-app_html_repo_host",
      "type" : "managed-service",
      "default-service-name" : "order-app_html_repo_host",
      "default-container-name" : "D0DF43B9TRIAL_DEV_ORDER_APP_HTML_REPO_HOST"
    },
    "isActive" : true,
    "isOptional" : false,
    "propertiesMetadata" : {
      "metadata" : { }
    },
    "parametersMetadata" : {
      "metadata" : { }
    },
    "requiredDependencies" : [ ],
    "processedAfter" : [ ]
  }, {
    "majorSchemaVersion" : 3,
    "name" : "uaa_order-app",
    "type" : "org.cloudfoundry.managed-service",
    "properties" : { },
    "parameters" : {
      "generated-password" : "********",
      "path" : "./xs-security.json",
      "service-name" : "order-app-xsuaa-service",
      "service-plan" : "application",
      "service" : "xsuaa",
      "generated-user" : "********",
      "default-xsappname" : "uaa_order-app",
      "type" : "managed-service",
      "default-service-name" : "uaa_order-app",
      "default-container-name" : "D0DF43B9TRIAL_DEV_UAA_ORDER_APP"
    },
    "isActive" : true,
    "isOptional" : false,
    "propertiesMetadata" : {
      "metadata" : { }
    },
    "parametersMetadata" : {
      "metadata" : { }
    },
    "requiredDependencies" : [ ],
    "processedAfter" : [ ]
  } ],
  "parameters" : {
    "deploy_mode" : "html5-repo",
    "mta-id" : "order-app",
    "authorization-url" : "********",
    "org-guid" : "188e7b36-f870-46ac-b4b4-fcdce414afb1",
    "org" : "d0df43b9trial",
    "deploy-target" : "d0df43b9trial dev",
    "enable-parallel-deployments" : true,
    "region-primary-domain" : "us10.hana.ondemand.com",
    "space" : "dev",
    "region-domain" : "us10-001.hana.ondemand.com",
    "xs-api-url" : "https://api.cf.us10-001.hana.ondemand.com",
    "deploy-url" : "deploy-service.cfapps.us10-001.hana.ondemand.com",
    "xs-type" : "CF",
    "default-domain" : "cfapps.us10-001.hana.ondemand.com",
    "mta-version" : "1.0.0",
    "xs-auth-url" : "********",
    "space-guid" : "383e080d-c4c5-4598-b9e9-72e78ff581ba",
    "user" : "********",
    "controller-url" : "https://api.cf.us10-001.hana.ondemand.com",
    "timestamp" : "20260907110443"
  },
  "parametersMetadata" : {
    "metadata" : { }
  }
}#
#2026 09 07 11:05:05.094#Z#DEBUG#ee464cf9-aaab-11f1-a0e6-eeee0a85092e.OPERATION#flowable-async-job-executor-thread-16892#
[ProcessDescriptorStep] Merged descriptor properties and parameters resolved#
#2026 09 07 11:05:05.094#Z#DEBUG#ee464cf9-aaab-11f1-a0e6-eeee0a85092e.OPERATION#flowable-async-job-executor-thread-16892#
Step "Re-Process Descriptor Step" finished#
#2026 09 07 11:05:05.023#Z#DEBUG#ee464cf9-aaab-11f1-a0e6-eeee0a85092e.OPERATION#flowable-async-job-executor-thread-16893#
[CheckServiceBindingOperationStep] Executing task "checkForServiceBindingOperationInProgress" of process "fad839b2-aaab-11f1-a0e6-eeee0a85092e"...#
#2026 09 07 11:05:05.024#Z#DEBUG#ee464cf9-aaab-11f1-a0e6-eeee0a85092e.OPERATION#flowable-async-job-executor-thread-16893#
[CheckServiceBindingOperationStep] Checking for service binding operation in progress between app "order-app-srv" and service instance "order-app-xsuaa-service"#
#2026 09 07 11:05:05.025#Z#DEBUG#ee464cf9-aaab-11f1-a0e6-eeee0a85092e.OPERATION#flowable-async-job-executor-thread-16893#
[CheckServiceBindingOperationStep] Getting application guid "order-app-srv"...#
#2026 09 07 11:05:05.050#Z#DEBUG#ee464cf9-aaab-11f1-a0e6-eeee0a85092e.OPERATION#flowable-async-job-executor-thread-16893#
[CheckServiceBindingOperationStep] Getting GUID of required service instance "order-app-xsuaa-service"...#
#2026 09 07 11:05:05.072#Z#DEBUG#ee464cf9-aaab-11f1-a0e6-eeee0a85092e.OPERATION#flowable-async-job-executor-thread-16893#
[CheckServiceBindingOperationStep] Getting binding of service instance "66d49f0d-6435-432d-9cd6-69a1addfa7b5" with application "c18fe1fc-36e5-42c6-a94c-691eb977813f"...#
#2026 09 07 11:05:05.098#Z#DEBUG#ee464cf9-aaab-11f1-a0e6-eeee0a85092e.OPERATION#flowable-async-job-executor-thread-16893#
Step "Check For Service Binding Operation In Progress" finished#
#2026 09 07 11:05:05.134#Z#DEBUG#ee464cf9-aaab-11f1-a0e6-eeee0a85092e.OPERATION#flowable-async-job-executor-thread-16892#
[BuildApplicationDeployModelStep] Executing task "buildApplicationDeployModelTask" of process "fad972ce-aaab-11f1-a0e6-eeee0a85092e"...#
#2026 09 07 11:05:05.139#Z#DEBUG#ee464cf9-aaab-11f1-a0e6-eeee0a85092e.OPERATION#flowable-async-job-executor-thread-16892#
[BuildApplicationDeployModelStep] Building cloud deployment model for application "order-app-db-deployer"...#
#2026 09 07 11:05:05.146#Z#DEBUG#ee464cf9-aaab-11f1-a0e6-eeee0a85092e.OPERATION#flowable-async-job-executor-thread-16892#
[BuildApplicationDeployModelStep] No health-check-type is specified. Setting default type: port#
#2026 09 07 11:05:05.146#Z#INFO#ee464cf9-aaab-11f1-a0e6-eeee0a85092e.OPERATION#flowable-async-job-executor-thread-16892#
[BuildApplicationDeployModelStep] Building configuration entries for org d0df43b9trial, space dev, spaceId 383e080d-c4c5-4598-b9e9-72e78ff581ba and namespace null!#
#2026 09 07 11:05:05.147#Z#DEBUG#ee464cf9-aaab-11f1-a0e6-eeee0a85092e.OPERATION#flowable-async-job-executor-thread-16892#
[BuildApplicationDeployModelStep] Configuration entries to publish: [ ]#
#2026 09 07 11:05:05.147#Z#DEBUG#ee464cf9-aaab-11f1-a0e6-eeee0a85092e.OPERATION#flowable-async-job-executor-thread-16892#
[BuildApplicationDeployModelStep] Cloud deployment model for application built#
#2026 09 07 11:05:05.147#Z#DEBUG#ee464cf9-aaab-11f1-a0e6-eeee0a85092e.OPERATION#flowable-async-job-executor-thread-16892#
Step "Build Application Deploy Model" finished#
#2026 09 07 11:05:05.138#Z#DEBUG#ee464cf9-aaab-11f1-a0e6-eeee0a85092e.OPERATION#flowable-async-job-executor-thread-16893#
[DetermineApplicationServiceBindingActionsStep] Executing task "determineApplicationServiceBindingActionsTask" of process "fad839b2-aaab-11f1-a0e6-eeee0a85092e"...#
#2026 09 07 11:05:05.141#Z#DEBUG#ee464cf9-aaab-11f1-a0e6-eeee0a85092e.OPERATION#flowable-async-job-executor-thread-16893#
[DetermineApplicationServiceBindingActionsStep] Determine bind/unbind operations of application "order-app-srv" to service instance "order-app-xsuaa-service"#
#2026 09 07 11:05:05.141#Z#DEBUG#ee464cf9-aaab-11f1-a0e6-eeee0a85092e.OPERATION#flowable-async-job-executor-thread-16893#
[DetermineApplicationServiceBindingActionsStep] Getting application "order-app-srv"...#
#2026 09 07 11:05:05.175#Z#DEBUG#ee464cf9-aaab-11f1-a0e6-eeee0a85092e.OPERATION#flowable-async-job-executor-thread-16893#
[DetermineApplicationServiceBindingActionsStep] Binding parameters for application "order-app-srv": { }#
#2026 09 07 11:05:05.206#Z#DEBUG#ee464cf9-aaab-11f1-a0e6-eeee0a85092e.OPERATION#flowable-async-job-executor-thread-16893#
[DetermineApplicationServiceBindingActionsStep] Calculated binding operations between application "order-app-srv" and service instance "order-app-xsuaa-service": unbind - false bind - true#
#2026 09 07 11:05:05.206#Z#DEBUG#ee464cf9-aaab-11f1-a0e6-eeee0a85092e.OPERATION#flowable-async-job-executor-thread-16893#
Step "Determine Application Service Binding Actions" finished#
#2026 09 07 11:05:05.247#Z#DEBUG#ee464cf9-aaab-11f1-a0e6-eeee0a85092e.OPERATION#flowable-async-job-executor-thread-16893#
[BindServiceToApplicationStep] Executing task "bindServiceToApplicationTask" of process "fad839b2-aaab-11f1-a0e6-eeee0a85092e"...#
#2026 09 07 11:05:05.249#Z#INFO#ee464cf9-aaab-11f1-a0e6-eeee0a85092e.OPERATION#flowable-async-job-executor-thread-16893#
[BindServiceToApplicationStep] Binding service instance "order-app-xsuaa-service" to application "order-app-srv"...#
#2026 09 07 11:05:05.257#Z#DEBUG#ee464cf9-aaab-11f1-a0e6-eeee0a85092e.OPERATION#flowable-async-job-executor-thread-16893#
[BindServiceToApplicationStep] Binding service instance "order-app-xsuaa-service" to application "order-app-srv" with parameters: { }#
#2026 09 07 11:05:05.362#Z#DEBUG#ee464cf9-aaab-11f1-a0e6-eeee0a85092e.OPERATION#flowable-async-job-executor-thread-16893#
Step "Bind Service to Application" finished#
#2026 09 07 11:05:05.199#Z#DEBUG#ee464cf9-aaab-11f1-a0e6-eeee0a85092e.OPERATION#flowable-async-job-executor-thread-16892#
[CreateOrUpdateAppStep] Executing task "createAppTask" of process "fad972ce-aaab-11f1-a0e6-eeee0a85092e"...#
#2026 09 07 11:05:05.201#Z#DEBUG#ee464cf9-aaab-11f1-a0e6-eeee0a85092e.OPERATION#flowable-async-job-executor-thread-16892#
[CreateOrUpdateAppStep] Getting application "order-app-db-deployer"...#
#2026 09 07 11:05:05.224#Z#INFO#ee464cf9-aaab-11f1-a0e6-eeee0a85092e.OPERATION#flowable-async-job-executor-thread-16892#
[CreateOrUpdateAppStep] Creating application "order-app-db-deployer" from MTA module "order-app-db-deployer"...#
#2026 09 07 11:05:05.233#Z#DEBUG#ee464cf9-aaab-11f1-a0e6-eeee0a85092e.OPERATION#flowable-async-job-executor-thread-16892#
[CreateOrUpdateAppStep] Creating application "order-app-db-deployer" with disk "null" memory "256", URIs "" and staging: "{
  "buildpacks" : [ "nodejs_buildpack" ],
  "healthCheckType" : "port",
  "appFeatures" : { }
}"#
#2026 09 07 11:05:05.453#Z#DEBUG#ee464cf9-aaab-11f1-a0e6-eeee0a85092e.OPERATION#flowable-async-job-executor-thread-16892#
[CreateOrUpdateAppStep] Application "order-app-db-deployer" created#
#2026 09 07 11:05:05.453#Z#DEBUG#ee464cf9-aaab-11f1-a0e6-eeee0a85092e.OPERATION#flowable-async-job-executor-thread-16892#
Step "Create App" finished#
#2026 09 07 11:05:05.616#Z#DEBUG#ee464cf9-aaab-11f1-a0e6-eeee0a85092e.OPERATION#flowable-async-job-executor-thread-16892#
[CheckServiceBindingOperationStep] Executing task "checkForServiceBindingOperationInProgress" of process "fb280786-aaab-11f1-a0e6-eeee0a85092e"...#
#2026 09 07 11:05:05.616#Z#DEBUG#ee464cf9-aaab-11f1-a0e6-eeee0a85092e.OPERATION#flowable-async-job-executor-thread-16892#
[CheckServiceBindingOperationStep] Checking for service binding operation in progress between app "order-app-db-deployer" and service instance "order-app-db"#
#2026 09 07 11:05:05.618#Z#DEBUG#ee464cf9-aaab-11f1-a0e6-eeee0a85092e.OPERATION#flowable-async-job-executor-thread-16892#
[CheckServiceBindingOperationStep] Getting application guid "order-app-db-deployer"...#
#2026 09 07 11:05:05.645#Z#DEBUG#ee464cf9-aaab-11f1-a0e6-eeee0a85092e.OPERATION#flowable-async-job-executor-thread-16892#
[CheckServiceBindingOperationStep] Getting GUID of required service instance "order-app-db"...#
#2026 09 07 11:05:05.674#Z#DEBUG#ee464cf9-aaab-11f1-a0e6-eeee0a85092e.OPERATION#flowable-async-job-executor-thread-16892#
[CheckServiceBindingOperationStep] Getting binding of service instance "88b08f65-a4ad-4d8b-a977-a5354b30aada" with application "722b502e-e9bd-46fe-a37a-54a1ba0bdf43"...#
#2026 09 07 11:05:05.704#Z#DEBUG#ee464cf9-aaab-11f1-a0e6-eeee0a85092e.OPERATION#flowable-async-job-executor-thread-16892#
Step "Check For Service Binding Operation In Progress" finished#
#2026 09 07 11:05:05.734#Z#DEBUG#ee464cf9-aaab-11f1-a0e6-eeee0a85092e.OPERATION#flowable-async-job-executor-thread-16892#
[DetermineApplicationServiceBindingActionsStep] Executing task "determineApplicationServiceBindingActionsTask" of process "fb280786-aaab-11f1-a0e6-eeee0a85092e"...#
#2026 09 07 11:05:05.736#Z#DEBUG#ee464cf9-aaab-11f1-a0e6-eeee0a85092e.OPERATION#flowable-async-job-executor-thread-16892#
[DetermineApplicationServiceBindingActionsStep] Determine bind/unbind operations of application "order-app-db-deployer" to service instance "order-app-db"#
#2026 09 07 11:05:05.736#Z#DEBUG#ee464cf9-aaab-11f1-a0e6-eeee0a85092e.OPERATION#flowable-async-job-executor-thread-16892#
[DetermineApplicationServiceBindingActionsStep] Getting application "order-app-db-deployer"...#
#2026 09 07 11:05:05.772#Z#DEBUG#ee464cf9-aaab-11f1-a0e6-eeee0a85092e.OPERATION#flowable-async-job-executor-thread-16892#
[DetermineApplicationServiceBindingActionsStep] Binding parameters for application "order-app-db-deployer": { }#
#2026 09 07 11:05:05.791#Z#DEBUG#ee464cf9-aaab-11f1-a0e6-eeee0a85092e.OPERATION#flowable-async-job-executor-thread-16892#
[DetermineApplicationServiceBindingActionsStep] Calculated binding operations between application "order-app-db-deployer" and service instance "order-app-db": unbind - false bind - true#
#2026 09 07 11:05:05.791#Z#DEBUG#ee464cf9-aaab-11f1-a0e6-eeee0a85092e.OPERATION#flowable-async-job-executor-thread-16892#
Step "Determine Application Service Binding Actions" finished#
#2026 09 07 11:05:05.827#Z#DEBUG#ee464cf9-aaab-11f1-a0e6-eeee0a85092e.OPERATION#flowable-async-job-executor-thread-16892#
[BindServiceToApplicationStep] Executing task "bindServiceToApplicationTask" of process "fb280786-aaab-11f1-a0e6-eeee0a85092e"...#
#2026 09 07 11:05:05.829#Z#INFO#ee464cf9-aaab-11f1-a0e6-eeee0a85092e.OPERATION#flowable-async-job-executor-thread-16892#
[BindServiceToApplicationStep] Binding service instance "order-app-db" to application "order-app-db-deployer"...#
#2026 09 07 11:05:05.834#Z#DEBUG#ee464cf9-aaab-11f1-a0e6-eeee0a85092e.OPERATION#flowable-async-job-executor-thread-16892#
[BindServiceToApplicationStep] Binding service instance "order-app-db" to application "order-app-db-deployer" with parameters: { }#
#2026 09 07 11:05:05.963#Z#DEBUG#ee464cf9-aaab-11f1-a0e6-eeee0a85092e.OPERATION#flowable-async-job-executor-thread-16892#
Step "Bind Service to Application" finished#
#2026 09 07 11:05:05.185#Z#DEBUG#ee464cf9-aaab-11f1-a0e6-eeee0a85092e.OPERATION#flowable-async-job-executor-thread-16896#
[BuildContentDeploymentConfigurationStep] Executing task "buildContentDeploymentConfigurationTask" of process "faec859c-aaab-11f1-a0e6-eeee0a85092e"...#
#2026 09 07 11:05:05.192#Z#DEBUG#ee464cf9-aaab-11f1-a0e6-eeee0a85092e.OPERATION#flowable-async-job-executor-thread-16896#
[BuildContentDeploymentConfigurationStep] Getting service key "order-app-app-content-order-app_html_repo_host-credentials" for service instance "order-app-html5-app-host-service"...#
#2026 09 07 11:05:05.316#Z#INFO#ee464cf9-aaab-11f1-a0e6-eeee0a85092e.OPERATION#flowable-async-job-executor-thread-16896#
[BuildContentDeploymentConfigurationStep] Creating service key "order-app-app-content-order-app_html_repo_host-credentials" for service instance "order-app-html5-app-host-service"...#
#2026 09 07 11:05:05.321#Z#DEBUG#ee464cf9-aaab-11f1-a0e6-eeee0a85092e.OPERATION#flowable-async-job-executor-thread-16896#
[BuildContentDeploymentConfigurationStep] Creating service key "order-app-app-content-order-app_html_repo_host-credentials" for service instance "order-app-html5-app-host-service" with parameters: {
  "service_key_type" : "********"
}#
#2026 09 07 11:05:06.621#Z#DEBUG#ee464cf9-aaab-11f1-a0e6-eeee0a85092e.OPERATION#flowable-async-job-executor-thread-16896#
[BuildContentDeploymentConfigurationStep] Service key "order-app-app-content-order-app_html_repo_host-credentials" created#
#2026 09 07 11:05:06.621#Z#DEBUG#ee464cf9-aaab-11f1-a0e6-eeee0a85092e.OPERATION#flowable-async-job-executor-thread-16896#
Step "Build Content Deployment Configuration" finished#
#2026 09 07 11:05:05.837#Z#DEBUG#ee464cf9-aaab-11f1-a0e6-eeee0a85092e.OPERATION#flowable-async-job-executor-thread-14020#
[BuildContentDeploymentConfigurationStep] Executing task "buildContentDeploymentConfigurationTask" of process "fb433153-aaab-11f1-b7ee-eeee0a8f45c2"...#
#2026 09 07 11:05:05.847#Z#DEBUG#ee464cf9-aaab-11f1-a0e6-eeee0a85092e.OPERATION#ForkJoinPool-207-worker-1#
[BuildContentDeploymentConfigurationStep] Getting service key "order-app-destination-content-order-app-destination-service-credentials" for service instance "order-app-destination-service"...#
#2026 09 07 11:05:05.847#Z#DEBUG#ee464cf9-aaab-11f1-a0e6-eeee0a85092e.OPERATION#ForkJoinPool-207-worker-2#
[BuildContentDeploymentConfigurationStep] Getting service key "order-app_html_repo_host-key" for service instance "order-app-html5-app-host-service"...#
#2026 09 07 11:05:05.847#Z#DEBUG#ee464cf9-aaab-11f1-a0e6-eeee0a85092e.OPERATION#ForkJoinPool-207-worker-3#
[BuildContentDeploymentConfigurationStep] Getting service key "uaa_order-app-key" for service instance "order-app-xsuaa-service"...#
#2026 09 07 11:05:05.976#Z#INFO#ee464cf9-aaab-11f1-a0e6-eeee0a85092e.OPERATION#ForkJoinPool-207-worker-3#
[BuildContentDeploymentConfigurationStep] Creating service key "uaa_order-app-key" for service instance "order-app-xsuaa-service"...#
#2026 09 07 11:05:05.980#Z#INFO#ee464cf9-aaab-11f1-a0e6-eeee0a85092e.OPERATION#ForkJoinPool-207-worker-2#
[BuildContentDeploymentConfigurationStep] Creating service key "order-app_html_repo_host-key" for service instance "order-app-html5-app-host-service"...#
#2026 09 07 11:05:05.985#Z#DEBUG#ee464cf9-aaab-11f1-a0e6-eeee0a85092e.OPERATION#ForkJoinPool-207-worker-3#
[BuildContentDeploymentConfigurationStep] Creating service key "uaa_order-app-key" for service instance "order-app-xsuaa-service" with parameters: { }#
#2026 09 07 11:05:05.985#Z#INFO#ee464cf9-aaab-11f1-a0e6-eeee0a85092e.OPERATION#ForkJoinPool-207-worker-1#
[BuildContentDeploymentConfigurationStep] Creating service key "order-app-destination-content-order-app-destination-service-credentials" for service instance "order-app-destination-service"...#
#2026 09 07 11:05:05.989#Z#DEBUG#ee464cf9-aaab-11f1-a0e6-eeee0a85092e.OPERATION#ForkJoinPool-207-worker-2#
[BuildContentDeploymentConfigurationStep] Creating service key "order-app_html_repo_host-key" for service instance "order-app-html5-app-host-service" with parameters: { }#
#2026 09 07 11:05:05.991#Z#DEBUG#ee464cf9-aaab-11f1-a0e6-eeee0a85092e.OPERATION#ForkJoinPool-207-worker-1#
[BuildContentDeploymentConfigurationStep] Creating service key "order-app-destination-content-order-app-destination-service-credentials" for service instance "order-app-destination-service" with parameters: {
  "service_key_type" : "********"
}#
#2026 09 07 11:05:07.291#Z#DEBUG#ee464cf9-aaab-11f1-a0e6-eeee0a85092e.OPERATION#ForkJoinPool-207-worker-1#
[BuildContentDeploymentConfigurationStep] Service key "order-app-destination-content-order-app-destination-service-credentials" created#
#2026 09 07 11:05:07.307#Z#DEBUG#ee464cf9-aaab-11f1-a0e6-eeee0a85092e.OPERATION#ForkJoinPool-207-worker-2#
[BuildContentDeploymentConfigurationStep] Service key "order-app_html_repo_host-key" created#
#2026 09 07 11:05:07.318#Z#DEBUG#ee464cf9-aaab-11f1-a0e6-eeee0a85092e.OPERATION#ForkJoinPool-207-worker-3#
[BuildContentDeploymentConfigurationStep] Service key "uaa_order-app-key" created#
#2026 09 07 11:05:07.318#Z#DEBUG#ee464cf9-aaab-11f1-a0e6-eeee0a85092e.OPERATION#flowable-async-job-executor-thread-14020#
Step "Build Content Deployment Configuration" finished#
#2026 09 07 11:05:07.328#Z#DEBUG#ee464cf9-aaab-11f1-a0e6-eeee0a85092e.OPERATION#flowable-async-job-executor-thread-14020#
[CreateContentDeployClientConfigurationStep] Executing task "createContentDeployClientConfigurationTask" of process "fc3de435-aaab-11f1-b7ee-eeee0a8f45c2"...#
#2026 09 07 11:05:07.328#Z#DEBUG#ee464cf9-aaab-11f1-a0e6-eeee0a85092e.OPERATION#flowable-async-job-executor-thread-14020#
[CreateContentDeployClientConfigurationStep] Content deployer client configuration: {
  "contentDeployerUrl" : "https://destination-configuration.cfapps.us10.hana.ondemand.com/destination-configuration/gacd",
  "uaaClientConfiguration" : {
    "url" : "********",
    "credentials" : "********",
    "authenticationStrategyType" : "********"
  },
  "httpRequestHeaders" : {
    "X-CorrelationID" : "ee464cf9-aaab-11f1-a0e6-eeee0a85092e"
  },
  "spaceId" : "383e080d-c4c5-4598-b9e9-72e78ff581ba",
  "serviceName" : "order-app-destination-service"
}#
#2026 09 07 11:05:07.603#Z#DEBUG#ee464cf9-aaab-11f1-a0e6-eeee0a85092e.OPERATION#flowable-async-job-executor-thread-14020#
Step "Create Content Deploy Client Configuration" finished#
#2026 09 07 11:05:07.606#Z#DEBUG#ee464cf9-aaab-11f1-a0e6-eeee0a85092e.OPERATION#flowable-async-job-executor-thread-14020#
[GetContentFromDeploymentDescriptorStep] Executing task "getContentFromDeploymentDescriptorTask" of process "fc3de435-aaab-11f1-b7ee-eeee0a8f45c2"...#
#2026 09 07 11:05:07.607#Z#DEBUG#ee464cf9-aaab-11f1-a0e6-eeee0a85092e.OPERATION#flowable-async-job-executor-thread-14020#
[GetContentFromDeploymentDescriptorStep] Content for module: "order-app-destination-content" is: "{
  "id" : "aa57dfd2-3a5b-48e5-b022-f297a5f5d1ad",
  "contentType" : "EMBEDDED",
  "content" : {
    "instance" : {
      "destinations" : [ {
        "Name" : "orderappcapmrouter_order_app_html_repo_host",
        "ServiceInstanceName" : "order-app-html5-app-host-service",
        "ServiceKeyName" : "********",
        "sap.cloud.service" : "orderappcapmrouter"
      }, {
        "Authentication" : "********",
        "Name" : "orderappcapmrouter_uaa_order_app",
        "ServiceInstanceName" : "order-app-xsuaa-service",
        "ServiceKeyName" : "********",
        "sap.cloud.service" : "orderappcapmrouter"
      } ],
      "existing_destinations_policy" : "ignore"
    }
  }
}"#
#2026 09 07 11:05:07.607#Z#DEBUG#ee464cf9-aaab-11f1-a0e6-eeee0a85092e.OPERATION#flowable-async-job-executor-thread-14020#
Step "Get Content From Deployment Descriptor" finished#
#2026 09 07 11:05:07.611#Z#DEBUG#ee464cf9-aaab-11f1-a0e6-eeee0a85092e.OPERATION#flowable-async-job-executor-thread-14020#
[SynchronousContentDeployStep] Executing task "synchronousContentDeployTask" of process "fc3de435-aaab-11f1-b7ee-eeee0a8f45c2"...#
#2026 09 07 11:05:07.611#Z#INFO#ee464cf9-aaab-11f1-a0e6-eeee0a85092e.OPERATION#flowable-async-job-executor-thread-14020#
[SynchronousContentDeployStep] Deploying content module "order-app-destination-content" in target service "order-app-destination-service"...#
#2026 09 07 11:05:07.778#Z#DEBUG#ee464cf9-aaab-11f1-a0e6-eeee0a85092e.OPERATION#flowable-async-job-executor-thread-14020#
[SynchronousContentDeployStep] Processing inline content upload for module: order-app-destination-content#
#2026 09 07 11:05:08.071#Z#DEBUG#ee464cf9-aaab-11f1-a0e6-eeee0a85092e.OPERATION#flowable-async-job-executor-thread-14020#
Step "Synchronous Deploy" finished#
#2026 09 07 11:05:10.547#Z#DEBUG#ee464cf9-aaab-11f1-a0e6-eeee0a85092e.OPERATION#flowable-async-job-executor-thread-40204#
[BindServiceToApplicationStep] Executing task "bindServiceToApplicationTask" of process "fa718856-aaab-11f1-b7ee-eeee0a8f45c2"...#
#2026 09 07 11:05:10.548#Z#DEBUG#ee464cf9-aaab-11f1-a0e6-eeee0a85092e.OPERATION#flowable-async-job-executor-thread-40204#
[BindServiceToApplicationStep] Getting async job "091f722c-02ce-4a64-b827-3242f4de9632"#
#2026 09 07 11:05:10.573#Z#DEBUG#ee464cf9-aaab-11f1-a0e6-eeee0a85092e.OPERATION#flowable-async-job-executor-thread-40204#
[BindServiceToApplicationStep] Getting service instance "order-app-db"...#
#2026 09 07 11:05:10.663#Z#DEBUG#ee464cf9-aaab-11f1-a0e6-eeee0a85092e.OPERATION#flowable-async-job-executor-thread-40207#
[BindServiceToApplicationStep] Executing task "bindServiceToApplicationTask" of process "fad839b2-aaab-11f1-a0e6-eeee0a85092e"...#
#2026 09 07 11:05:10.664#Z#DEBUG#ee464cf9-aaab-11f1-a0e6-eeee0a85092e.OPERATION#flowable-async-job-executor-thread-40207#
[BindServiceToApplicationStep] Getting async job "5f3ca263-9d01-49dc-bff1-0aa0e72f1633"#
#2026 09 07 11:05:10.665#Z#DEBUG#ee464cf9-aaab-11f1-a0e6-eeee0a85092e.OPERATION#flowable-async-job-executor-thread-40204#
[BindServiceToApplicationStep] Async operation of service binding "091f722c-02ce-4a64-b827-3242f4de9632" is in state "POLLING" warnings ""#
#2026 09 07 11:05:10.665#Z#DEBUG#ee464cf9-aaab-11f1-a0e6-eeee0a85092e.OPERATION#flowable-async-job-executor-thread-40204#
Step "Bind Service to Application" finished#
#2026 09 07 11:05:10.688#Z#DEBUG#ee464cf9-aaab-11f1-a0e6-eeee0a85092e.OPERATION#flowable-async-job-executor-thread-40207#
[BindServiceToApplicationStep] Getting service instance "order-app-xsuaa-service"...#
#2026 09 07 11:05:10.779#Z#DEBUG#ee464cf9-aaab-11f1-a0e6-eeee0a85092e.OPERATION#flowable-async-job-executor-thread-40207#
[BindServiceToApplicationStep] Async service binding operation with id "5f3ca263-9d01-49dc-bff1-0aa0e72f1633" finished#
#2026 09 07 11:05:10.779#Z#DEBUG#ee464cf9-aaab-11f1-a0e6-eeee0a85092e.OPERATION#flowable-async-job-executor-thread-40207#
Step "Bind Service to Application" finished#
#2026 09 07 11:05:06.625#Z#DEBUG#ee464cf9-aaab-11f1-a0e6-eeee0a85092e.OPERATION#flowable-async-job-executor-thread-16896#
[CreateContentDeployClientConfigurationStep] Executing task "createContentDeployClientConfigurationTask" of process "fbd314eb-aaab-11f1-a0e6-eeee0a85092e"...#
#2026 09 07 11:05:06.626#Z#DEBUG#ee464cf9-aaab-11f1-a0e6-eeee0a85092e.OPERATION#flowable-async-job-executor-thread-16896#
[CreateContentDeployClientConfigurationStep] Content deployer client configuration: {
  "contentDeployerUrl" : "https://html5-apps-repo-dt.cfapps.us10.hana.ondemand.com",
  "uaaClientConfiguration" : {
    "url" : "********",
    "credentials" : "********",
    "authenticationStrategyType" : "********"
  },
  "httpRequestHeaders" : {
    "X-CorrelationID" : "ee464cf9-aaab-11f1-a0e6-eeee0a85092e"
  },
  "spaceId" : "383e080d-c4c5-4598-b9e9-72e78ff581ba",
  "serviceName" : "order-app_html_repo_host"
}#
#2026 09 07 11:05:11.878#Z#DEBUG#ee464cf9-aaab-11f1-a0e6-eeee0a85092e.OPERATION#flowable-async-job-executor-thread-16896#
Step "Create Content Deploy Client Configuration" finished#
#2026 09 07 11:05:11.879#Z#DEBUG#ee464cf9-aaab-11f1-a0e6-eeee0a85092e.OPERATION#flowable-async-job-executor-thread-16896#
[GetContentFromDeploymentDescriptorStep] Executing task "getContentFromDeploymentDescriptorTask" of process "fbd314eb-aaab-11f1-a0e6-eeee0a85092e"...#
#2026 09 07 11:05:11.879#Z#DEBUG#ee464cf9-aaab-11f1-a0e6-eeee0a85092e.OPERATION#flowable-async-job-executor-thread-16896#
Step "Get Content From Deployment Descriptor" finished#
#2026 09 07 11:05:11.883#Z#DEBUG#ee464cf9-aaab-11f1-a0e6-eeee0a85092e.OPERATION#flowable-async-job-executor-thread-16896#
[UploadContentStep] Executing task "uploadContentTask" of process "fbd314eb-aaab-11f1-a0e6-eeee0a85092e"...#
#2026 09 07 11:05:11.883#Z#INFO#ee464cf9-aaab-11f1-a0e6-eeee0a85092e.OPERATION#flowable-async-job-executor-thread-16896#
[UploadContentStep] Uploading content module "order-app-app-content" in target service "order-app_html_repo_host"...#
#2026 09 07 11:05:11.889#Z#DEBUG#ee464cf9-aaab-11f1-a0e6-eeee0a85092e.OPERATION#flowable-async-job-executor-thread-16896#
[UploadContentStep] Uploading file "order-app-app-content/resources/data.zip" for content module "order-app-app-content" in service "order-app_html_repo_host"#
#2026 09 07 11:05:12.104#Z#INFO#ee464cf9-aaab-11f1-a0e6-eeee0a85092e.OPERATION#flowable-async-job-executor-thread-16896#
[UploadContentStep] Content to deploy size: 5,068 in bytes#
#2026 09 07 11:05:12.493#Z#DEBUG#ee464cf9-aaab-11f1-a0e6-eeee0a85092e.OPERATION#flowable-async-job-executor-thread-16896#
[UploadContentStep] Uploaded content: {
  "id" : "bb1e2bfa-0fab-4049-bfe5-9b429e0f9e1a",
  "name" : "content.zip",
  "contentType" : "FILE"
}#
#2026 09 07 11:05:12.493#Z#DEBUG#ee464cf9-aaab-11f1-a0e6-eeee0a85092e.OPERATION#flowable-async-job-executor-thread-16896#
Step "Upload Content" finished#
#2026 09 07 11:05:12.495#Z#DEBUG#ee464cf9-aaab-11f1-a0e6-eeee0a85092e.OPERATION#flowable-async-job-executor-thread-16896#
[StartContentDeployStep] Executing task "startContentDeployTask" of process "fbd314eb-aaab-11f1-a0e6-eeee0a85092e"...#
#2026 09 07 11:05:12.495#Z#INFO#ee464cf9-aaab-11f1-a0e6-eeee0a85092e.OPERATION#flowable-async-job-executor-thread-16896#
[StartContentDeployStep] Deploying content module "order-app-app-content" in target service "order-app_html_repo_host"...#
#2026 09 07 11:05:12.810#Z#DEBUG#ee464cf9-aaab-11f1-a0e6-eeee0a85092e.OPERATION#flowable-async-job-executor-thread-16896#
Step "Start Content Deploy" finished#
#2026 09 07 11:05:20.644#Z#DEBUG#ee464cf9-aaab-11f1-a0e6-eeee0a85092e.OPERATION#flowable-async-job-executor-thread-40218#
[BindServiceToApplicationStep] Executing task "bindServiceToApplicationTask" of process "fa718856-aaab-11f1-b7ee-eeee0a8f45c2"...#
#2026 09 07 11:05:20.646#Z#DEBUG#ee464cf9-aaab-11f1-a0e6-eeee0a85092e.OPERATION#flowable-async-job-executor-thread-40218#
[BindServiceToApplicationStep] Getting async job "091f722c-02ce-4a64-b827-3242f4de9632"#
#2026 09 07 11:05:20.664#Z#DEBUG#ee464cf9-aaab-11f1-a0e6-eeee0a85092e.OPERATION#flowable-async-job-executor-thread-40218#
[BindServiceToApplicationStep] Getting service instance "order-app-db"...#
#2026 09 07 11:05:20.753#Z#DEBUG#ee464cf9-aaab-11f1-a0e6-eeee0a85092e.OPERATION#flowable-async-job-executor-thread-40218#
[BindServiceToApplicationStep] Async service binding operation with id "091f722c-02ce-4a64-b827-3242f4de9632" finished#
#2026 09 07 11:05:20.754#Z#DEBUG#ee464cf9-aaab-11f1-a0e6-eeee0a85092e.OPERATION#flowable-async-job-executor-thread-40218#
Step "Bind Service to Application" finished#
#2026 09 07 11:05:20.581#Z#DEBUG#ee464cf9-aaab-11f1-a0e6-eeee0a85092e.OPERATION#flowable-async-job-executor-thread-40214#
[StartContentDeployStep] Executing task "startContentDeployTask" of process "fbd314eb-aaab-11f1-a0e6-eeee0a85092e"...#
#2026 09 07 11:05:20.584#Z#DEBUG#ee464cf9-aaab-11f1-a0e6-eeee0a85092e.OPERATION#flowable-async-job-executor-thread-40214#
[StartContentDeployStep] Checking status of module content deployment "order-app-app-content" in service "order-app_html_repo_host"...#
#2026 09 07 11:05:21.056#Z#DEBUG#ee464cf9-aaab-11f1-a0e6-eeee0a85092e.OPERATION#flowable-async-job-executor-thread-40214#
[StartContentDeployStep] Deleting content deployment resource "bb1e2bfa-0fab-4049-bfe5-9b429e0f9e1a"...#
#2026 09 07 11:05:21.089#Z#DEBUG#ee464cf9-aaab-11f1-a0e6-eeee0a85092e.OPERATION#flowable-async-job-executor-thread-40214#
Step "Start Content Deploy" finished#
#2026 09 07 11:05:20.967#Z#DEBUG#ee464cf9-aaab-11f1-a0e6-eeee0a85092e.OPERATION#flowable-async-job-executor-thread-40216#
[BindServiceToApplicationStep] Executing task "bindServiceToApplicationTask" of process "fb280786-aaab-11f1-a0e6-eeee0a85092e"...#
#2026 09 07 11:05:20.968#Z#DEBUG#ee464cf9-aaab-11f1-a0e6-eeee0a85092e.OPERATION#flowable-async-job-executor-thread-40216#
[BindServiceToApplicationStep] Getting async job "c13e1377-198f-4bb9-978d-cdfc128bb946"#
#2026 09 07 11:05:20.994#Z#DEBUG#ee464cf9-aaab-11f1-a0e6-eeee0a85092e.OPERATION#flowable-async-job-executor-thread-40216#
[BindServiceToApplicationStep] Getting service instance "order-app-db"...#
#2026 09 07 11:05:21.089#Z#DEBUG#ee464cf9-aaab-11f1-a0e6-eeee0a85092e.OPERATION#flowable-async-job-executor-thread-40216#
[BindServiceToApplicationStep] Async service binding operation with id "c13e1377-198f-4bb9-978d-cdfc128bb946" finished#
#2026 09 07 11:05:21.090#Z#DEBUG#ee464cf9-aaab-11f1-a0e6-eeee0a85092e.OPERATION#flowable-async-job-executor-thread-40216#
Step "Bind Service to Application" finished#
#2026 09 07 11:05:21.216#Z#DEBUG#ee464cf9-aaab-11f1-a0e6-eeee0a85092e.OPERATION#flowable-async-job-executor-thread-40217#
[DetermineVcapServicesPropertiesChangedStep] Executing task "determineVcapServicesPropertiesChangedTask" of process "04610541-aaac-11f1-9d93-eeee0a944821"...#
#2026 09 07 11:05:21.217#Z#DEBUG#ee464cf9-aaab-11f1-a0e6-eeee0a85092e.OPERATION#flowable-async-job-executor-thread-40217#
[DetermineVcapServicesPropertiesChangedStep] VCAP_SERVICES properties for application "order-app-srv" changed: true#
#2026 09 07 11:05:21.217#Z#DEBUG#ee464cf9-aaab-11f1-a0e6-eeee0a85092e.OPERATION#flowable-async-job-executor-thread-40217#
Step "Determine vcap services properties changed" finished#
#2026 09 07 11:05:21.317#Z#DEBUG#ee464cf9-aaab-11f1-a0e6-eeee0a85092e.OPERATION#flowable-async-job-executor-thread-40214#
[DetermineVcapServicesPropertiesChangedStep] Executing task "determineVcapServicesPropertiesChangedTask" of process "048a86c8-aaac-11f1-9d93-eeee0a944821"...#
#2026 09 07 11:05:21.319#Z#DEBUG#ee464cf9-aaab-11f1-a0e6-eeee0a85092e.OPERATION#flowable-async-job-executor-thread-40214#
[DetermineVcapServicesPropertiesChangedStep] VCAP_SERVICES properties for application "order-app-db-deployer" changed: true#
#2026 09 07 11:05:21.319#Z#DEBUG#ee464cf9-aaab-11f1-a0e6-eeee0a85092e.OPERATION#flowable-async-job-executor-thread-40214#
Step "Determine vcap services properties changed" finished#
#2026 09 07 11:05:21.306#Z#DEBUG#ee464cf9-aaab-11f1-a0e6-eeee0a85092e.OPERATION#flowable-async-job-executor-thread-40215#
[UploadAppStep] Executing task "uploadAppTask" of process "04610541-aaac-11f1-9d93-eeee0a944821"...#
#2026 09 07 11:05:21.307#Z#DEBUG#ee464cf9-aaab-11f1-a0e6-eeee0a85092e.OPERATION#flowable-async-job-executor-thread-40215#
[UploadAppStep] Application upload timeout is default one: 3,600 seconds#
#2026 09 07 11:05:21.307#Z#INFO#ee464cf9-aaab-11f1-a0e6-eeee0a85092e.OPERATION#flowable-async-job-executor-thread-40215#
[UploadAppStep] Uploading application "order-app-srv"...#
#2026 09 07 11:05:21.312#Z#DEBUG#ee464cf9-aaab-11f1-a0e6-eeee0a85092e.OPERATION#flowable-async-job-executor-thread-40215#
[UploadAppStep] Getting application "order-app-srv"...#
#2026 09 07 11:05:21.339#Z#DEBUG#ee464cf9-aaab-11f1-a0e6-eeee0a85092e.OPERATION#flowable-async-job-executor-thread-40215#
[UploadAppStep] Getting environment of application "c18fe1fc-36e5-42c6-a94c-691eb977813f"...#
#2026 09 07 11:05:21.365#Z#DEBUG#ee464cf9-aaab-11f1-a0e6-eeee0a85092e.OPERATION#flowable-async-job-executor-thread-40212#
[UploadAppStep] Executing task "uploadAppTask" of process "048a86c8-aaac-11f1-9d93-eeee0a944821"...#
#2026 09 07 11:05:21.366#Z#DEBUG#ee464cf9-aaab-11f1-a0e6-eeee0a85092e.OPERATION#flowable-async-job-executor-thread-40212#
[UploadAppStep] Application upload timeout is default one: 3,600 seconds#
#2026 09 07 11:05:21.366#Z#INFO#ee464cf9-aaab-11f1-a0e6-eeee0a85092e.OPERATION#flowable-async-job-executor-thread-40212#
[UploadAppStep] Uploading application "order-app-db-deployer"...#
#2026 09 07 11:05:21.371#Z#DEBUG#ee464cf9-aaab-11f1-a0e6-eeee0a85092e.OPERATION#flowable-async-job-executor-thread-40212#
[UploadAppStep] Getting application "order-app-db-deployer"...#
#2026 09 07 11:05:21.375#Z#INFO#ee464cf9-aaab-11f1-a0e6-eeee0a85092e.OPERATION#flowable-async-job-executor-thread-40215#
[UploadAppStep] Calculating application digest: "order-app-srv"#
#2026 09 07 11:05:21.395#Z#DEBUG#ee464cf9-aaab-11f1-a0e6-eeee0a85092e.OPERATION#flowable-async-job-executor-thread-40212#
[UploadAppStep] Getting environment of application "722b502e-e9bd-46fe-a37a-54a1ba0bdf43"...#
#2026 09 07 11:05:21.431#Z#INFO#ee464cf9-aaab-11f1-a0e6-eeee0a85092e.OPERATION#flowable-async-job-executor-thread-40212#
[UploadAppStep] Calculating application digest: "order-app-db-deployer"#
#2026 09 07 11:05:21.503#Z#DEBUG#ee464cf9-aaab-11f1-a0e6-eeee0a85092e.OPERATION#flowable-async-job-executor-thread-40212#
Step "Upload App" finished#
#2026 09 07 11:05:21.512#Z#DEBUG#ee464cf9-aaab-11f1-a0e6-eeee0a85092e.OPERATION#flowable-async-job-executor-thread-40215#
Step "Upload App" finished#
#2026 09 07 11:05:30.813#Z#DEBUG#ee464cf9-aaab-11f1-a0e6-eeee0a85092e.OPERATION#flowable-async-job-executor-thread-16912#
[UploadAppStep] Executing task "uploadAppTask" of process "048a86c8-aaac-11f1-9d93-eeee0a944821"...#
#2026 09 07 11:05:30.815#Z#DEBUG#ee464cf9-aaab-11f1-a0e6-eeee0a85092e.OPERATION#flowable-async-job-executor-thread-16912#
[UploadAppStep] Application upload timeout is default one: 3,600 seconds#
#2026 09 07 11:05:30.818#Z#DEBUG#ee464cf9-aaab-11f1-a0e6-eeee0a85092e.OPERATION#pool-14-thread-5#
[UploadAppStep] Upload of application: order-app-db-deployer started on instance: 1#
#2026 09 07 11:05:30.818#Z#DEBUG#ee464cf9-aaab-11f1-a0e6-eeee0a85092e.OPERATION#pool-14-thread-5#
[UploadAppStep] Uploading file "order-app-db-deployer/data.zip" for application "order-app-db-deployer"#
#2026 09 07 11:05:30.910#Z#INFO#ee464cf9-aaab-11f1-a0e6-eeee0a85092e.OPERATION#pool-14-thread-5#
[UploadAppStep] Time elapsed for app binary download: 92 in millis#
#2026 09 07 11:05:30.911#Z#INFO#ee464cf9-aaab-11f1-a0e6-eeee0a85092e.OPERATION#pool-14-thread-5#
[UploadAppStep] Size of app order-app-db-deployer is 2,447,145 bytes#
#2026 09 07 11:05:30.911#Z#DEBUG#ee464cf9-aaab-11f1-a0e6-eeee0a85092e.OPERATION#pool-14-thread-5#
[UploadAppStep] Asynchronously uploading binaries for application "order-app-db-deployer"...#
#2026 09 07 11:05:31.110#Z#INFO#ee464cf9-aaab-11f1-a0e6-eeee0a85092e.OPERATION#pool-14-thread-5#
[UploadAppStep] Started async upload of application "order-app-db-deployer"#
#2026 09 07 11:05:31.115#Z#INFO#ee464cf9-aaab-11f1-a0e6-eeee0a85092e.OPERATION#flowable-async-job-executor-thread-16912#
[UploadAppStep] Time elapsed for upload: 299 in millis#
#2026 09 07 11:05:31.115#Z#DEBUG#ee464cf9-aaab-11f1-a0e6-eeee0a85092e.OPERATION#flowable-async-job-executor-thread-16912#
[UploadAppStep] Getting application "order-app-db-deployer"...#
#2026 09 07 11:05:31.131#Z#DEBUG#ee464cf9-aaab-11f1-a0e6-eeee0a85092e.OPERATION#App upload monitor: 386e744c-feee-4f77-a379-beeb33c85821#
[UploadAppStep] Upload status: PROCESSING_UPLOAD#
#2026 09 07 11:05:31.144#Z#DEBUG#ee464cf9-aaab-11f1-a0e6-eeee0a85092e.OPERATION#flowable-async-job-executor-thread-16912#
[UploadAppStep] Getting environment of application "722b502e-e9bd-46fe-a37a-54a1ba0bdf43"...#
#2026 09 07 11:05:31.175#Z#DEBUG#ee464cf9-aaab-11f1-a0e6-eeee0a85092e.OPERATION#flowable-async-job-executor-thread-16912#
[UploadAppStep] Updating environment of application "order-app-db-deployer"#
#2026 09 07 11:05:31.249#Z#DEBUG#ee464cf9-aaab-11f1-a0e6-eeee0a85092e.OPERATION#flowable-async-job-executor-thread-16912#
Step "Upload App" finished#
#2026 09 07 11:05:30.737#Z#DEBUG#ee464cf9-aaab-11f1-a0e6-eeee0a85092e.OPERATION#flowable-async-job-executor-thread-40224#
[UploadAppStep] Executing task "uploadAppTask" of process "04610541-aaac-11f1-9d93-eeee0a944821"...#
#2026 09 07 11:05:30.739#Z#DEBUG#ee464cf9-aaab-11f1-a0e6-eeee0a85092e.OPERATION#flowable-async-job-executor-thread-40224#
[UploadAppStep] Application upload timeout is default one: 3,600 seconds#
#2026 09 07 11:05:30.741#Z#DEBUG#ee464cf9-aaab-11f1-a0e6-eeee0a85092e.OPERATION#pool-14-thread-3#
[UploadAppStep] Upload of application: order-app-srv started on instance: 0#
#2026 09 07 11:05:30.741#Z#DEBUG#ee464cf9-aaab-11f1-a0e6-eeee0a85092e.OPERATION#pool-14-thread-3#
[UploadAppStep] Uploading file "order-app-srv/data.zip" for application "order-app-srv"#
#2026 09 07 11:05:30.874#Z#INFO#ee464cf9-aaab-11f1-a0e6-eeee0a85092e.OPERATION#pool-14-thread-3#
[UploadAppStep] Time elapsed for app binary download: 132 in millis#
#2026 09 07 11:05:30.874#Z#INFO#ee464cf9-aaab-11f1-a0e6-eeee0a85092e.OPERATION#pool-14-thread-3#
[UploadAppStep] Size of app order-app-srv is 4,408,213 bytes#
#2026 09 07 11:05:30.874#Z#DEBUG#ee464cf9-aaab-11f1-a0e6-eeee0a85092e.OPERATION#pool-14-thread-3#
[UploadAppStep] Asynchronously uploading binaries for application "order-app-srv"...#
#2026 09 07 11:05:31.119#Z#INFO#ee464cf9-aaab-11f1-a0e6-eeee0a85092e.OPERATION#pool-14-thread-3#
[UploadAppStep] Started async upload of application "order-app-srv"#
#2026 09 07 11:05:31.127#Z#INFO#ee464cf9-aaab-11f1-a0e6-eeee0a85092e.OPERATION#flowable-async-job-executor-thread-40224#
[UploadAppStep] Time elapsed for upload: 387 in millis#
#2026 09 07 11:05:31.127#Z#DEBUG#ee464cf9-aaab-11f1-a0e6-eeee0a85092e.OPERATION#flowable-async-job-executor-thread-40224#
[UploadAppStep] Getting application "order-app-srv"...#
#2026 09 07 11:05:31.140#Z#DEBUG#ee464cf9-aaab-11f1-a0e6-eeee0a85092e.OPERATION#App upload monitor: aeb944c3-d9ec-4ff3-b326-07cda5bbc7c0#
[UploadAppStep] Upload status: PROCESSING_UPLOAD#
#2026 09 07 11:05:31.162#Z#DEBUG#ee464cf9-aaab-11f1-a0e6-eeee0a85092e.OPERATION#flowable-async-job-executor-thread-40224#
[UploadAppStep] Getting environment of application "c18fe1fc-36e5-42c6-a94c-691eb977813f"...#
#2026 09 07 11:05:31.196#Z#DEBUG#ee464cf9-aaab-11f1-a0e6-eeee0a85092e.OPERATION#flowable-async-job-executor-thread-40224#
[UploadAppStep] Updating environment of application "order-app-srv"#
#2026 09 07 11:05:31.280#Z#DEBUG#ee464cf9-aaab-11f1-a0e6-eeee0a85092e.OPERATION#flowable-async-job-executor-thread-40224#
Step "Upload App" finished#
#2026 09 07 11:05:36.167#Z#DEBUG#ee464cf9-aaab-11f1-a0e6-eeee0a85092e.OPERATION#App upload monitor: aeb944c3-d9ec-4ff3-b326-07cda5bbc7c0#
[UploadAppStep] Upload status: PROCESSING_UPLOAD#
#2026 09 07 11:05:40.896#Z#DEBUG#ee464cf9-aaab-11f1-a0e6-eeee0a85092e.OPERATION#flowable-async-job-executor-thread-40232#
[UploadAppStep] Executing task "uploadAppTask" of process "048a86c8-aaac-11f1-9d93-eeee0a944821"...#
#2026 09 07 11:05:40.897#Z#DEBUG#ee464cf9-aaab-11f1-a0e6-eeee0a85092e.OPERATION#flowable-async-job-executor-thread-40232#
[UploadAppStep] Application upload timeout is default one: 3,600 seconds#
#2026 09 07 11:05:40.897#Z#DEBUG#ee464cf9-aaab-11f1-a0e6-eeee0a85092e.OPERATION#flowable-async-job-executor-thread-40232#
[UploadAppStep] Checking upload status of application "order-app-db-deployer"...#
#2026 09 07 11:05:40.898#Z#DEBUG#ee464cf9-aaab-11f1-a0e6-eeee0a85092e.OPERATION#flowable-async-job-executor-thread-40232#
[UploadAppStep] Getting package "386e744c-feee-4f77-a379-beeb33c85821"...#
#2026 09 07 11:05:40.907#Z#DEBUG#ee464cf9-aaab-11f1-a0e6-eeee0a85092e.OPERATION#flowable-async-job-executor-thread-40234#
[UploadAppStep] Executing task "uploadAppTask" of process "04610541-aaac-11f1-9d93-eeee0a944821"...#
#2026 09 07 11:05:40.908#Z#DEBUG#ee464cf9-aaab-11f1-a0e6-eeee0a85092e.OPERATION#flowable-async-job-executor-thread-40234#
[UploadAppStep] Application upload timeout is default one: 3,600 seconds#
#2026 09 07 11:05:40.908#Z#DEBUG#ee464cf9-aaab-11f1-a0e6-eeee0a85092e.OPERATION#flowable-async-job-executor-thread-40234#
[UploadAppStep] Checking upload status of application "order-app-srv"...#
#2026 09 07 11:05:40.909#Z#DEBUG#ee464cf9-aaab-11f1-a0e6-eeee0a85092e.OPERATION#flowable-async-job-executor-thread-40234#
[UploadAppStep] Getting package "aeb944c3-d9ec-4ff3-b326-07cda5bbc7c0"...#
#2026 09 07 11:05:40.922#Z#DEBUG#ee464cf9-aaab-11f1-a0e6-eeee0a85092e.OPERATION#flowable-async-job-executor-thread-40232#
[UploadAppStep] Application "order-app-db-deployer" uploaded#
#2026 09 07 11:05:40.926#Z#DEBUG#ee464cf9-aaab-11f1-a0e6-eeee0a85092e.OPERATION#flowable-async-job-executor-thread-40232#
Step "Upload App" finished#
#2026 09 07 11:05:40.935#Z#DEBUG#ee464cf9-aaab-11f1-a0e6-eeee0a85092e.OPERATION#flowable-async-job-executor-thread-40234#
[UploadAppStep] Application "order-app-srv" uploaded#
#2026 09 07 11:05:40.936#Z#DEBUG#ee464cf9-aaab-11f1-a0e6-eeee0a85092e.OPERATION#flowable-async-job-executor-thread-40234#
Step "Upload App" finished#
#2026 09 07 11:05:41.019#Z#DEBUG#ee464cf9-aaab-11f1-a0e6-eeee0a85092e.OPERATION#flowable-async-job-executor-thread-40234#
[ScaleAppStep] Executing task "scaleAppTask" of process "048a86c8-aaac-11f1-9d93-eeee0a944821"...#
#2026 09 07 11:05:41.021#Z#DEBUG#ee464cf9-aaab-11f1-a0e6-eeee0a85092e.OPERATION#flowable-async-job-executor-thread-40234#
[ScaleAppStep] Scaling application "order-app-db-deployer"...#
#2026 09 07 11:05:41.021#Z#DEBUG#ee464cf9-aaab-11f1-a0e6-eeee0a85092e.OPERATION#flowable-async-job-executor-thread-40234#
[ScaleAppStep] Application "order-app-db-deployer" scaled#
#2026 09 07 11:05:41.021#Z#DEBUG#ee464cf9-aaab-11f1-a0e6-eeee0a85092e.OPERATION#flowable-async-job-executor-thread-40234#
Step "Scale App" finished#
#2026 09 07 11:05:41.035#Z#DEBUG#ee464cf9-aaab-11f1-a0e6-eeee0a85092e.OPERATION#flowable-async-job-executor-thread-40228#
[ScaleAppStep] Executing task "scaleAppTask" of process "04610541-aaac-11f1-9d93-eeee0a944821"...#
#2026 09 07 11:05:41.037#Z#DEBUG#ee464cf9-aaab-11f1-a0e6-eeee0a85092e.OPERATION#flowable-async-job-executor-thread-40228#
[ScaleAppStep] Scaling application "order-app-srv"...#
#2026 09 07 11:05:41.037#Z#DEBUG#ee464cf9-aaab-11f1-a0e6-eeee0a85092e.OPERATION#flowable-async-job-executor-thread-40228#
[ScaleAppStep] Application "order-app-srv" scaled#
#2026 09 07 11:05:41.037#Z#DEBUG#ee464cf9-aaab-11f1-a0e6-eeee0a85092e.OPERATION#flowable-async-job-executor-thread-40228#
Step "Scale App" finished#
#2026 09 07 11:05:41.050#Z#DEBUG#ee464cf9-aaab-11f1-a0e6-eeee0a85092e.OPERATION#flowable-async-job-executor-thread-40232#
[DetermineDesiredStateAchievingActionsStep] Executing task "determineDesiredStateAchievingActionsTask" of process "048a86c8-aaac-11f1-9d93-eeee0a944821"...#
#2026 09 07 11:05:41.052#Z#DEBUG#ee464cf9-aaab-11f1-a0e6-eeee0a85092e.OPERATION#flowable-async-job-executor-thread-40232#
[DetermineDesiredStateAchievingActionsStep] Getting application "order-app-db-deployer"...#
#2026 09 07 11:05:41.059#Z#DEBUG#ee464cf9-aaab-11f1-a0e6-eeee0a85092e.OPERATION#flowable-async-job-executor-thread-40228#
[DetermineDesiredStateAchievingActionsStep] Executing task "determineDesiredStateAchievingActionsTask" of process "04610541-aaac-11f1-9d93-eeee0a944821"...#
#2026 09 07 11:05:41.060#Z#DEBUG#ee464cf9-aaab-11f1-a0e6-eeee0a85092e.OPERATION#flowable-async-job-executor-thread-40228#
[DetermineDesiredStateAchievingActionsStep] Getting application "order-app-srv"...#
#2026 09 07 11:05:41.079#Z#DEBUG#ee464cf9-aaab-11f1-a0e6-eeee0a85092e.OPERATION#flowable-async-job-executor-thread-40232#
[DetermineDesiredStateAchievingActionsStep] Getting instances for application "order-app-db-deployer"...#
#2026 09 07 11:05:41.079#Z#DEBUG#ee464cf9-aaab-11f1-a0e6-eeee0a85092e.OPERATION#flowable-async-job-executor-thread-40232#
[DetermineDesiredStateAchievingActionsStep] Getting environment of application "722b502e-e9bd-46fe-a37a-54a1ba0bdf43"...#
#2026 09 07 11:05:41.087#Z#DEBUG#ee464cf9-aaab-11f1-a0e6-eeee0a85092e.OPERATION#flowable-async-job-executor-thread-40228#
[DetermineDesiredStateAchievingActionsStep] Getting instances for application "order-app-srv"...#
#2026 09 07 11:05:41.087#Z#DEBUG#ee464cf9-aaab-11f1-a0e6-eeee0a85092e.OPERATION#flowable-async-job-executor-thread-40228#
[DetermineDesiredStateAchievingActionsStep] Getting environment of application "c18fe1fc-36e5-42c6-a94c-691eb977813f"...#
#2026 09 07 11:05:41.115#Z#DEBUG#ee464cf9-aaab-11f1-a0e6-eeee0a85092e.OPERATION#flowable-async-job-executor-thread-40228#
[DetermineDesiredStateAchievingActionsStep] Current state of application order-app-srv: STOPPED#
#2026 09 07 11:05:41.115#Z#DEBUG#ee464cf9-aaab-11f1-a0e6-eeee0a85092e.OPERATION#flowable-async-job-executor-thread-40228#
[DetermineDesiredStateAchievingActionsStep] Desired state of application order-app-srv: STARTED#
#2026 09 07 11:05:41.115#Z#DEBUG#ee464cf9-aaab-11f1-a0e6-eeee0a85092e.OPERATION#flowable-async-job-executor-thread-40228#
[DetermineDesiredStateAchievingActionsStep] Actions that should be executed on application order-app-srv: [STAGE, START]#
#2026 09 07 11:05:41.115#Z#DEBUG#ee464cf9-aaab-11f1-a0e6-eeee0a85092e.OPERATION#flowable-async-job-executor-thread-40228#
Step "Determine Desired State Achieving Actions" finished#
#2026 09 07 11:05:41.117#Z#DEBUG#ee464cf9-aaab-11f1-a0e6-eeee0a85092e.OPERATION#flowable-async-job-executor-thread-40232#
[DetermineDesiredStateAchievingActionsStep] Current state of application order-app-db-deployer: STOPPED#
#2026 09 07 11:05:41.117#Z#DEBUG#ee464cf9-aaab-11f1-a0e6-eeee0a85092e.OPERATION#flowable-async-job-executor-thread-40232#
[DetermineDesiredStateAchievingActionsStep] Desired state of application order-app-db-deployer: STOPPED#
#2026 09 07 11:05:41.117#Z#DEBUG#ee464cf9-aaab-11f1-a0e6-eeee0a85092e.OPERATION#flowable-async-job-executor-thread-40232#
[DetermineDesiredStateAchievingActionsStep] Actions that should be executed on application order-app-db-deployer: [STAGE]#
#2026 09 07 11:05:41.117#Z#DEBUG#ee464cf9-aaab-11f1-a0e6-eeee0a85092e.OPERATION#flowable-async-job-executor-thread-40232#
Step "Determine Desired State Achieving Actions" finished#
#2026 09 07 11:05:41.143#Z#DEBUG#ee464cf9-aaab-11f1-a0e6-eeee0a85092e.OPERATION#flowable-async-job-executor-thread-40228#
[StageAppStep] Executing task "stageAppTask" of process "04610541-aaac-11f1-9d93-eeee0a944821"...#
#2026 09 07 11:05:41.144#Z#DEBUG#ee464cf9-aaab-11f1-a0e6-eeee0a85092e.OPERATION#flowable-async-job-executor-thread-40228#
[StageAppStep] Application stage timeout is default one: 3,600 seconds#
#2026 09 07 11:05:41.145#Z#DEBUG#ee464cf9-aaab-11f1-a0e6-eeee0a85092e.OPERATION#flowable-async-job-executor-thread-40232#
[StageAppStep] Executing task "stageAppTask" of process "048a86c8-aaac-11f1-9d93-eeee0a944821"...#
#2026 09 07 11:05:41.147#Z#DEBUG#ee464cf9-aaab-11f1-a0e6-eeee0a85092e.OPERATION#flowable-async-job-executor-thread-40232#
[StageAppStep] Application stage timeout is default one: 3,600 seconds#
#2026 09 07 11:05:41.147#Z#INFO#ee464cf9-aaab-11f1-a0e6-eeee0a85092e.OPERATION#flowable-async-job-executor-thread-40228#
[StageAppStep] Staging application "order-app-srv"...#
#2026 09 07 11:05:41.150#Z#INFO#ee464cf9-aaab-11f1-a0e6-eeee0a85092e.OPERATION#flowable-async-job-executor-thread-40232#
[StageAppStep] Staging application "order-app-db-deployer"...#
#2026 09 07 11:05:41.154#Z#DEBUG#ee464cf9-aaab-11f1-a0e6-eeee0a85092e.OPERATION#flowable-async-job-executor-thread-40228#
[StageAppStep] Creating build for package "aeb944c3-d9ec-4ff3-b326-07cda5bbc7c0"...#
#2026 09 07 11:05:41.158#Z#DEBUG#ee464cf9-aaab-11f1-a0e6-eeee0a85092e.OPERATION#flowable-async-job-executor-thread-40232#
[StageAppStep] Creating build for package "386e744c-feee-4f77-a379-beeb33c85821"...#
#2026 09 07 11:05:41.515#Z#DEBUG#ee464cf9-aaab-11f1-a0e6-eeee0a85092e.OPERATION#flowable-async-job-executor-thread-40232#
Step "Stage App" finished#
#2026 09 07 11:05:41.576#Z#DEBUG#ee464cf9-aaab-11f1-a0e6-eeee0a85092e.OPERATION#flowable-async-job-executor-thread-40228#
Step "Stage App" finished#
#2026 09 07 11:05:50.906#Z#DEBUG#ee464cf9-aaab-11f1-a0e6-eeee0a85092e.OPERATION#flowable-async-job-executor-thread-40239#
[StageAppStep] Executing task "stageAppTask" of process "048a86c8-aaac-11f1-9d93-eeee0a944821"...#
#2026 09 07 11:05:50.909#Z#DEBUG#ee464cf9-aaab-11f1-a0e6-eeee0a85092e.OPERATION#flowable-async-job-executor-thread-40239#
[StageAppStep] Application stage timeout is default one: 3,600 seconds#
#2026 09 07 11:05:50.910#Z#DEBUG#ee464cf9-aaab-11f1-a0e6-eeee0a85092e.OPERATION#flowable-async-job-executor-thread-40239#
[StageAppStep] Checking status of application "order-app-db-deployer"...#
#2026 09 07 11:05:50.910#Z#DEBUG#ee464cf9-aaab-11f1-a0e6-eeee0a85092e.OPERATION#flowable-async-job-executor-thread-40239#
[StageAppStep] Getting build "8e1d5d82-6cdd-41d7-8343-7da54150c656"...#
#2026 09 07 11:05:50.922#Z#DEBUG#ee464cf9-aaab-11f1-a0e6-eeee0a85092e.OPERATION#flowable-async-job-executor-thread-40236#
[StageAppStep] Executing task "stageAppTask" of process "04610541-aaac-11f1-9d93-eeee0a944821"...#
#2026 09 07 11:05:50.924#Z#DEBUG#ee464cf9-aaab-11f1-a0e6-eeee0a85092e.OPERATION#flowable-async-job-executor-thread-40236#
[StageAppStep] Application stage timeout is default one: 3,600 seconds#
#2026 09 07 11:05:50.925#Z#DEBUG#ee464cf9-aaab-11f1-a0e6-eeee0a85092e.OPERATION#flowable-async-job-executor-thread-40236#
[StageAppStep] Checking status of application "order-app-srv"...#
#2026 09 07 11:05:50.925#Z#DEBUG#ee464cf9-aaab-11f1-a0e6-eeee0a85092e.OPERATION#flowable-async-job-executor-thread-40236#
[StageAppStep] Getting build "4ebcdab8-f454-4bfc-90a9-8093d30ad447"...#
#2026 09 07 11:05:50.938#Z#DEBUG#ee464cf9-aaab-11f1-a0e6-eeee0a85092e.OPERATION#flowable-async-job-executor-thread-40239#
[StageAppStep] Staging status of application "order-app-db-deployer": PENDING#
#2026 09 07 11:05:50.939#Z#DEBUG#ee464cf9-aaab-11f1-a0e6-eeee0a85092e.OPERATION#flowable-async-job-executor-thread-40239#
[StageAppStep] Getting application guid "order-app-db-deployer"...#
#2026 09 07 11:05:50.957#Z#DEBUG#ee464cf9-aaab-11f1-a0e6-eeee0a85092e.OPERATION#flowable-async-job-executor-thread-40236#
[StageAppStep] Staging status of application "order-app-srv": PENDING#
#2026 09 07 11:05:50.958#Z#DEBUG#ee464cf9-aaab-11f1-a0e6-eeee0a85092e.OPERATION#flowable-async-job-executor-thread-40236#
[StageAppStep] Getting application guid "order-app-srv"...#
#2026 09 07 11:05:51.024#Z#DEBUG#ee464cf9-aaab-11f1-a0e6-eeee0a85092e.OPERATION#flowable-async-job-executor-thread-40239#
Step "Stage App" finished#
#2026 09 07 11:05:51.044#Z#DEBUG#ee464cf9-aaab-11f1-a0e6-eeee0a85092e.OPERATION#flowable-async-job-executor-thread-40236#
Step "Stage App" finished#
#2026 09 07 11:06:00.999#Z#DEBUG#ee464cf9-aaab-11f1-a0e6-eeee0a85092e.OPERATION#flowable-async-job-executor-thread-40245#
[StageAppStep] Executing task "stageAppTask" of process "048a86c8-aaac-11f1-9d93-eeee0a944821"...#
#2026 09 07 11:06:01.001#Z#DEBUG#ee464cf9-aaab-11f1-a0e6-eeee0a85092e.OPERATION#flowable-async-job-executor-thread-40245#
[StageAppStep] Application stage timeout is default one: 3,600 seconds#
#2026 09 07 11:06:01.002#Z#DEBUG#ee464cf9-aaab-11f1-a0e6-eeee0a85092e.OPERATION#flowable-async-job-executor-thread-40245#
[StageAppStep] Checking status of application "order-app-db-deployer"...#
#2026 09 07 11:06:01.002#Z#DEBUG#ee464cf9-aaab-11f1-a0e6-eeee0a85092e.OPERATION#flowable-async-job-executor-thread-40245#
[StageAppStep] Getting build "8e1d5d82-6cdd-41d7-8343-7da54150c656"...#
#2026 09 07 11:06:01.032#Z#DEBUG#ee464cf9-aaab-11f1-a0e6-eeee0a85092e.OPERATION#flowable-async-job-executor-thread-40245#
[StageAppStep] Staging status of application "order-app-db-deployer": PENDING#
#2026 09 07 11:06:01.033#Z#DEBUG#ee464cf9-aaab-11f1-a0e6-eeee0a85092e.OPERATION#flowable-async-job-executor-thread-40245#
[StageAppStep] Getting application guid "order-app-db-deployer"...#
#2026 09 07 11:06:01.098#Z#DEBUG#ee464cf9-aaab-11f1-a0e6-eeee0a85092e.OPERATION#flowable-async-job-executor-thread-40251#
[StageAppStep] Executing task "stageAppTask" of process "04610541-aaac-11f1-9d93-eeee0a944821"...#
#2026 09 07 11:06:01.099#Z#DEBUG#ee464cf9-aaab-11f1-a0e6-eeee0a85092e.OPERATION#flowable-async-job-executor-thread-40251#
[StageAppStep] Application stage timeout is default one: 3,600 seconds#
#2026 09 07 11:06:01.100#Z#DEBUG#ee464cf9-aaab-11f1-a0e6-eeee0a85092e.OPERATION#flowable-async-job-executor-thread-40251#
[StageAppStep] Checking status of application "order-app-srv"...#
#2026 09 07 11:06:01.100#Z#DEBUG#ee464cf9-aaab-11f1-a0e6-eeee0a85092e.OPERATION#flowable-async-job-executor-thread-40251#
[StageAppStep] Getting build "4ebcdab8-f454-4bfc-90a9-8093d30ad447"...#
#2026 09 07 11:06:01.114#Z#DEBUG#ee464cf9-aaab-11f1-a0e6-eeee0a85092e.OPERATION#flowable-async-job-executor-thread-40245#
Step "Stage App" finished#
#2026 09 07 11:06:01.128#Z#DEBUG#ee464cf9-aaab-11f1-a0e6-eeee0a85092e.OPERATION#flowable-async-job-executor-thread-40251#
[StageAppStep] Staging status of application "order-app-srv": PENDING#
#2026 09 07 11:06:01.129#Z#DEBUG#ee464cf9-aaab-11f1-a0e6-eeee0a85092e.OPERATION#flowable-async-job-executor-thread-40251#
[StageAppStep] Getting application guid "order-app-srv"...#
#2026 09 07 11:06:01.214#Z#DEBUG#ee464cf9-aaab-11f1-a0e6-eeee0a85092e.OPERATION#flowable-async-job-executor-thread-40251#
Step "Stage App" finished#
#2026 09 07 11:06:11.037#Z#DEBUG#ee464cf9-aaab-11f1-a0e6-eeee0a85092e.OPERATION#flowable-async-job-executor-thread-40257#
[StageAppStep] Executing task "stageAppTask" of process "04610541-aaac-11f1-9d93-eeee0a944821"...#
#2026 09 07 11:06:11.039#Z#DEBUG#ee464cf9-aaab-11f1-a0e6-eeee0a85092e.OPERATION#flowable-async-job-executor-thread-40257#
[StageAppStep] Application stage timeout is default one: 3,600 seconds#
#2026 09 07 11:06:11.040#Z#DEBUG#ee464cf9-aaab-11f1-a0e6-eeee0a85092e.OPERATION#flowable-async-job-executor-thread-40257#
[StageAppStep] Checking status of application "order-app-srv"...#
#2026 09 07 11:06:11.040#Z#DEBUG#ee464cf9-aaab-11f1-a0e6-eeee0a85092e.OPERATION#flowable-async-job-executor-thread-40257#
[StageAppStep] Getting build "4ebcdab8-f454-4bfc-90a9-8093d30ad447"...#
#2026 09 07 11:06:11.069#Z#DEBUG#ee464cf9-aaab-11f1-a0e6-eeee0a85092e.OPERATION#flowable-async-job-executor-thread-40257#
[StageAppStep] Staging status of application "order-app-srv": STAGED#
#2026 09 07 11:06:11.071#Z#DEBUG#ee464cf9-aaab-11f1-a0e6-eeee0a85092e.OPERATION#flowable-async-job-executor-thread-40257#
[StageAppStep] Getting application guid "order-app-srv"...#
#2026 09 07 11:06:11.158#Z#DEBUG#ee464cf9-aaab-11f1-a0e6-eeee0a85092e.OPERATION#flowable-async-job-executor-thread-40255#
[StageAppStep] Executing task "stageAppTask" of process "048a86c8-aaac-11f1-9d93-eeee0a944821"...#
#2026 09 07 11:06:11.159#Z#DEBUG#ee464cf9-aaab-11f1-a0e6-eeee0a85092e.OPERATION#flowable-async-job-executor-thread-40255#
[StageAppStep] Application stage timeout is default one: 3,600 seconds#
#2026 09 07 11:06:11.160#Z#DEBUG#ee464cf9-aaab-11f1-a0e6-eeee0a85092e.OPERATION#flowable-async-job-executor-thread-40255#
[StageAppStep] Checking status of application "order-app-db-deployer"...#
#2026 09 07 11:06:11.160#Z#DEBUG#ee464cf9-aaab-11f1-a0e6-eeee0a85092e.OPERATION#flowable-async-job-executor-thread-40255#
[StageAppStep] Getting build "8e1d5d82-6cdd-41d7-8343-7da54150c656"...#
#2026 09 07 11:06:11.160#Z#DEBUG#ee464cf9-aaab-11f1-a0e6-eeee0a85092e.OPERATION#flowable-async-job-executor-thread-40257#
[StageAppStep] Getting build "4ebcdab8-f454-4bfc-90a9-8093d30ad447"...#
#2026 09 07 11:06:11.188#Z#DEBUG#ee464cf9-aaab-11f1-a0e6-eeee0a85092e.OPERATION#flowable-async-job-executor-thread-40255#
[StageAppStep] Staging status of application "order-app-db-deployer": STAGED#
#2026 09 07 11:06:11.190#Z#DEBUG#ee464cf9-aaab-11f1-a0e6-eeee0a85092e.OPERATION#flowable-async-job-executor-thread-40255#
[StageAppStep] Getting application guid "order-app-db-deployer"...#
#2026 09 07 11:06:11.191#Z#DEBUG#ee464cf9-aaab-11f1-a0e6-eeee0a85092e.OPERATION#flowable-async-job-executor-thread-40257#
[StageAppStep] Binding droplet "ea7d4884-f3d1-46fd-a781-6e40987e2235" to application "c18fe1fc-36e5-42c6-a94c-691eb977813f"...#
#2026 09 07 11:06:11.236#Z#INFO#ee464cf9-aaab-11f1-a0e6-eeee0a85092e.OPERATION#flowable-async-job-executor-thread-40257#
[StageAppStep] Application "order-app-srv" staged#
#2026 09 07 11:06:11.240#Z#DEBUG#ee464cf9-aaab-11f1-a0e6-eeee0a85092e.OPERATION#flowable-async-job-executor-thread-40257#
Step "Stage App" finished#
#2026 09 07 11:06:11.264#Z#DEBUG#ee464cf9-aaab-11f1-a0e6-eeee0a85092e.OPERATION#flowable-async-job-executor-thread-40255#
[StageAppStep] Getting build "8e1d5d82-6cdd-41d7-8343-7da54150c656"...#
#2026 09 07 11:06:11.297#Z#DEBUG#ee464cf9-aaab-11f1-a0e6-eeee0a85092e.OPERATION#flowable-async-job-executor-thread-40255#
[StageAppStep] Binding droplet "83b659d3-6c55-4ef1-ae4a-66a1502324d4" to application "722b502e-e9bd-46fe-a37a-54a1ba0bdf43"...#
#2026 09 07 11:06:11.347#Z#INFO#ee464cf9-aaab-11f1-a0e6-eeee0a85092e.OPERATION#flowable-async-job-executor-thread-40255#
[StageAppStep] Application "order-app-db-deployer" staged#
#2026 09 07 11:06:11.352#Z#DEBUG#ee464cf9-aaab-11f1-a0e6-eeee0a85092e.OPERATION#flowable-async-job-executor-thread-40255#
Step "Stage App" finished#
#2026 09 07 11:06:11.405#Z#DEBUG#ee464cf9-aaab-11f1-a0e6-eeee0a85092e.OPERATION#flowable-async-job-executor-thread-40255#
[PrepareToExecuteTasksStep] Executing task "prepareToExecuteTasksTask" of process "226be848-aaac-11f1-9d93-eeee0a944821"...#
#2026 09 07 11:06:11.406#Z#DEBUG#ee464cf9-aaab-11f1-a0e6-eeee0a85092e.OPERATION#flowable-async-job-executor-thread-40255#
Step "Prepare To Execute Tasks" finished#
#2026 09 07 11:06:11.272#Z#DEBUG#ee464cf9-aaab-11f1-a0e6-eeee0a85092e.OPERATION#flowable-async-job-executor-thread-40257#
[RestartAppStep] Executing task "startAppTask" of process "04610541-aaac-11f1-9d93-eeee0a944821"...#
#2026 09 07 11:06:11.274#Z#DEBUG#ee464cf9-aaab-11f1-a0e6-eeee0a85092e.OPERATION#flowable-async-job-executor-thread-40257#
[RestartAppStep] Application start timeout is default one: 3,600 seconds#
#2026 09 07 11:06:11.275#Z#DEBUG#ee464cf9-aaab-11f1-a0e6-eeee0a85092e.OPERATION#flowable-async-job-executor-thread-40257#
[RestartAppStep] Getting application "order-app-srv"...#
#2026 09 07 11:06:11.308#Z#INFO#ee464cf9-aaab-11f1-a0e6-eeee0a85092e.OPERATION#flowable-async-job-executor-thread-40257#
[RestartAppStep] Starting application "order-app-srv"...#
#2026 09 07 11:06:11.312#Z#DEBUG#ee464cf9-aaab-11f1-a0e6-eeee0a85092e.OPERATION#flowable-async-job-executor-thread-40257#
[RestartAppStep] Starting application "order-app-srv"...#
#2026 09 07 11:06:11.539#Z#DEBUG#ee464cf9-aaab-11f1-a0e6-eeee0a85092e.OPERATION#flowable-async-job-executor-thread-40257#
Step "Start App" finished#
#2026 09 07 11:06:11.425#Z#DEBUG#ee464cf9-aaab-11f1-a0e6-eeee0a85092e.OPERATION#flowable-async-job-executor-thread-40255#
[ExecuteTaskStep] Executing task "executeTaskTask" of process "226be848-aaac-11f1-9d93-eeee0a944821"...#
#2026 09 07 11:06:11.426#Z#DEBUG#ee464cf9-aaab-11f1-a0e6-eeee0a85092e.OPERATION#flowable-async-job-executor-thread-40255#
[ExecuteTaskStep] Application task execution timeout is default one: 43,200 seconds#
#2026 09 07 11:06:11.427#Z#INFO#ee464cf9-aaab-11f1-a0e6-eeee0a85092e.OPERATION#flowable-async-job-executor-thread-40255#
[ExecuteTaskStep] Executing task "deploy" on application "order-app-db-deployer"...#
#2026 09 07 11:06:11.430#Z#DEBUG#ee464cf9-aaab-11f1-a0e6-eeee0a85092e.OPERATION#flowable-async-job-executor-thread-40255#
[ExecuteTaskStep] Running task on application "order-app-db-deployer": {
  "name" : "deploy",
  "command" : "npm start",
  "limits" : {
    "memory" : 256
  }
}#
#2026 09 07 11:06:11.708#Z#DEBUG#ee464cf9-aaab-11f1-a0e6-eeee0a85092e.OPERATION#flowable-async-job-executor-thread-40255#
Step "Execute Task" finished#
#2026 09 07 11:06:21.147#Z#DEBUG#ee464cf9-aaab-11f1-a0e6-eeee0a85092e.OPERATION#flowable-async-job-executor-thread-40263#
[ExecuteTaskStep] Executing task "executeTaskTask" of process "226be848-aaac-11f1-9d93-eeee0a944821"...#
#2026 09 07 11:06:21.149#Z#DEBUG#ee464cf9-aaab-11f1-a0e6-eeee0a85092e.OPERATION#flowable-async-job-executor-thread-40263#
[ExecuteTaskStep] Application task execution timeout is default one: 43,200 seconds#
#2026 09 07 11:06:21.151#Z#DEBUG#ee464cf9-aaab-11f1-a0e6-eeee0a85092e.OPERATION#flowable-async-job-executor-thread-40263#
[ExecuteTaskStep] Getting task "a14c6ae9-96a8-4360-b29c-e2aa3751af18"...#
#2026 09 07 11:06:21.188#Z#DEBUG#ee464cf9-aaab-11f1-a0e6-eeee0a85092e.OPERATION#flowable-async-job-executor-thread-40263#
[ExecuteTaskStep] Task execution status: running#
#2026 09 07 11:06:21.188#Z#DEBUG#ee464cf9-aaab-11f1-a0e6-eeee0a85092e.OPERATION#flowable-async-job-executor-thread-40263#
[ExecuteTaskStep] Getting application guid "order-app-db-deployer"...#
#2026 09 07 11:06:21.257#Z#DEBUG#ee464cf9-aaab-11f1-a0e6-eeee0a85092e.OPERATION#flowable-async-job-executor-thread-40263#
Step "Execute Task" finished#
#2026 09 07 11:06:21.252#Z#DEBUG#ee464cf9-aaab-11f1-a0e6-eeee0a85092e.OPERATION#flowable-async-job-executor-thread-40266#
[RestartAppStep] Executing task "startAppTask" of process "2284eea6-aaac-11f1-9d93-eeee0a944821"...#
#2026 09 07 11:06:21.256#Z#DEBUG#ee464cf9-aaab-11f1-a0e6-eeee0a85092e.OPERATION#flowable-async-job-executor-thread-40266#
[RestartAppStep] Application start timeout is default one: 3,600 seconds#
#2026 09 07 11:06:21.257#Z#DEBUG#ee464cf9-aaab-11f1-a0e6-eeee0a85092e.OPERATION#flowable-async-job-executor-thread-40266#
[RestartAppStep] Checking status of application "order-app-srv"...#
#2026 09 07 11:06:21.257#Z#DEBUG#ee464cf9-aaab-11f1-a0e6-eeee0a85092e.OPERATION#flowable-async-job-executor-thread-40266#
[RestartAppStep] Getting application "order-app-srv"...#
#2026 09 07 11:06:21.283#Z#DEBUG#ee464cf9-aaab-11f1-a0e6-eeee0a85092e.OPERATION#flowable-async-job-executor-thread-40266#
[RestartAppStep] Getting instances for application "order-app-srv"...#
#2026 09 07 11:06:21.311#Z#DEBUG#ee464cf9-aaab-11f1-a0e6-eeee0a85092e.OPERATION#flowable-async-job-executor-thread-40266#
[RestartAppStep] Application "order-app-srv": 0 of 1 instances running (1 starting)#
#2026 09 07 11:06:21.368#Z#DEBUG#ee464cf9-aaab-11f1-a0e6-eeee0a85092e.OPERATION#flowable-async-job-executor-thread-40266#
Step "Start App" finished#
#2026 09 07 11:06:31.220#Z#DEBUG#ee464cf9-aaab-11f1-a0e6-eeee0a85092e.OPERATION#flowable-async-job-executor-thread-40268#
[RestartAppStep] Executing task "startAppTask" of process "2860dede-aaac-11f1-9d93-eeee0a944821"...#
#2026 09 07 11:06:31.222#Z#DEBUG#ee464cf9-aaab-11f1-a0e6-eeee0a85092e.OPERATION#flowable-async-job-executor-thread-40268#
[RestartAppStep] Application start timeout is default one: 3,600 seconds#
#2026 09 07 11:06:31.223#Z#DEBUG#ee464cf9-aaab-11f1-a0e6-eeee0a85092e.OPERATION#flowable-async-job-executor-thread-40268#
[RestartAppStep] Checking status of application "order-app-srv"...#
#2026 09 07 11:06:31.224#Z#DEBUG#ee464cf9-aaab-11f1-a0e6-eeee0a85092e.OPERATION#flowable-async-job-executor-thread-40268#
[RestartAppStep] Getting instances for application "order-app-srv"...#
#2026 09 07 11:06:31.276#Z#DEBUG#ee464cf9-aaab-11f1-a0e6-eeee0a85092e.OPERATION#flowable-async-job-executor-thread-40268#
[RestartAppStep] Application "order-app-srv": 0 of 1 instances running (1 starting)#
#2026 09 07 11:06:31.306#Z#DEBUG#ee464cf9-aaab-11f1-a0e6-eeee0a85092e.OPERATION#flowable-async-job-executor-thread-40268#
Step "Start App" finished#
#2026 09 07 11:06:31.350#Z#DEBUG#ee464cf9-aaab-11f1-a0e6-eeee0a85092e.OPERATION#flowable-async-job-executor-thread-40270#
[ExecuteTaskStep] Executing task "executeTaskTask" of process "226be848-aaac-11f1-9d93-eeee0a944821"...#
#2026 09 07 11:06:31.351#Z#DEBUG#ee464cf9-aaab-11f1-a0e6-eeee0a85092e.OPERATION#flowable-async-job-executor-thread-40270#
[ExecuteTaskStep] Application task execution timeout is default one: 43,200 seconds#
#2026 09 07 11:06:31.353#Z#DEBUG#ee464cf9-aaab-11f1-a0e6-eeee0a85092e.OPERATION#flowable-async-job-executor-thread-40270#
[ExecuteTaskStep] Getting task "a14c6ae9-96a8-4360-b29c-e2aa3751af18"...#
#2026 09 07 11:06:31.376#Z#DEBUG#ee464cf9-aaab-11f1-a0e6-eeee0a85092e.OPERATION#flowable-async-job-executor-thread-40270#
[ExecuteTaskStep] Task execution status: succeeded#
#2026 09 07 11:06:31.377#Z#DEBUG#ee464cf9-aaab-11f1-a0e6-eeee0a85092e.OPERATION#flowable-async-job-executor-thread-40270#
[ExecuteTaskStep] Getting application guid "order-app-db-deployer"...#
#2026 09 07 11:06:31.459#Z#DEBUG#ee464cf9-aaab-11f1-a0e6-eeee0a85092e.OPERATION#flowable-async-job-executor-thread-40270#
Step "Execute Task" finished#
#2026 09 07 11:06:31.500#Z#DEBUG#ee464cf9-aaab-11f1-a0e6-eeee0a85092e.OPERATION#flowable-async-job-executor-thread-40268#
[IncrementIndexStep] Executing task "incrementTaskIndexTask" of process "226be848-aaac-11f1-9d93-eeee0a944821"...#
#2026 09 07 11:06:31.502#Z#DEBUG#ee464cf9-aaab-11f1-a0e6-eeee0a85092e.OPERATION#flowable-async-job-executor-thread-40268#
Step "Increment Task Index" finished#
#2026 09 07 11:06:31.551#Z#DEBUG#ee464cf9-aaab-11f1-a0e6-eeee0a85092e.OPERATION#flowable-async-job-executor-thread-40268#
[PublishConfigurationEntriesStep] Executing task "publishProvidedDependenciesTask" of process "048a86c8-aaac-11f1-9d93-eeee0a944821"...#
#2026 09 07 11:06:31.552#Z#DEBUG#ee464cf9-aaab-11f1-a0e6-eeee0a85092e.OPERATION#flowable-async-job-executor-thread-40268#
[PublishConfigurationEntriesStep] Publishing public provided dependencies for application "order-app-db-deployer"...#
#2026 09 07 11:06:31.553#Z#DEBUG#ee464cf9-aaab-11f1-a0e6-eeee0a85092e.OPERATION#flowable-async-job-executor-thread-40268#
[PublishConfigurationEntriesStep] No public provided dependencies for publishing#
#2026 09 07 11:06:31.553#Z#DEBUG#ee464cf9-aaab-11f1-a0e6-eeee0a85092e.OPERATION#flowable-async-job-executor-thread-40268#
Step "Publish Provided Dependencies" finished#
#2026 09 07 11:06:31.575#Z#DEBUG#ee464cf9-aaab-11f1-a0e6-eeee0a85092e.OPERATION#flowable-async-job-executor-thread-40268#
[CreateOrUpdateServiceBrokerStep] Executing task "createOrUpdateServiceBrokerTask" of process "048a86c8-aaac-11f1-9d93-eeee0a944821"...#
#2026 09 07 11:06:31.576#Z#DEBUG#ee464cf9-aaab-11f1-a0e6-eeee0a85092e.OPERATION#flowable-async-job-executor-thread-40268#
[CreateOrUpdateServiceBrokerStep] Creating service brokers...#
#2026 09 07 11:06:31.577#Z#DEBUG#ee464cf9-aaab-11f1-a0e6-eeee0a85092e.OPERATION#flowable-async-job-executor-thread-40268#
Step "Create Or Update Service Broker " finished#
#2026 09 07 11:06:41.253#Z#DEBUG#ee464cf9-aaab-11f1-a0e6-eeee0a85092e.OPERATION#flowable-async-job-executor-thread-40280#
[RestartAppStep] Executing task "startAppTask" of process "2e4d4ade-aaac-11f1-9d93-eeee0a944821"...#
#2026 09 07 11:06:41.257#Z#DEBUG#ee464cf9-aaab-11f1-a0e6-eeee0a85092e.OPERATION#flowable-async-job-executor-thread-40280#
[RestartAppStep] Application start timeout is default one: 3,600 seconds#
#2026 09 07 11:06:41.258#Z#DEBUG#ee464cf9-aaab-11f1-a0e6-eeee0a85092e.OPERATION#flowable-async-job-executor-thread-40280#
[RestartAppStep] Checking status of application "order-app-srv"...#
#2026 09 07 11:06:41.259#Z#DEBUG#ee464cf9-aaab-11f1-a0e6-eeee0a85092e.OPERATION#flowable-async-job-executor-thread-40280#
[RestartAppStep] Getting instances for application "order-app-srv"...#
#2026 09 07 11:06:41.311#Z#DEBUG#ee464cf9-aaab-11f1-a0e6-eeee0a85092e.OPERATION#flowable-async-job-executor-thread-40280#
[RestartAppStep] Application "order-app-srv": 0 of 1 instances running (1 starting)#
#2026 09 07 11:06:41.370#Z#DEBUG#ee464cf9-aaab-11f1-a0e6-eeee0a85092e.OPERATION#flowable-async-job-executor-thread-40280#
Step "Start App" finished#
#2026 09 07 11:06:51.348#Z#DEBUG#ee464cf9-aaab-11f1-a0e6-eeee0a85092e.OPERATION#flowable-async-job-executor-thread-40290#
[RestartAppStep] Executing task "startAppTask" of process "344cc870-aaac-11f1-9d93-eeee0a944821"...#
#2026 09 07 11:06:51.350#Z#DEBUG#ee464cf9-aaab-11f1-a0e6-eeee0a85092e.OPERATION#flowable-async-job-executor-thread-40290#
[RestartAppStep] Application start timeout is default one: 3,600 seconds#
#2026 09 07 11:06:51.351#Z#DEBUG#ee464cf9-aaab-11f1-a0e6-eeee0a85092e.OPERATION#flowable-async-job-executor-thread-40290#
[RestartAppStep] Checking status of application "order-app-srv"...#
#2026 09 07 11:06:51.352#Z#DEBUG#ee464cf9-aaab-11f1-a0e6-eeee0a85092e.OPERATION#flowable-async-job-executor-thread-40290#
[RestartAppStep] Getting instances for application "order-app-srv"...#
#2026 09 07 11:06:51.399#Z#DEBUG#ee464cf9-aaab-11f1-a0e6-eeee0a85092e.OPERATION#flowable-async-job-executor-thread-40290#
[RestartAppStep] Application "order-app-srv": 0 of 1 instances running (1 starting)#
#2026 09 07 11:06:51.435#Z#DEBUG#ee464cf9-aaab-11f1-a0e6-eeee0a85092e.OPERATION#flowable-async-job-executor-thread-40290#
Step "Start App" finished#
#2026 09 07 11:07:01.403#Z#DEBUG#ee464cf9-aaab-11f1-a0e6-eeee0a85092e.OPERATION#flowable-async-job-executor-thread-40296#
[RestartAppStep] Executing task "startAppTask" of process "3a4c6d00-aaac-11f1-9d93-eeee0a944821"...#
#2026 09 07 11:07:01.408#Z#DEBUG#ee464cf9-aaab-11f1-a0e6-eeee0a85092e.OPERATION#flowable-async-job-executor-thread-40296#
[RestartAppStep] Application start timeout is default one: 3,600 seconds#
#2026 09 07 11:07:01.409#Z#DEBUG#ee464cf9-aaab-11f1-a0e6-eeee0a85092e.OPERATION#flowable-async-job-executor-thread-40296#
[RestartAppStep] Checking status of application "order-app-srv"...#
#2026 09 07 11:07:01.410#Z#DEBUG#ee464cf9-aaab-11f1-a0e6-eeee0a85092e.OPERATION#flowable-async-job-executor-thread-40296#
[RestartAppStep] Getting instances for application "order-app-srv"...#
#2026 09 07 11:07:01.457#Z#DEBUG#ee464cf9-aaab-11f1-a0e6-eeee0a85092e.OPERATION#flowable-async-job-executor-thread-40296#
[RestartAppStep] Application "order-app-srv": 0 of 1 instances running (1 crashed)#
#2026 09 07 11:07:01.524#Z#ERROR#ee464cf9-aaab-11f1-a0e6-eeee0a85092e.OPERATION#flowable-async-job-executor-thread-40296#
[RestartAppStep] Error starting application "order-app-srv": Some instances have crashed. Check the application logs of your application for details.#
#2026 09 07 11:07:01.533#Z#INFO#ee464cf9-aaab-11f1-a0e6-eeee0a85092e.OPERATION#flowable-async-job-executor-thread-40296#
[RestartAppStep] Download the MTA operation logs for more details.#
#2026 09 07 11:07:01.541#Z#DEBUG#ee464cf9-aaab-11f1-a0e6-eeee0a85092e.OPERATION#flowable-async-job-executor-thread-40296#
Step "Start App" finished#
#2026 09 07 11:07:03.963#Z#DEBUG#ee464cf9-aaab-11f1-a0e6-eeee0a85092e.OPERATION#flowable-async-job-executor-thread-14069#
[RestartAppStep] Executing task "startAppTask" of process "3a4c6d00-aaac-11f1-9d93-eeee0a944821"...#
#2026 09 07 11:07:03.969#Z#DEBUG#ee464cf9-aaab-11f1-a0e6-eeee0a85092e.OPERATION#flowable-async-job-executor-thread-14069#
[RestartAppStep] Application start timeout is default one: 3,600 seconds#
#2026 09 07 11:07:03.982#Z#DEBUG#ee464cf9-aaab-11f1-a0e6-eeee0a85092e.OPERATION#flowable-async-job-executor-thread-14069#
[RestartAppStep] Getting application "order-app-srv"...#
#2026 09 07 11:07:04.014#Z#INFO#ee464cf9-aaab-11f1-a0e6-eeee0a85092e.OPERATION#flowable-async-job-executor-thread-14069#
[RestartAppStep] Stopping application "order-app-srv"...#
#2026 09 07 11:07:04.021#Z#DEBUG#ee464cf9-aaab-11f1-a0e6-eeee0a85092e.OPERATION#flowable-async-job-executor-thread-14069#
[RestartAppStep] Stopping application "order-app-srv"...#
#2026 09 07 11:07:04.165#Z#INFO#ee464cf9-aaab-11f1-a0e6-eeee0a85092e.OPERATION#flowable-async-job-executor-thread-14069#
[RestartAppStep] Starting application "order-app-srv"...#
#2026 09 07 11:07:04.173#Z#DEBUG#ee464cf9-aaab-11f1-a0e6-eeee0a85092e.OPERATION#flowable-async-job-executor-thread-14069#
[RestartAppStep] Starting application "order-app-srv"...#
#2026 09 07 11:07:04.385#Z#DEBUG#ee464cf9-aaab-11f1-a0e6-eeee0a85092e.OPERATION#flowable-async-job-executor-thread-14069#
Step "Start App" finished#
#2026 09 07 11:07:11.499#Z#DEBUG#ee464cf9-aaab-11f1-a0e6-eeee0a85092e.OPERATION#flowable-async-job-executor-thread-16945#
[RestartAppStep] Executing task "startAppTask" of process "4204e62b-aaac-11f1-b7ee-eeee0a8f45c2"...#
#2026 09 07 11:07:11.503#Z#DEBUG#ee464cf9-aaab-11f1-a0e6-eeee0a85092e.OPERATION#flowable-async-job-executor-thread-16945#
[RestartAppStep] Application start timeout is default one: 3,600 seconds#
#2026 09 07 11:07:11.504#Z#DEBUG#ee464cf9-aaab-11f1-a0e6-eeee0a85092e.OPERATION#flowable-async-job-executor-thread-16945#
[RestartAppStep] Checking status of application "order-app-srv"...#
#2026 09 07 11:07:11.505#Z#DEBUG#ee464cf9-aaab-11f1-a0e6-eeee0a85092e.OPERATION#flowable-async-job-executor-thread-16945#
[RestartAppStep] Getting instances for application "order-app-srv"...#
#2026 09 07 11:07:11.594#Z#DEBUG#ee464cf9-aaab-11f1-a0e6-eeee0a85092e.OPERATION#flowable-async-job-executor-thread-16945#
[RestartAppStep] Application "order-app-srv": 0 of 1 instances running (1 starting)#
#2026 09 07 11:07:11.625#Z#DEBUG#ee464cf9-aaab-11f1-a0e6-eeee0a85092e.OPERATION#flowable-async-job-executor-thread-16945#
Step "Start App" finished#
#2026 09 07 11:07:21.673#Z#DEBUG#ee464cf9-aaab-11f1-a0e6-eeee0a85092e.OPERATION#flowable-async-job-executor-thread-40314#
[RestartAppStep] Executing task "startAppTask" of process "4655a263-aaac-11f1-a0e6-eeee0a85092e"...#
#2026 09 07 11:07:21.675#Z#DEBUG#ee464cf9-aaab-11f1-a0e6-eeee0a85092e.OPERATION#flowable-async-job-executor-thread-40314#
[RestartAppStep] Application start timeout is default one: 3,600 seconds#
#2026 09 07 11:07:21.727#Z#DEBUG#ee464cf9-aaab-11f1-a0e6-eeee0a85092e.OPERATION#flowable-async-job-executor-thread-40314#
[RestartAppStep] Checking status of application "order-app-srv"...#
#2026 09 07 11:07:21.728#Z#DEBUG#ee464cf9-aaab-11f1-a0e6-eeee0a85092e.OPERATION#flowable-async-job-executor-thread-40314#
[RestartAppStep] Getting instances for application "order-app-srv"...#
#2026 09 07 11:07:21.978#Z#DEBUG#ee464cf9-aaab-11f1-a0e6-eeee0a85092e.OPERATION#flowable-async-job-executor-thread-40314#
[RestartAppStep] Application "order-app-srv": 0 of 1 instances running (1 starting)#
#2026 09 07 11:07:22.030#Z#DEBUG#ee464cf9-aaab-11f1-a0e6-eeee0a85092e.OPERATION#flowable-async-job-executor-thread-40314#
Step "Start App" finished#
#2026 09 07 11:07:31.560#Z#DEBUG#ee464cf9-aaab-11f1-a0e6-eeee0a85092e.OPERATION#flowable-async-job-executor-thread-40319#
[RestartAppStep] Executing task "startAppTask" of process "4c8cd1de-aaac-11f1-9d93-eeee0a944821"...#
#2026 09 07 11:07:31.564#Z#DEBUG#ee464cf9-aaab-11f1-a0e6-eeee0a85092e.OPERATION#flowable-async-job-executor-thread-40319#
[RestartAppStep] Application start timeout is default one: 3,600 seconds#
#2026 09 07 11:07:31.565#Z#DEBUG#ee464cf9-aaab-11f1-a0e6-eeee0a85092e.OPERATION#flowable-async-job-executor-thread-40319#
[RestartAppStep] Checking status of application "order-app-srv"...#
#2026 09 07 11:07:31.566#Z#DEBUG#ee464cf9-aaab-11f1-a0e6-eeee0a85092e.OPERATION#flowable-async-job-executor-thread-40319#
[RestartAppStep] Getting instances for application "order-app-srv"...#
#2026 09 07 11:07:31.601#Z#DEBUG#ee464cf9-aaab-11f1-a0e6-eeee0a85092e.OPERATION#flowable-async-job-executor-thread-40319#
[RestartAppStep] Application "order-app-srv": 0 of 1 instances running (1 starting)#
#2026 09 07 11:07:31.657#Z#DEBUG#ee464cf9-aaab-11f1-a0e6-eeee0a85092e.OPERATION#flowable-async-job-executor-thread-40319#
Step "Start App" finished#
#2026 09 07 11:07:41.618#Z#DEBUG#ee464cf9-aaab-11f1-a0e6-eeee0a85092e.OPERATION#flowable-async-job-executor-thread-40323#
[RestartAppStep] Executing task "startAppTask" of process "5245a9dc-aaac-11f1-9d93-eeee0a944821"...#
#2026 09 07 11:07:41.620#Z#DEBUG#ee464cf9-aaab-11f1-a0e6-eeee0a85092e.OPERATION#flowable-async-job-executor-thread-40323#
[RestartAppStep] Application start timeout is default one: 3,600 seconds#
#2026 09 07 11:07:41.621#Z#DEBUG#ee464cf9-aaab-11f1-a0e6-eeee0a85092e.OPERATION#flowable-async-job-executor-thread-40323#
[RestartAppStep] Checking status of application "order-app-srv"...#
#2026 09 07 11:07:41.622#Z#DEBUG#ee464cf9-aaab-11f1-a0e6-eeee0a85092e.OPERATION#flowable-async-job-executor-thread-40323#
[RestartAppStep] Getting instances for application "order-app-srv"...#
#2026 09 07 11:07:41.664#Z#DEBUG#ee464cf9-aaab-11f1-a0e6-eeee0a85092e.OPERATION#flowable-async-job-executor-thread-40323#
[RestartAppStep] Application "order-app-srv": 0 of 1 instances running (1 starting)#
#2026 09 07 11:07:41.741#Z#DEBUG#ee464cf9-aaab-11f1-a0e6-eeee0a85092e.OPERATION#flowable-async-job-executor-thread-40323#
Step "Start App" finished#
#2026 09 07 11:07:51.668#Z#DEBUG#ee464cf9-aaab-11f1-a0e6-eeee0a85092e.OPERATION#flowable-async-job-executor-thread-14073#
[RestartAppStep] Executing task "startAppTask" of process "58488334-aaac-11f1-9d93-eeee0a944821"...#
#2026 09 07 11:07:51.673#Z#DEBUG#ee464cf9-aaab-11f1-a0e6-eeee0a85092e.OPERATION#flowable-async-job-executor-thread-14073#
[RestartAppStep] Application start timeout is default one: 3,600 seconds#
#2026 09 07 11:07:51.674#Z#DEBUG#ee464cf9-aaab-11f1-a0e6-eeee0a85092e.OPERATION#flowable-async-job-executor-thread-14073#
[RestartAppStep] Checking status of application "order-app-srv"...#
#2026 09 07 11:07:51.676#Z#DEBUG#ee464cf9-aaab-11f1-a0e6-eeee0a85092e.OPERATION#flowable-async-job-executor-thread-14073#
[RestartAppStep] Getting instances for application "order-app-srv"...#
#2026 09 07 11:07:51.719#Z#DEBUG#ee464cf9-aaab-11f1-a0e6-eeee0a85092e.OPERATION#flowable-async-job-executor-thread-14073#
[RestartAppStep] Application "order-app-srv": 0 of 1 instances running (1 crashed)#
#2026 09 07 11:07:51.757#Z#ERROR#ee464cf9-aaab-11f1-a0e6-eeee0a85092e.OPERATION#flowable-async-job-executor-thread-14073#
[RestartAppStep] Error starting application "order-app-srv": Some instances have crashed. Check the application logs of your application for details.#
#2026 09 07 11:07:51.764#Z#INFO#ee464cf9-aaab-11f1-a0e6-eeee0a85092e.OPERATION#flowable-async-job-executor-thread-14073#
[RestartAppStep] Download the MTA operation logs for more details.#
#2026 09 07 11:07:51.770#Z#DEBUG#ee464cf9-aaab-11f1-a0e6-eeee0a85092e.OPERATION#flowable-async-job-executor-thread-14073#
Step "Start App" finished#
#2026 09 07 11:07:52.720#Z#DEBUG#ee464cf9-aaab-11f1-a0e6-eeee0a85092e.OPERATION#flowable-async-job-executor-thread-14074#
[RestartAppStep] Executing task "startAppTask" of process "58488334-aaac-11f1-9d93-eeee0a944821"...#
#2026 09 07 11:07:52.726#Z#DEBUG#ee464cf9-aaab-11f1-a0e6-eeee0a85092e.OPERATION#flowable-async-job-executor-thread-14074#
[RestartAppStep] Application start timeout is default one: 3,600 seconds#
#2026 09 07 11:07:52.801#Z#DEBUG#ee464cf9-aaab-11f1-a0e6-eeee0a85092e.OPERATION#flowable-async-job-executor-thread-14074#
[RestartAppStep] Getting application "order-app-srv"...#
#2026 09 07 11:07:52.862#Z#INFO#ee464cf9-aaab-11f1-a0e6-eeee0a85092e.OPERATION#flowable-async-job-executor-thread-14074#
[RestartAppStep] Stopping application "order-app-srv"...#
#2026 09 07 11:07:52.870#Z#DEBUG#ee464cf9-aaab-11f1-a0e6-eeee0a85092e.OPERATION#flowable-async-job-executor-thread-14074#
[RestartAppStep] Stopping application "order-app-srv"...#
#2026 09 07 11:07:52.992#Z#INFO#ee464cf9-aaab-11f1-a0e6-eeee0a85092e.OPERATION#flowable-async-job-executor-thread-14074#
[RestartAppStep] Starting application "order-app-srv"...#
#2026 09 07 11:07:52.999#Z#DEBUG#ee464cf9-aaab-11f1-a0e6-eeee0a85092e.OPERATION#flowable-async-job-executor-thread-14074#
[RestartAppStep] Starting application "order-app-srv"...#
#2026 09 07 11:07:53.196#Z#DEBUG#ee464cf9-aaab-11f1-a0e6-eeee0a85092e.OPERATION#flowable-async-job-executor-thread-14074#
Step "Start App" finished#
#2026 09 07 11:08:01.662#Z#DEBUG#ee464cf9-aaab-11f1-a0e6-eeee0a85092e.OPERATION#flowable-async-job-executor-thread-40341#
[RestartAppStep] Executing task "startAppTask" of process "5f1cddf9-aaac-11f1-b7ee-eeee0a8f45c2"...#
#2026 09 07 11:08:01.664#Z#DEBUG#ee464cf9-aaab-11f1-a0e6-eeee0a85092e.OPERATION#flowable-async-job-executor-thread-40341#
[RestartAppStep] Application start timeout is default one: 3,600 seconds#
#2026 09 07 11:08:01.665#Z#DEBUG#ee464cf9-aaab-11f1-a0e6-eeee0a85092e.OPERATION#flowable-async-job-executor-thread-40341#
[RestartAppStep] Checking status of application "order-app-srv"...#
#2026 09 07 11:08:01.666#Z#DEBUG#ee464cf9-aaab-11f1-a0e6-eeee0a85092e.OPERATION#flowable-async-job-executor-thread-40341#
[RestartAppStep] Getting instances for application "order-app-srv"...#
#2026 09 07 11:08:01.724#Z#DEBUG#ee464cf9-aaab-11f1-a0e6-eeee0a85092e.OPERATION#flowable-async-job-executor-thread-40341#
[RestartAppStep] Application "order-app-srv": 0 of 1 instances running (1 starting)#
#2026 09 07 11:08:01.771#Z#DEBUG#ee464cf9-aaab-11f1-a0e6-eeee0a85092e.OPERATION#flowable-async-job-executor-thread-40341#
Step "Start App" finished#
#2026 09 07 11:08:11.716#Z#DEBUG#ee464cf9-aaab-11f1-a0e6-eeee0a85092e.OPERATION#flowable-async-job-executor-thread-40350#
[RestartAppStep] Executing task "startAppTask" of process "6438d900-aaac-11f1-9d93-eeee0a944821"...#
#2026 09 07 11:08:11.719#Z#DEBUG#ee464cf9-aaab-11f1-a0e6-eeee0a85092e.OPERATION#flowable-async-job-executor-thread-40350#
[RestartAppStep] Application start timeout is default one: 3,600 seconds#
#2026 09 07 11:08:11.720#Z#DEBUG#ee464cf9-aaab-11f1-a0e6-eeee0a85092e.OPERATION#flowable-async-job-executor-thread-40350#
[RestartAppStep] Checking status of application "order-app-srv"...#
#2026 09 07 11:08:11.720#Z#DEBUG#ee464cf9-aaab-11f1-a0e6-eeee0a85092e.OPERATION#flowable-async-job-executor-thread-40350#
[RestartAppStep] Getting instances for application "order-app-srv"...#
#2026 09 07 11:08:11.762#Z#DEBUG#ee464cf9-aaab-11f1-a0e6-eeee0a85092e.OPERATION#flowable-async-job-executor-thread-40350#
[RestartAppStep] Application "order-app-srv": 0 of 1 instances running (1 starting)#
#2026 09 07 11:08:11.809#Z#DEBUG#ee464cf9-aaab-11f1-a0e6-eeee0a85092e.OPERATION#flowable-async-job-executor-thread-40350#
Step "Start App" finished#
#2026 09 07 11:08:21.761#Z#DEBUG#ee464cf9-aaab-11f1-a0e6-eeee0a85092e.OPERATION#flowable-async-job-executor-thread-40354#
[RestartAppStep] Executing task "startAppTask" of process "6a3486f9-aaac-11f1-9d93-eeee0a944821"...#
#2026 09 07 11:08:21.765#Z#DEBUG#ee464cf9-aaab-11f1-a0e6-eeee0a85092e.OPERATION#flowable-async-job-executor-thread-40354#
[RestartAppStep] Application start timeout is default one: 3,600 seconds#
#2026 09 07 11:08:21.767#Z#DEBUG#ee464cf9-aaab-11f1-a0e6-eeee0a85092e.OPERATION#flowable-async-job-executor-thread-40354#
[RestartAppStep] Checking status of application "order-app-srv"...#
#2026 09 07 11:08:21.767#Z#DEBUG#ee464cf9-aaab-11f1-a0e6-eeee0a85092e.OPERATION#flowable-async-job-executor-thread-40354#
[RestartAppStep] Getting instances for application "order-app-srv"...#
#2026 09 07 11:08:21.797#Z#DEBUG#ee464cf9-aaab-11f1-a0e6-eeee0a85092e.OPERATION#flowable-async-job-executor-thread-40354#
[RestartAppStep] Application "order-app-srv": 0 of 1 instances running (1 starting)#
#2026 09 07 11:08:21.853#Z#DEBUG#ee464cf9-aaab-11f1-a0e6-eeee0a85092e.OPERATION#flowable-async-job-executor-thread-40354#
Step "Start App" finished#
#2026 09 07 11:08:31.856#Z#DEBUG#ee464cf9-aaab-11f1-a0e6-eeee0a85092e.OPERATION#flowable-async-job-executor-thread-40366#
[RestartAppStep] Executing task "startAppTask" of process "7031454f-aaac-11f1-9d93-eeee0a944821"...#
#2026 09 07 11:08:31.859#Z#DEBUG#ee464cf9-aaab-11f1-a0e6-eeee0a85092e.OPERATION#flowable-async-job-executor-thread-40366#
[RestartAppStep] Application start timeout is default one: 3,600 seconds#
#2026 09 07 11:08:31.859#Z#DEBUG#ee464cf9-aaab-11f1-a0e6-eeee0a85092e.OPERATION#flowable-async-job-executor-thread-40366#
[RestartAppStep] Checking status of application "order-app-srv"...#
#2026 09 07 11:08:31.860#Z#DEBUG#ee464cf9-aaab-11f1-a0e6-eeee0a85092e.OPERATION#flowable-async-job-executor-thread-40366#
[RestartAppStep] Getting instances for application "order-app-srv"...#
#2026 09 07 11:08:31.903#Z#DEBUG#ee464cf9-aaab-11f1-a0e6-eeee0a85092e.OPERATION#flowable-async-job-executor-thread-40366#
[RestartAppStep] Application "order-app-srv": 0 of 1 instances running (1 starting)#
#2026 09 07 11:08:31.956#Z#DEBUG#ee464cf9-aaab-11f1-a0e6-eeee0a85092e.OPERATION#flowable-async-job-executor-thread-40366#
Step "Start App" finished#
#2026 09 07 11:08:41.876#Z#DEBUG#ee464cf9-aaab-11f1-a0e6-eeee0a85092e.OPERATION#flowable-async-job-executor-thread-40372#
[RestartAppStep] Executing task "startAppTask" of process "7636b695-aaac-11f1-9d93-eeee0a944821"...#
#2026 09 07 11:08:41.879#Z#DEBUG#ee464cf9-aaab-11f1-a0e6-eeee0a85092e.OPERATION#flowable-async-job-executor-thread-40372#
[RestartAppStep] Application start timeout is default one: 3,600 seconds#
#2026 09 07 11:08:41.880#Z#DEBUG#ee464cf9-aaab-11f1-a0e6-eeee0a85092e.OPERATION#flowable-async-job-executor-thread-40372#
[RestartAppStep] Checking status of application "order-app-srv"...#
#2026 09 07 11:08:41.881#Z#DEBUG#ee464cf9-aaab-11f1-a0e6-eeee0a85092e.OPERATION#flowable-async-job-executor-thread-40372#
[RestartAppStep] Getting instances for application "order-app-srv"...#
#2026 09 07 11:08:41.915#Z#DEBUG#ee464cf9-aaab-11f1-a0e6-eeee0a85092e.OPERATION#flowable-async-job-executor-thread-40372#
[RestartAppStep] Application "order-app-srv": 0 of 1 instances running (1 crashed)#
#2026 09 07 11:08:41.953#Z#ERROR#ee464cf9-aaab-11f1-a0e6-eeee0a85092e.OPERATION#flowable-async-job-executor-thread-40372#
[RestartAppStep] Error starting application "order-app-srv": Some instances have crashed. Check the application logs of your application for details.#
#2026 09 07 11:08:41.958#Z#INFO#ee464cf9-aaab-11f1-a0e6-eeee0a85092e.OPERATION#flowable-async-job-executor-thread-40372#
[RestartAppStep] Download the MTA operation logs for more details.#
#2026 09 07 11:08:41.961#Z#DEBUG#ee464cf9-aaab-11f1-a0e6-eeee0a85092e.OPERATION#flowable-async-job-executor-thread-40372#
Step "Start App" finished#
#2026 09 07 11:08:44.440#Z#DEBUG#ee464cf9-aaab-11f1-a0e6-eeee0a85092e.OPERATION#flowable-async-job-executor-thread-16989#
[RestartAppStep] Executing task "startAppTask" of process "7636b695-aaac-11f1-9d93-eeee0a944821"...#
#2026 09 07 11:08:44.446#Z#DEBUG#ee464cf9-aaab-11f1-a0e6-eeee0a85092e.OPERATION#flowable-async-job-executor-thread-16989#
[RestartAppStep] Application start timeout is default one: 3,600 seconds#
#2026 09 07 11:08:44.459#Z#DEBUG#ee464cf9-aaab-11f1-a0e6-eeee0a85092e.OPERATION#flowable-async-job-executor-thread-16989#
[RestartAppStep] Getting application "order-app-srv"...#
#2026 09 07 11:08:44.485#Z#INFO#ee464cf9-aaab-11f1-a0e6-eeee0a85092e.OPERATION#flowable-async-job-executor-thread-16989#
[RestartAppStep] Stopping application "order-app-srv"...#
#2026 09 07 11:08:44.490#Z#DEBUG#ee464cf9-aaab-11f1-a0e6-eeee0a85092e.OPERATION#flowable-async-job-executor-thread-16989#
[RestartAppStep] Stopping application "order-app-srv"...#
#2026 09 07 11:08:44.633#Z#INFO#ee464cf9-aaab-11f1-a0e6-eeee0a85092e.OPERATION#flowable-async-job-executor-thread-16989#
[RestartAppStep] Starting application "order-app-srv"...#
#2026 09 07 11:08:44.637#Z#DEBUG#ee464cf9-aaab-11f1-a0e6-eeee0a85092e.OPERATION#flowable-async-job-executor-thread-16989#
[RestartAppStep] Starting application "order-app-srv"...#
#2026 09 07 11:08:44.849#Z#DEBUG#ee464cf9-aaab-11f1-a0e6-eeee0a85092e.OPERATION#flowable-async-job-executor-thread-16989#
Step "Start App" finished#
#2026 09 07 11:08:51.981#Z#DEBUG#ee464cf9-aaab-11f1-a0e6-eeee0a85092e.OPERATION#flowable-async-job-executor-thread-17002#
[RestartAppStep] Executing task "startAppTask" of process "7de60819-aaac-11f1-a0e6-eeee0a85092e"...#
#2026 09 07 11:08:51.984#Z#DEBUG#ee464cf9-aaab-11f1-a0e6-eeee0a85092e.OPERATION#flowable-async-job-executor-thread-17002#
[RestartAppStep] Application start timeout is default one: 3,600 seconds#
#2026 09 07 11:08:51.985#Z#DEBUG#ee464cf9-aaab-11f1-a0e6-eeee0a85092e.OPERATION#flowable-async-job-executor-thread-17002#
[RestartAppStep] Checking status of application "order-app-srv"...#
#2026 09 07 11:08:51.986#Z#DEBUG#ee464cf9-aaab-11f1-a0e6-eeee0a85092e.OPERATION#flowable-async-job-executor-thread-17002#
[RestartAppStep] Getting instances for application "order-app-srv"...#
#2026 09 07 11:08:52.025#Z#DEBUG#ee464cf9-aaab-11f1-a0e6-eeee0a85092e.OPERATION#flowable-async-job-executor-thread-17002#
[RestartAppStep] Application "order-app-srv": 0 of 1 instances running (1 starting)#
#2026 09 07 11:08:52.077#Z#DEBUG#ee464cf9-aaab-11f1-a0e6-eeee0a85092e.OPERATION#flowable-async-job-executor-thread-17002#
Step "Start App" finished#
#2026 09 07 11:09:02.094#Z#DEBUG#ee464cf9-aaab-11f1-a0e6-eeee0a85092e.OPERATION#flowable-async-job-executor-thread-40385#
[RestartAppStep] Executing task "startAppTask" of process "82353d9e-aaac-11f1-a0e6-eeee0a85092e"...#
#2026 09 07 11:09:02.095#Z#DEBUG#ee464cf9-aaab-11f1-a0e6-eeee0a85092e.OPERATION#flowable-async-job-executor-thread-40385#
[RestartAppStep] Application start timeout is default one: 3,600 seconds#
#2026 09 07 11:09:02.148#Z#DEBUG#ee464cf9-aaab-11f1-a0e6-eeee0a85092e.OPERATION#flowable-async-job-executor-thread-40385#
[RestartAppStep] Checking status of application "order-app-srv"...#
#2026 09 07 11:09:02.149#Z#DEBUG#ee464cf9-aaab-11f1-a0e6-eeee0a85092e.OPERATION#flowable-async-job-executor-thread-40385#
[RestartAppStep] Getting instances for application "order-app-srv"...#
#2026 09 07 11:09:02.229#Z#DEBUG#ee464cf9-aaab-11f1-a0e6-eeee0a85092e.OPERATION#flowable-async-job-executor-thread-40385#
[RestartAppStep] Application "order-app-srv": 0 of 1 instances running (1 starting)#
#2026 09 07 11:09:02.293#Z#DEBUG#ee464cf9-aaab-11f1-a0e6-eeee0a85092e.OPERATION#flowable-async-job-executor-thread-40385#
Step "Start App" finished#
#2026 09 07 11:09:12.077#Z#DEBUG#ee464cf9-aaab-11f1-a0e6-eeee0a85092e.OPERATION#flowable-async-job-executor-thread-40398#
[RestartAppStep] Executing task "startAppTask" of process "884c13e6-aaac-11f1-9d93-eeee0a944821"...#
#2026 09 07 11:09:12.079#Z#DEBUG#ee464cf9-aaab-11f1-a0e6-eeee0a85092e.OPERATION#flowable-async-job-executor-thread-40398#
[RestartAppStep] Application start timeout is default one: 3,600 seconds#
#2026 09 07 11:09:12.080#Z#DEBUG#ee464cf9-aaab-11f1-a0e6-eeee0a85092e.OPERATION#flowable-async-job-executor-thread-40398#
[RestartAppStep] Checking status of application "order-app-srv"...#
#2026 09 07 11:09:12.081#Z#DEBUG#ee464cf9-aaab-11f1-a0e6-eeee0a85092e.OPERATION#flowable-async-job-executor-thread-40398#
[RestartAppStep] Getting instances for application "order-app-srv"...#
#2026 09 07 11:09:12.123#Z#DEBUG#ee464cf9-aaab-11f1-a0e6-eeee0a85092e.OPERATION#flowable-async-job-executor-thread-40398#
[RestartAppStep] Application "order-app-srv": 0 of 1 instances running (1 starting)#
#2026 09 07 11:09:12.191#Z#DEBUG#ee464cf9-aaab-11f1-a0e6-eeee0a85092e.OPERATION#flowable-async-job-executor-thread-40398#
Step "Start App" finished#
#2026 09 07 11:09:22.106#Z#DEBUG#ee464cf9-aaab-11f1-a0e6-eeee0a85092e.OPERATION#flowable-async-job-executor-thread-40403#
[RestartAppStep] Executing task "startAppTask" of process "8e32b27d-aaac-11f1-9d93-eeee0a944821"...#
#2026 09 07 11:09:22.108#Z#DEBUG#ee464cf9-aaab-11f1-a0e6-eeee0a85092e.OPERATION#flowable-async-job-executor-thread-40403#
[RestartAppStep] Application start timeout is default one: 3,600 seconds#
#2026 09 07 11:09:22.109#Z#DEBUG#ee464cf9-aaab-11f1-a0e6-eeee0a85092e.OPERATION#flowable-async-job-executor-thread-40403#
[RestartAppStep] Checking status of application "order-app-srv"...#
#2026 09 07 11:09:22.109#Z#DEBUG#ee464cf9-aaab-11f1-a0e6-eeee0a85092e.OPERATION#flowable-async-job-executor-thread-40403#
[RestartAppStep] Getting instances for application "order-app-srv"...#
#2026 09 07 11:09:22.144#Z#DEBUG#ee464cf9-aaab-11f1-a0e6-eeee0a85092e.OPERATION#flowable-async-job-executor-thread-40403#
[RestartAppStep] Application "order-app-srv": 0 of 1 instances running (1 starting)#
#2026 09 07 11:09:22.185#Z#DEBUG#ee464cf9-aaab-11f1-a0e6-eeee0a85092e.OPERATION#flowable-async-job-executor-thread-40403#
Step "Start App" finished#
#2026 09 07 11:09:32.139#Z#DEBUG#ee464cf9-aaab-11f1-a0e6-eeee0a85092e.OPERATION#flowable-async-job-executor-thread-40415#
[RestartAppStep] Executing task "startAppTask" of process "9427348a-aaac-11f1-9d93-eeee0a944821"...#
#2026 09 07 11:09:32.142#Z#DEBUG#ee464cf9-aaab-11f1-a0e6-eeee0a85092e.OPERATION#flowable-async-job-executor-thread-40415#
[RestartAppStep] Application start timeout is default one: 3,600 seconds#
#2026 09 07 11:09:32.142#Z#DEBUG#ee464cf9-aaab-11f1-a0e6-eeee0a85092e.OPERATION#flowable-async-job-executor-thread-40415#
[RestartAppStep] Checking status of application "order-app-srv"...#
#2026 09 07 11:09:32.143#Z#DEBUG#ee464cf9-aaab-11f1-a0e6-eeee0a85092e.OPERATION#flowable-async-job-executor-thread-40415#
[RestartAppStep] Getting instances for application "order-app-srv"...#
#2026 09 07 11:09:32.180#Z#DEBUG#ee464cf9-aaab-11f1-a0e6-eeee0a85092e.OPERATION#flowable-async-job-executor-thread-40415#
[RestartAppStep] Application "order-app-srv": 0 of 1 instances running (1 crashed)#
#2026 09 07 11:09:32.213#Z#ERROR#ee464cf9-aaab-11f1-a0e6-eeee0a85092e.OPERATION#flowable-async-job-executor-thread-40415#
[RestartAppStep] Error starting application "order-app-srv": Some instances have crashed. Check the application logs of your application for details.#
#2026 09 07 11:09:32.216#Z#INFO#ee464cf9-aaab-11f1-a0e6-eeee0a85092e.OPERATION#flowable-async-job-executor-thread-40415#
[RestartAppStep] Download the MTA operation logs for more details.#
#2026 09 07 11:09:32.219#Z#DEBUG#ee464cf9-aaab-11f1-a0e6-eeee0a85092e.OPERATION#flowable-async-job-executor-thread-40415#
Step "Start App" finished#
