#2026 09 07 11:05:51.043#Z#DEBUG#ee464cf9-aaab-11f1-a0e6-eeee0a85092e.order-app-srv#flowable-async-job-executor-thread-40236#
[PollStageAppStatusExecution] c18fe1fc-36e5-42c6-a94c-691eb977813f [2026-09-07T11:05:03.840015] Added process: "web" (STDOUT, API)#
#2026 09 07 11:05:51.043#Z#DEBUG#ee464cf9-aaab-11f1-a0e6-eeee0a85092e.order-app-srv#flowable-async-job-executor-thread-40236#
[PollStageAppStatusExecution] c18fe1fc-36e5-42c6-a94c-691eb977813f [2026-09-07T11:05:03.848301] Created app with guid c18fe1fc-36e5-42c6-a94c-691eb977813f (STDOUT, API)#
#2026 09 07 11:05:51.043#Z#DEBUG#ee464cf9-aaab-11f1-a0e6-eeee0a85092e.order-app-srv#flowable-async-job-executor-thread-40236#
[PollStageAppStatusExecution] c18fe1fc-36e5-42c6-a94c-691eb977813f [2026-09-07T11:05:03.943212] Updating process: "web" (STDOUT, API)#
#2026 09 07 11:05:51.043#Z#DEBUG#ee464cf9-aaab-11f1-a0e6-eeee0a85092e.order-app-srv#flowable-async-job-executor-thread-40236#
[PollStageAppStatusExecution] c18fe1fc-36e5-42c6-a94c-691eb977813f [2026-09-07T11:05:04.013557] Scaling process: "web" (STDOUT, API)#
#2026 09 07 11:05:51.043#Z#DEBUG#ee464cf9-aaab-11f1-a0e6-eeee0a85092e.order-app-srv#flowable-async-job-executor-thread-40236#
[PollStageAppStatusExecution] c18fe1fc-36e5-42c6-a94c-691eb977813f [2026-09-07T11:05:31.076754] Uploading app package for app with guid c18fe1fc-36e5-42c6-a94c-691eb977813f (STDOUT, API)#
#2026 09 07 11:05:51.043#Z#DEBUG#ee464cf9-aaab-11f1-a0e6-eeee0a85092e.order-app-srv#flowable-async-job-executor-thread-40236#
[PollStageAppStatusExecution] c18fe1fc-36e5-42c6-a94c-691eb977813f [2026-09-07T11:05:31.269451] Updated app with guid c18fe1fc-36e5-42c6-a94c-691eb977813f ({"environment_variables"=>"[PRIVATE DATA HIDDEN]"}) (STDOUT, API)#
#2026 09 07 11:05:51.043#Z#DEBUG#ee464cf9-aaab-11f1-a0e6-eeee0a85092e.order-app-srv#flowable-async-job-executor-thread-40236#
[PollStageAppStatusExecution] c18fe1fc-36e5-42c6-a94c-691eb977813f [2026-09-07T11:05:41.232456] Creating build for app with guid c18fe1fc-36e5-42c6-a94c-691eb977813f (STDOUT, API)#
#2026 09 07 11:05:51.043#Z#DEBUG#ee464cf9-aaab-11f1-a0e6-eeee0a85092e.order-app-srv#flowable-async-job-executor-thread-40236#
[PollStageAppStatusExecution] c18fe1fc-36e5-42c6-a94c-691eb977813f [2026-09-07T11:05:41.630202] Downloading nodejs_buildpack... (STDOUT, STG)#
#2026 09 07 11:05:51.043#Z#DEBUG#ee464cf9-aaab-11f1-a0e6-eeee0a85092e.order-app-srv#flowable-async-job-executor-thread-40236#
[PollStageAppStatusExecution] c18fe1fc-36e5-42c6-a94c-691eb977813f [2026-09-07T11:05:41.668658] Downloaded nodejs_buildpack (STDOUT, STG)#
#2026 09 07 11:05:51.043#Z#DEBUG#ee464cf9-aaab-11f1-a0e6-eeee0a85092e.order-app-srv#flowable-async-job-executor-thread-40236#
[PollStageAppStatusExecution] c18fe1fc-36e5-42c6-a94c-691eb977813f [2026-09-07T11:05:41.668767] Cell c839c7b1-088e-41af-b9b7-66256aacd457 creating container for instance 4ebcdab8-f454-4bfc-90a9-8093d30ad447 (STDOUT, STG)#
#2026 09 07 11:05:51.043#Z#DEBUG#ee464cf9-aaab-11f1-a0e6-eeee0a85092e.order-app-srv#flowable-async-job-executor-thread-40236#
[PollStageAppStatusExecution] c18fe1fc-36e5-42c6-a94c-691eb977813f [2026-09-07T11:05:42.491135] Security group rules were updated (STDOUT, STG)#
#2026 09 07 11:05:51.043#Z#DEBUG#ee464cf9-aaab-11f1-a0e6-eeee0a85092e.order-app-srv#flowable-async-job-executor-thread-40236#
[PollStageAppStatusExecution] c18fe1fc-36e5-42c6-a94c-691eb977813f [2026-09-07T11:05:42.736257] Cell c839c7b1-088e-41af-b9b7-66256aacd457 successfully created container for instance 4ebcdab8-f454-4bfc-90a9-8093d30ad447 (STDOUT, STG)#
#2026 09 07 11:05:51.043#Z#DEBUG#ee464cf9-aaab-11f1-a0e6-eeee0a85092e.order-app-srv#flowable-async-job-executor-thread-40236#
[PollStageAppStatusExecution] c18fe1fc-36e5-42c6-a94c-691eb977813f [2026-09-07T11:05:43.680161] Downloading app package... (STDOUT, STG)#
#2026 09 07 11:05:51.043#Z#DEBUG#ee464cf9-aaab-11f1-a0e6-eeee0a85092e.order-app-srv#flowable-async-job-executor-thread-40236#
[PollStageAppStatusExecution] c18fe1fc-36e5-42c6-a94c-691eb977813f [2026-09-07T11:05:44.299930] Downloaded app package (4.1M) (STDOUT, STG)#
#2026 09 07 11:05:51.043#Z#DEBUG#ee464cf9-aaab-11f1-a0e6-eeee0a85092e.order-app-srv#flowable-async-job-executor-thread-40236#
[PollStageAppStatusExecution] c18fe1fc-36e5-42c6-a94c-691eb977813f [2026-09-07T11:05:44.412511] -----> Nodejs Buildpack version 1.9.3 (STDOUT, STG)#
#2026 09 07 11:05:51.043#Z#DEBUG#ee464cf9-aaab-11f1-a0e6-eeee0a85092e.order-app-srv#flowable-async-job-executor-thread-40236#
[PollStageAppStatusExecution] c18fe1fc-36e5-42c6-a94c-691eb977813f [2026-09-07T11:05:44.664568] -----> Bootstrapping python (STDOUT, STG)#
#2026 09 07 11:05:51.043#Z#DEBUG#ee464cf9-aaab-11f1-a0e6-eeee0a85092e.order-app-srv#flowable-async-job-executor-thread-40236#
[PollStageAppStatusExecution] c18fe1fc-36e5-42c6-a94c-691eb977813f [2026-09-07T11:05:44.664598] -----> Installing python 3.13.14 (STDOUT, STG)#
#2026 09 07 11:05:51.043#Z#DEBUG#ee464cf9-aaab-11f1-a0e6-eeee0a85092e.order-app-srv#flowable-async-job-executor-thread-40236#
[PollStageAppStatusExecution] c18fe1fc-36e5-42c6-a94c-691eb977813f [2026-09-07T11:05:44.664753] Copy [/tmp/buildpacks/336fb825d4d72bff/dependencies/4b4266a2ff36730aef37b88b668ca327/python_3.13.14_linux_x64_cflinuxfs4_b80d4954.tgz] (STDOUT, STG)#
#2026 09 07 11:05:51.043#Z#DEBUG#ee464cf9-aaab-11f1-a0e6-eeee0a85092e.order-app-srv#flowable-async-job-executor-thread-40236#
[PollStageAppStatusExecution] c18fe1fc-36e5-42c6-a94c-691eb977813f [2026-09-07T11:05:49.388738] -----> Installing binaries (STDOUT, STG)#
#2026 09 07 11:05:51.043#Z#DEBUG#ee464cf9-aaab-11f1-a0e6-eeee0a85092e.order-app-srv#flowable-async-job-executor-thread-40236#
[PollStageAppStatusExecution] c18fe1fc-36e5-42c6-a94c-691eb977813f [2026-09-07T11:05:49.388929] engines.node (package.json): >=20 (STDOUT, STG)#
#2026 09 07 11:05:51.043#Z#DEBUG#ee464cf9-aaab-11f1-a0e6-eeee0a85092e.order-app-srv#flowable-async-job-executor-thread-40236#
[PollStageAppStatusExecution] c18fe1fc-36e5-42c6-a94c-691eb977813f [2026-09-07T11:05:49.388947] engines.npm (package.json): unspecified (use default) (STDOUT, STG)#
#2026 09 07 11:05:51.043#Z#DEBUG#ee464cf9-aaab-11f1-a0e6-eeee0a85092e.order-app-srv#flowable-async-job-executor-thread-40236#
[PollStageAppStatusExecution] c18fe1fc-36e5-42c6-a94c-691eb977813f [2026-09-07T11:05:49.388952] [31;1m**WARNING**[0m Dangerous semver range (>) in engines.node. See: http://docs.cloudfoundry.org/buildpacks/node/node-tips.html (STDOUT, STG)#
#2026 09 07 11:05:51.043#Z#DEBUG#ee464cf9-aaab-11f1-a0e6-eeee0a85092e.order-app-srv#flowable-async-job-executor-thread-40236#
[PollStageAppStatusExecution] c18fe1fc-36e5-42c6-a94c-691eb977813f [2026-09-07T11:05:49.389024] -----> Installing node 24.18.0 (STDOUT, STG)#
#2026 09 07 11:05:51.043#Z#DEBUG#ee464cf9-aaab-11f1-a0e6-eeee0a85092e.order-app-srv#flowable-async-job-executor-thread-40236#
[PollStageAppStatusExecution] c18fe1fc-36e5-42c6-a94c-691eb977813f [2026-09-07T11:05:49.389223] Copy [/tmp/buildpacks/336fb825d4d72bff/dependencies/dffbbb835fcd073c4544f78eb6247fac/node_24.18.0_linux_x64_cflinuxfs4_cdfed650.tgz] (STDOUT, STG)#
#2026 09 07 11:06:01.212#Z#DEBUG#ee464cf9-aaab-11f1-a0e6-eeee0a85092e.order-app-srv#flowable-async-job-executor-thread-40251#
[PollStageAppStatusExecution] c18fe1fc-36e5-42c6-a94c-691eb977813f [2026-09-07T11:05:52.055870] Using default npm version: 11.16.0 (STDOUT, STG)#
#2026 09 07 11:06:01.212#Z#DEBUG#ee464cf9-aaab-11f1-a0e6-eeee0a85092e.order-app-srv#flowable-async-job-executor-thread-40251#
[PollStageAppStatusExecution] c18fe1fc-36e5-42c6-a94c-691eb977813f [2026-09-07T11:05:52.055895] -----> Installing yarn 1.22.22 (STDOUT, STG)#
#2026 09 07 11:06:01.212#Z#DEBUG#ee464cf9-aaab-11f1-a0e6-eeee0a85092e.order-app-srv#flowable-async-job-executor-thread-40251#
[PollStageAppStatusExecution] c18fe1fc-36e5-42c6-a94c-691eb977813f [2026-09-07T11:05:52.056018] Copy [/tmp/buildpacks/336fb825d4d72bff/dependencies/e4fe26756e9984a665478d350474fa2e/yarn_1.22.22_linux_noarch_any-stack_b6132b86.tgz] (STDOUT, STG)#
#2026 09 07 11:06:01.212#Z#DEBUG#ee464cf9-aaab-11f1-a0e6-eeee0a85092e.order-app-srv#flowable-async-job-executor-thread-40251#
[PollStageAppStatusExecution] c18fe1fc-36e5-42c6-a94c-691eb977813f [2026-09-07T11:05:52.434989] Installed yarn 1.22.22 (STDOUT, STG)#
#2026 09 07 11:06:01.212#Z#DEBUG#ee464cf9-aaab-11f1-a0e6-eeee0a85092e.order-app-srv#flowable-async-job-executor-thread-40251#
[PollStageAppStatusExecution] c18fe1fc-36e5-42c6-a94c-691eb977813f [2026-09-07T11:05:52.435019] -----> Creating runtime environment (STDOUT, STG)#
#2026 09 07 11:06:01.212#Z#DEBUG#ee464cf9-aaab-11f1-a0e6-eeee0a85092e.order-app-srv#flowable-async-job-executor-thread-40251#
[PollStageAppStatusExecution] c18fe1fc-36e5-42c6-a94c-691eb977813f [2026-09-07T11:05:52.437301] NODE_ENV=production (STDOUT, STG)#
#2026 09 07 11:06:01.212#Z#DEBUG#ee464cf9-aaab-11f1-a0e6-eeee0a85092e.order-app-srv#flowable-async-job-executor-thread-40251#
[PollStageAppStatusExecution] c18fe1fc-36e5-42c6-a94c-691eb977813f [2026-09-07T11:05:52.437327] NODE_HOME=/tmp/contents1958050987/deps/0/node (STDOUT, STG)#
#2026 09 07 11:06:01.212#Z#DEBUG#ee464cf9-aaab-11f1-a0e6-eeee0a85092e.order-app-srv#flowable-async-job-executor-thread-40251#
[PollStageAppStatusExecution] c18fe1fc-36e5-42c6-a94c-691eb977813f [2026-09-07T11:05:52.437336] NODE_MODULES_CACHE=true (STDOUT, STG)#
#2026 09 07 11:06:01.212#Z#DEBUG#ee464cf9-aaab-11f1-a0e6-eeee0a85092e.order-app-srv#flowable-async-job-executor-thread-40251#
[PollStageAppStatusExecution] c18fe1fc-36e5-42c6-a94c-691eb977813f [2026-09-07T11:05:52.437443] NODE_VERBOSE=false (STDOUT, STG)#
#2026 09 07 11:06:01.212#Z#DEBUG#ee464cf9-aaab-11f1-a0e6-eeee0a85092e.order-app-srv#flowable-async-job-executor-thread-40251#
[PollStageAppStatusExecution] c18fe1fc-36e5-42c6-a94c-691eb977813f [2026-09-07T11:05:52.437568] NPM_CONFIG_LOGLEVEL=error (STDOUT, STG)#
#2026 09 07 11:06:01.212#Z#DEBUG#ee464cf9-aaab-11f1-a0e6-eeee0a85092e.order-app-srv#flowable-async-job-executor-thread-40251#
[PollStageAppStatusExecution] c18fe1fc-36e5-42c6-a94c-691eb977813f [2026-09-07T11:05:52.437621] NPM_CONFIG_PRODUCTION=true (STDOUT, STG)#
#2026 09 07 11:06:01.213#Z#DEBUG#ee464cf9-aaab-11f1-a0e6-eeee0a85092e.order-app-srv#flowable-async-job-executor-thread-40251#
[PollStageAppStatusExecution] c18fe1fc-36e5-42c6-a94c-691eb977813f [2026-09-07T11:05:52.437677] -----> Building dependencies (STDOUT, STG)#
#2026 09 07 11:06:01.213#Z#DEBUG#ee464cf9-aaab-11f1-a0e6-eeee0a85092e.order-app-srv#flowable-async-job-executor-thread-40251#
[PollStageAppStatusExecution] c18fe1fc-36e5-42c6-a94c-691eb977813f [2026-09-07T11:05:52.437723] Prebuild detected (node_modules already exists) (STDOUT, STG)#
#2026 09 07 11:06:01.213#Z#DEBUG#ee464cf9-aaab-11f1-a0e6-eeee0a85092e.order-app-srv#flowable-async-job-executor-thread-40251#
[PollStageAppStatusExecution] c18fe1fc-36e5-42c6-a94c-691eb977813f [2026-09-07T11:05:52.437769] Rebuilding any native modules (STDOUT, STG)#
#2026 09 07 11:06:01.213#Z#DEBUG#ee464cf9-aaab-11f1-a0e6-eeee0a85092e.order-app-srv#flowable-async-job-executor-thread-40251#
[PollStageAppStatusExecution] c18fe1fc-36e5-42c6-a94c-691eb977813f [2026-09-07T11:05:53.186978] rebuilt dependencies successfully (STDOUT, STG)#
#2026 09 07 11:06:01.213#Z#DEBUG#ee464cf9-aaab-11f1-a0e6-eeee0a85092e.order-app-srv#flowable-async-job-executor-thread-40251#
[PollStageAppStatusExecution] c18fe1fc-36e5-42c6-a94c-691eb977813f [2026-09-07T11:05:53.189509] npm notice (STDOUT, STG)#
#2026 09 07 11:06:01.213#Z#DEBUG#ee464cf9-aaab-11f1-a0e6-eeee0a85092e.order-app-srv#flowable-async-job-executor-thread-40251#
[PollStageAppStatusExecution] c18fe1fc-36e5-42c6-a94c-691eb977813f [2026-09-07T11:05:53.189536] npm notice New major version of npm available! 11.16.0 -> 12.0.2 (STDOUT, STG)#
#2026 09 07 11:06:01.213#Z#DEBUG#ee464cf9-aaab-11f1-a0e6-eeee0a85092e.order-app-srv#flowable-async-job-executor-thread-40251#
[PollStageAppStatusExecution] c18fe1fc-36e5-42c6-a94c-691eb977813f [2026-09-07T11:05:53.189545] npm notice Changelog: https://github.com/npm/cli/releases/tag/v12.0.2 (STDOUT, STG)#
#2026 09 07 11:06:01.213#Z#DEBUG#ee464cf9-aaab-11f1-a0e6-eeee0a85092e.order-app-srv#flowable-async-job-executor-thread-40251#
[PollStageAppStatusExecution] c18fe1fc-36e5-42c6-a94c-691eb977813f [2026-09-07T11:05:53.189548] npm notice To update run: npm install -g npm@12.0.2 (STDOUT, STG)#
#2026 09 07 11:06:01.213#Z#DEBUG#ee464cf9-aaab-11f1-a0e6-eeee0a85092e.order-app-srv#flowable-async-job-executor-thread-40251#
[PollStageAppStatusExecution] c18fe1fc-36e5-42c6-a94c-691eb977813f [2026-09-07T11:05:53.189551] npm notice (STDOUT, STG)#
#2026 09 07 11:06:01.213#Z#DEBUG#ee464cf9-aaab-11f1-a0e6-eeee0a85092e.order-app-srv#flowable-async-job-executor-thread-40251#
[PollStageAppStatusExecution] c18fe1fc-36e5-42c6-a94c-691eb977813f [2026-09-07T11:05:53.255465] Installing any new modules (package.json + package-lock.json) (STDOUT, STG)#
#2026 09 07 11:06:01.213#Z#DEBUG#ee464cf9-aaab-11f1-a0e6-eeee0a85092e.order-app-srv#flowable-async-job-executor-thread-40251#
[PollStageAppStatusExecution] c18fe1fc-36e5-42c6-a94c-691eb977813f [2026-09-07T11:05:54.133871] up to date in 791ms (STDOUT, STG)#
#2026 09 07 11:06:01.213#Z#DEBUG#ee464cf9-aaab-11f1-a0e6-eeee0a85092e.order-app-srv#flowable-async-job-executor-thread-40251#
[PollStageAppStatusExecution] c18fe1fc-36e5-42c6-a94c-691eb977813f [2026-09-07T11:05:54.133902] 30 packages are looking for funding (STDOUT, STG)#
#2026 09 07 11:06:01.213#Z#DEBUG#ee464cf9-aaab-11f1-a0e6-eeee0a85092e.order-app-srv#flowable-async-job-executor-thread-40251#
[PollStageAppStatusExecution] c18fe1fc-36e5-42c6-a94c-691eb977813f [2026-09-07T11:05:54.133906] run `npm fund` for details (STDOUT, STG)#
#2026 09 07 11:06:01.213#Z#DEBUG#ee464cf9-aaab-11f1-a0e6-eeee0a85092e.order-app-srv#flowable-async-job-executor-thread-40251#
[PollStageAppStatusExecution] c18fe1fc-36e5-42c6-a94c-691eb977813f [2026-09-07T11:05:55.240443] Contrast Security no credentials found. Will not write environment files. (STDOUT, STG)#
#2026 09 07 11:06:11.160#Z#DEBUG#ee464cf9-aaab-11f1-a0e6-eeee0a85092e.order-app-srv#flowable-async-job-executor-thread-40257#
[PollStageAppStatusExecution] c18fe1fc-36e5-42c6-a94c-691eb977813f [2026-09-07T11:06:05.275716] Exit status 0 (STDOUT, STG)#
#2026 09 07 11:06:11.160#Z#DEBUG#ee464cf9-aaab-11f1-a0e6-eeee0a85092e.order-app-srv#flowable-async-job-executor-thread-40257#
[PollStageAppStatusExecution] c18fe1fc-36e5-42c6-a94c-691eb977813f [2026-09-07T11:06:05.275798] Uploading droplet, build artifacts cache... (STDOUT, STG)#
#2026 09 07 11:06:11.160#Z#DEBUG#ee464cf9-aaab-11f1-a0e6-eeee0a85092e.order-app-srv#flowable-async-job-executor-thread-40257#
[PollStageAppStatusExecution] c18fe1fc-36e5-42c6-a94c-691eb977813f [2026-09-07T11:06:05.275861] Uploading droplet... (STDOUT, STG)#
#2026 09 07 11:06:11.160#Z#DEBUG#ee464cf9-aaab-11f1-a0e6-eeee0a85092e.order-app-srv#flowable-async-job-executor-thread-40257#
[PollStageAppStatusExecution] c18fe1fc-36e5-42c6-a94c-691eb977813f [2026-09-07T11:06:05.276239] Uploading build artifacts cache... (STDOUT, STG)#
#2026 09 07 11:06:11.160#Z#DEBUG#ee464cf9-aaab-11f1-a0e6-eeee0a85092e.order-app-srv#flowable-async-job-executor-thread-40257#
[PollStageAppStatusExecution] c18fe1fc-36e5-42c6-a94c-691eb977813f [2026-09-07T11:06:05.320445] Uploaded build artifacts cache (217B) (STDOUT, STG)#
#2026 09 07 11:06:11.160#Z#DEBUG#ee464cf9-aaab-11f1-a0e6-eeee0a85092e.order-app-srv#flowable-async-job-executor-thread-40257#
[PollStageAppStatusExecution] c18fe1fc-36e5-42c6-a94c-691eb977813f [2026-09-07T11:06:06.073180] Creating droplet for app with guid c18fe1fc-36e5-42c6-a94c-691eb977813f (STDOUT, API)#
#2026 09 07 11:06:11.160#Z#DEBUG#ee464cf9-aaab-11f1-a0e6-eeee0a85092e.order-app-srv#flowable-async-job-executor-thread-40257#
[PollStageAppStatusExecution] c18fe1fc-36e5-42c6-a94c-691eb977813f [2026-09-07T11:06:09.148337] Uploaded droplet (60.6M) (STDOUT, STG)#
#2026 09 07 11:06:11.160#Z#DEBUG#ee464cf9-aaab-11f1-a0e6-eeee0a85092e.order-app-srv#flowable-async-job-executor-thread-40257#
[PollStageAppStatusExecution] c18fe1fc-36e5-42c6-a94c-691eb977813f [2026-09-07T11:06:09.169907] Uploading complete (STDOUT, STG)#
#2026 09 07 11:06:11.160#Z#DEBUG#ee464cf9-aaab-11f1-a0e6-eeee0a85092e.order-app-srv#flowable-async-job-executor-thread-40257#
[PollStageAppStatusExecution] c18fe1fc-36e5-42c6-a94c-691eb977813f [2026-09-07T11:06:10.464433] Cell c839c7b1-088e-41af-b9b7-66256aacd457 stopping instance 4ebcdab8-f454-4bfc-90a9-8093d30ad447 (STDOUT, STG)#
#2026 09 07 11:06:11.160#Z#DEBUG#ee464cf9-aaab-11f1-a0e6-eeee0a85092e.order-app-srv#flowable-async-job-executor-thread-40257#
[PollStageAppStatusExecution] c18fe1fc-36e5-42c6-a94c-691eb977813f [2026-09-07T11:06:10.464475] Cell c839c7b1-088e-41af-b9b7-66256aacd457 destroying container for instance 4ebcdab8-f454-4bfc-90a9-8093d30ad447 (STDOUT, STG)#
#2026 09 07 11:06:11.160#Z#DEBUG#ee464cf9-aaab-11f1-a0e6-eeee0a85092e.order-app-srv#flowable-async-job-executor-thread-40257#
[PollStageAppStatusExecution] c18fe1fc-36e5-42c6-a94c-691eb977813f [2026-09-07T11:06:10.515982] Staging complete for build 4ebcdab8-f454-4bfc-90a9-8093d30ad447 (STDOUT, API)#
#2026 09 07 11:06:21.367#Z#DEBUG#ee464cf9-aaab-11f1-a0e6-eeee0a85092e.order-app-srv#flowable-async-job-executor-thread-40266#
[PollStartAppStatusExecution] c18fe1fc-36e5-42c6-a94c-691eb977813f [2026-09-07T11:06:11.224419] Updated app with guid c18fe1fc-36e5-42c6-a94c-691eb977813f ({:droplet_guid=>"ea7d4884-f3d1-46fd-a781-6e40987e2235"}) (STDOUT, API)#
#2026 09 07 11:06:21.367#Z#DEBUG#ee464cf9-aaab-11f1-a0e6-eeee0a85092e.order-app-srv#flowable-async-job-executor-thread-40266#
[PollStartAppStatusExecution] c18fe1fc-36e5-42c6-a94c-691eb977813f [2026-09-07T11:06:11.380716] Creating revision for app with guid c18fe1fc-36e5-42c6-a94c-691eb977813f (STDOUT, API)#
#2026 09 07 11:06:21.367#Z#DEBUG#ee464cf9-aaab-11f1-a0e6-eeee0a85092e.order-app-srv#flowable-async-job-executor-thread-40266#
[PollStartAppStatusExecution] c18fe1fc-36e5-42c6-a94c-691eb977813f [2026-09-07T11:06:11.419202] Starting app with guid c18fe1fc-36e5-42c6-a94c-691eb977813f (STDOUT, API)#
#2026 09 07 11:06:21.367#Z#DEBUG#ee464cf9-aaab-11f1-a0e6-eeee0a85092e.order-app-srv#flowable-async-job-executor-thread-40266#
[PollStartAppStatusExecution] c18fe1fc-36e5-42c6-a94c-691eb977813f [2026-09-07T11:06:11.671407] Cell 684caff8-89cd-492b-be01-b3d0835f1763 creating container for instance 0347f4e6-dd86-4e3c-708a-ca8e (STDOUT, CELL)#
#2026 09 07 11:06:21.367#Z#DEBUG#ee464cf9-aaab-11f1-a0e6-eeee0a85092e.order-app-srv#flowable-async-job-executor-thread-40266#
[PollStartAppStatusExecution] c18fe1fc-36e5-42c6-a94c-691eb977813f [2026-09-07T11:06:12.588399] Security group rules were updated (STDOUT, CELL)#
#2026 09 07 11:06:21.368#Z#DEBUG#ee464cf9-aaab-11f1-a0e6-eeee0a85092e.order-app-srv#flowable-async-job-executor-thread-40266#
[PollStartAppStatusExecution] c18fe1fc-36e5-42c6-a94c-691eb977813f [2026-09-07T11:06:12.684891] Cell 684caff8-89cd-492b-be01-b3d0835f1763 successfully created container for instance 0347f4e6-dd86-4e3c-708a-ca8e (STDOUT, CELL)#
#2026 09 07 11:06:21.368#Z#DEBUG#ee464cf9-aaab-11f1-a0e6-eeee0a85092e.order-app-srv#flowable-async-job-executor-thread-40266#
[PollStartAppStatusExecution] c18fe1fc-36e5-42c6-a94c-691eb977813f [2026-09-07T11:06:12.962286] Cell c839c7b1-088e-41af-b9b7-66256aacd457 successfully destroyed container for instance 4ebcdab8-f454-4bfc-90a9-8093d30ad447 (STDOUT, STG)#
#2026 09 07 11:06:21.368#Z#DEBUG#ee464cf9-aaab-11f1-a0e6-eeee0a85092e.order-app-srv#flowable-async-job-executor-thread-40266#
[PollStartAppStatusExecution] c18fe1fc-36e5-42c6-a94c-691eb977813f [2026-09-07T11:06:13.129412] Downloading droplet... (STDOUT, CELL)#
#2026 09 07 11:06:21.368#Z#DEBUG#ee464cf9-aaab-11f1-a0e6-eeee0a85092e.order-app-srv#flowable-async-job-executor-thread-40266#
[PollStartAppStatusExecution] c18fe1fc-36e5-42c6-a94c-691eb977813f [2026-09-07T11:06:16.961964] Downloaded droplet (60.6M) (STDOUT, CELL)#
#2026 09 07 11:06:21.368#Z#DEBUG#ee464cf9-aaab-11f1-a0e6-eeee0a85092e.order-app-srv#flowable-async-job-executor-thread-40266#
[PollStartAppStatusExecution] c18fe1fc-36e5-42c6-a94c-691eb977813f [2026-09-07T11:06:16.962125] Starting health monitoring of container (STDOUT, CELL)#
#2026 09 07 11:06:21.368#Z#DEBUG#ee464cf9-aaab-11f1-a0e6-eeee0a85092e.order-app-srv#flowable-async-job-executor-thread-40266#
[PollStartAppStatusExecution] c18fe1fc-36e5-42c6-a94c-691eb977813f [2026-09-07T11:06:17.130796] Invoking pre-start scripts. (STDOUT, APP/PROC/WEB)#
#2026 09 07 11:06:21.368#Z#DEBUG#ee464cf9-aaab-11f1-a0e6-eeee0a85092e.order-app-srv#flowable-async-job-executor-thread-40266#
[PollStartAppStatusExecution] c18fe1fc-36e5-42c6-a94c-691eb977813f [2026-09-07T11:06:17.397055] Invoking start command. (STDOUT, APP/PROC/WEB)#
#2026 09 07 11:06:21.368#Z#DEBUG#ee464cf9-aaab-11f1-a0e6-eeee0a85092e.order-app-srv#flowable-async-job-executor-thread-40266#
[PollStartAppStatusExecution] c18fe1fc-36e5-42c6-a94c-691eb977813f [2026-09-07T11:06:17.986500] > order-app@1.0.0 start (STDOUT, APP/PROC/WEB)#
#2026 09 07 11:06:21.368#Z#DEBUG#ee464cf9-aaab-11f1-a0e6-eeee0a85092e.order-app-srv#flowable-async-job-executor-thread-40266#
[PollStartAppStatusExecution] c18fe1fc-36e5-42c6-a94c-691eb977813f [2026-09-07T11:06:17.986537] > cds-serve (STDOUT, APP/PROC/WEB)#
#2026 09 07 11:06:21.368#Z#DEBUG#ee464cf9-aaab-11f1-a0e6-eeee0a85092e.order-app-srv#flowable-async-job-executor-thread-40266#
[PollStartAppStatusExecution] c18fe1fc-36e5-42c6-a94c-691eb977813f [2026-09-07T11:06:18.357676] {"level":"info","logger":"cds","timestamp":"2026-09-07T11:06:18.355Z","layer":"cds","component_type":"application","container_id":"10.32.1.6","component_id":"c18fe1fc-36e5-42c6-a94c-691eb977813f","component_name":"order-app-srv","component_instance":0,"source_instance":0,"organization_name":"d0df43b9trial","organization_id":"188e7b36-f870-46ac-b4b4-fcdce414afb1","space_name":"dev","space_id":"383e080d-c4c5-4598-b9e9-72e78ff581ba","msg":"loaded model from 1 file(s):\n ","type":"log"} (STDOUT, APP/PROC/WEB)#
#2026 09 07 11:06:21.368#Z#DEBUG#ee464cf9-aaab-11f1-a0e6-eeee0a85092e.order-app-srv#flowable-async-job-executor-thread-40266#
[PollStartAppStatusExecution] c18fe1fc-36e5-42c6-a94c-691eb977813f [2026-09-07T11:06:18.358676] srv/csn.json (STDOUT, APP/PROC/WEB)#
#2026 09 07 11:06:21.368#Z#DEBUG#ee464cf9-aaab-11f1-a0e6-eeee0a85092e.order-app-srv#flowable-async-job-executor-thread-40266#
[PollStartAppStatusExecution] c18fe1fc-36e5-42c6-a94c-691eb977813f [2026-09-07T11:06:18.664089] {"level":"info","logger":"cds","timestamp":"2026-09-07T11:06:18.662Z","layer":"cds","component_type":"application","container_id":"10.32.1.6","component_id":"c18fe1fc-36e5-42c6-a94c-691eb977813f","component_name":"order-app-srv","component_instance":0,"source_instance":0,"organization_name":"d0df43b9trial","organization_id":"188e7b36-f870-46ac-b4b4-fcdce414afb1","space_name":"dev","space_id":"383e080d-c4c5-4598-b9e9-72e78ff581ba","msg":"connect to db > hana {\n  database_id: '26160d64-6f37-4efa-b584-ec2ead369fa1',\n  host: '26160d64-6f37-4efa-b584-ec2ead369fa1.hna0.prod-us10.hanacloud.ondemand.com',\n  port: '443',\n  driver: 'com.sap.db.jdbc.Driver',\n  url: 'jdbc:sap://26160d64-6f37-4efa-b584-ec2ead369fa1.hna0.prod-us10.hanacloud.ondemand.com:443?encrypt=true&validateCertificate=true&currentschema=75964680DA0B4C82840C1BA9494A874F',\n  schema: '75964680DA0B4C82840C1BA9494A874F',\n  certificate: '...',\n  hdi_user: '75964680DA0B4C82840C1BA9494A874F_C5QBNMQINUJ6JSPOZA8LTIZQX_DT',\n  hdi_password: '...',\n  user: '75964680DA0B4C82840C1BA9494A874F_C5QBNMQINUJ6JSPOZA8LTIZQX_RT',\n  password: '...'\n}","type":"log"} (STDOUT, APP/PROC/WEB)#
#2026 09 07 11:06:21.368#Z#DEBUG#ee464cf9-aaab-11f1-a0e6-eeee0a85092e.order-app-srv#flowable-async-job-executor-thread-40266#
[PollStartAppStatusExecution] c18fe1fc-36e5-42c6-a94c-691eb977813f [2026-09-07T11:06:18.703882] {"level":"info","logger":"cds","timestamp":"2026-09-07T11:06:18.703Z","layer":"cds","component_type":"application","container_id":"10.32.1.6","component_id":"c18fe1fc-36e5-42c6-a94c-691eb977813f","component_name":"order-app-srv","component_instance":0,"source_instance":0,"organization_name":"d0df43b9trial","organization_id":"188e7b36-f870-46ac-b4b4-fcdce414afb1","space_name":"dev","space_id":"383e080d-c4c5-4598-b9e9-72e78ff581ba","msg":"using auth strategy { kind: 'jwt' }","type":"log"} (STDOUT, APP/PROC/WEB)#
#2026 09 07 11:06:21.368#Z#DEBUG#ee464cf9-aaab-11f1-a0e6-eeee0a85092e.order-app-srv#flowable-async-job-executor-thread-40266#
[PollStartAppStatusExecution] c18fe1fc-36e5-42c6-a94c-691eb977813f [2026-09-07T11:06:18.706465] node:internal/modules/cjs/loader:1517 (STDERR, APP/PROC/WEB)#
#2026 09 07 11:06:21.368#Z#DEBUG#ee464cf9-aaab-11f1-a0e6-eeee0a85092e.order-app-srv#flowable-async-job-executor-thread-40266#
[PollStartAppStatusExecution] c18fe1fc-36e5-42c6-a94c-691eb977813f [2026-09-07T11:06:18.706507] const err = new Error(message); (STDERR, APP/PROC/WEB)#
#2026 09 07 11:06:21.368#Z#DEBUG#ee464cf9-aaab-11f1-a0e6-eeee0a85092e.order-app-srv#flowable-async-job-executor-thread-40266#
[PollStartAppStatusExecution] c18fe1fc-36e5-42c6-a94c-691eb977813f [2026-09-07T11:06:18.706512] ^ (STDERR, APP/PROC/WEB)#
#2026 09 07 11:06:21.368#Z#DEBUG#ee464cf9-aaab-11f1-a0e6-eeee0a85092e.order-app-srv#flowable-async-job-executor-thread-40266#
[PollStartAppStatusExecution] c18fe1fc-36e5-42c6-a94c-691eb977813f [2026-09-07T11:06:18.706518] Error: Cannot find '@sap/xssec'. Make sure to install it with 'npm i @sap/xssec' (STDERR, APP/PROC/WEB)#
#2026 09 07 11:06:21.368#Z#DEBUG#ee464cf9-aaab-11f1-a0e6-eeee0a85092e.order-app-srv#flowable-async-job-executor-thread-40266#
[PollStartAppStatusExecution] c18fe1fc-36e5-42c6-a94c-691eb977813f [2026-09-07T11:06:18.706523] Cannot find module '@sap/xssec' (STDERR, APP/PROC/WEB)#
#2026 09 07 11:06:21.368#Z#DEBUG#ee464cf9-aaab-11f1-a0e6-eeee0a85092e.order-app-srv#flowable-async-job-executor-thread-40266#
[PollStartAppStatusExecution] c18fe1fc-36e5-42c6-a94c-691eb977813f [2026-09-07T11:06:18.706528] Require stack: (STDERR, APP/PROC/WEB)#
#2026 09 07 11:06:21.368#Z#DEBUG#ee464cf9-aaab-11f1-a0e6-eeee0a85092e.order-app-srv#flowable-async-job-executor-thread-40266#
[PollStartAppStatusExecution] c18fe1fc-36e5-42c6-a94c-691eb977813f [2026-09-07T11:06:18.706537] - /home/vcap/app/node_modules/@sap/cds/lib/srv/middlewares/auth/xssec.js (STDERR, APP/PROC/WEB)#
#2026 09 07 11:06:21.368#Z#DEBUG#ee464cf9-aaab-11f1-a0e6-eeee0a85092e.order-app-srv#flowable-async-job-executor-thread-40266#
[PollStartAppStatusExecution] c18fe1fc-36e5-42c6-a94c-691eb977813f [2026-09-07T11:06:18.706541] - /home/vcap/app/node_modules/@sap/cds/lib/srv/middlewares/auth/jwt-auth.js (STDERR, APP/PROC/WEB)#
#2026 09 07 11:06:21.368#Z#DEBUG#ee464cf9-aaab-11f1-a0e6-eeee0a85092e.order-app-srv#flowable-async-job-executor-thread-40266#
[PollStartAppStatusExecution] c18fe1fc-36e5-42c6-a94c-691eb977813f [2026-09-07T11:06:18.706546] - /home/vcap/app/node_modules/@sap/cds/lib/srv/middlewares/auth/index.js (STDERR, APP/PROC/WEB)#
#2026 09 07 11:06:21.368#Z#DEBUG#ee464cf9-aaab-11f1-a0e6-eeee0a85092e.order-app-srv#flowable-async-job-executor-thread-40266#
[PollStartAppStatusExecution] c18fe1fc-36e5-42c6-a94c-691eb977813f [2026-09-07T11:06:18.706550] - /home/vcap/app/node_modules/@sap/cds/lib/srv/middlewares/index.js (STDERR, APP/PROC/WEB)#
#2026 09 07 11:06:21.368#Z#DEBUG#ee464cf9-aaab-11f1-a0e6-eeee0a85092e.order-app-srv#flowable-async-job-executor-thread-40266#
[PollStartAppStatusExecution] c18fe1fc-36e5-42c6-a94c-691eb977813f [2026-09-07T11:06:18.706554] - /home/vcap/app/node_modules/@sap/cds/lib/index.js (STDERR, APP/PROC/WEB)#
#2026 09 07 11:06:21.368#Z#DEBUG#ee464cf9-aaab-11f1-a0e6-eeee0a85092e.order-app-srv#flowable-async-job-executor-thread-40266#
[PollStartAppStatusExecution] c18fe1fc-36e5-42c6-a94c-691eb977813f [2026-09-07T11:06:18.706558] - /home/vcap/app/node_modules/@sap/cds/bin/serve.js (STDERR, APP/PROC/WEB)#
#2026 09 07 11:06:21.368#Z#DEBUG#ee464cf9-aaab-11f1-a0e6-eeee0a85092e.order-app-srv#flowable-async-job-executor-thread-40266#
[PollStartAppStatusExecution] c18fe1fc-36e5-42c6-a94c-691eb977813f [2026-09-07T11:06:18.706562] at Module._resolveFilename (node:internal/modules/cjs/loader:1517:15) (STDERR, APP/PROC/WEB)#
#2026 09 07 11:06:21.368#Z#DEBUG#ee464cf9-aaab-11f1-a0e6-eeee0a85092e.order-app-srv#flowable-async-job-executor-thread-40266#
[PollStartAppStatusExecution] c18fe1fc-36e5-42c6-a94c-691eb977813f [2026-09-07T11:06:18.706566] at wrapResolveFilename (node:internal/modules/cjs/loader:1071:27) (STDERR, APP/PROC/WEB)#
#2026 09 07 11:06:21.368#Z#DEBUG#ee464cf9-aaab-11f1-a0e6-eeee0a85092e.order-app-srv#flowable-async-job-executor-thread-40266#
[PollStartAppStatusExecution] c18fe1fc-36e5-42c6-a94c-691eb977813f [2026-09-07T11:06:18.706570] at defaultResolveImplForCJSLoading (node:internal/modules/cjs/loader:1095:10) (STDERR, APP/PROC/WEB)#
#2026 09 07 11:06:21.368#Z#DEBUG#ee464cf9-aaab-11f1-a0e6-eeee0a85092e.order-app-srv#flowable-async-job-executor-thread-40266#
[PollStartAppStatusExecution] c18fe1fc-36e5-42c6-a94c-691eb977813f [2026-09-07T11:06:18.706577] at resolveForCJSWithHooks (node:internal/modules/cjs/loader:1122:12) (STDERR, APP/PROC/WEB)#
#2026 09 07 11:06:21.368#Z#DEBUG#ee464cf9-aaab-11f1-a0e6-eeee0a85092e.order-app-srv#flowable-async-job-executor-thread-40266#
[PollStartAppStatusExecution] c18fe1fc-36e5-42c6-a94c-691eb977813f [2026-09-07T11:06:18.706582] at Module._load (node:internal/modules/cjs/loader:1294:5) (STDERR, APP/PROC/WEB)#
#2026 09 07 11:06:21.368#Z#DEBUG#ee464cf9-aaab-11f1-a0e6-eeee0a85092e.order-app-srv#flowable-async-job-executor-thread-40266#
[PollStartAppStatusExecution] c18fe1fc-36e5-42c6-a94c-691eb977813f [2026-09-07T11:06:18.706588] at wrapModuleLoad (node:internal/modules/cjs/loader:255:19) (STDERR, APP/PROC/WEB)#
#2026 09 07 11:06:21.368#Z#DEBUG#ee464cf9-aaab-11f1-a0e6-eeee0a85092e.order-app-srv#flowable-async-job-executor-thread-40266#
[PollStartAppStatusExecution] c18fe1fc-36e5-42c6-a94c-691eb977813f [2026-09-07T11:06:18.706591] at Module.require (node:internal/modules/cjs/loader:1617:12) (STDERR, APP/PROC/WEB)#
#2026 09 07 11:06:21.368#Z#DEBUG#ee464cf9-aaab-11f1-a0e6-eeee0a85092e.order-app-srv#flowable-async-job-executor-thread-40266#
[PollStartAppStatusExecution] c18fe1fc-36e5-42c6-a94c-691eb977813f [2026-09-07T11:06:18.706598] at require (node:internal/modules/helpers:153:16) (STDERR, APP/PROC/WEB)#
#2026 09 07 11:06:21.368#Z#DEBUG#ee464cf9-aaab-11f1-a0e6-eeee0a85092e.order-app-srv#flowable-async-job-executor-thread-40266#
[PollStartAppStatusExecution] c18fe1fc-36e5-42c6-a94c-691eb977813f [2026-09-07T11:06:18.706606] at Object.<anonymous> (/home/vcap/app/node_modules/@sap/cds/lib/srv/middlewares/auth/xssec.js:2:17) (STDERR, APP/PROC/WEB)#
#2026 09 07 11:06:21.368#Z#DEBUG#ee464cf9-aaab-11f1-a0e6-eeee0a85092e.order-app-srv#flowable-async-job-executor-thread-40266#
[PollStartAppStatusExecution] c18fe1fc-36e5-42c6-a94c-691eb977813f [2026-09-07T11:06:18.706609] at Module._compile (node:internal/modules/cjs/loader:1871:14) { (STDERR, APP/PROC/WEB)#
#2026 09 07 11:06:21.368#Z#DEBUG#ee464cf9-aaab-11f1-a0e6-eeee0a85092e.order-app-srv#flowable-async-job-executor-thread-40266#
[PollStartAppStatusExecution] c18fe1fc-36e5-42c6-a94c-691eb977813f [2026-09-07T11:06:18.706613] code: 'MODULE_NOT_FOUND', (STDERR, APP/PROC/WEB)#
#2026 09 07 11:06:21.368#Z#DEBUG#ee464cf9-aaab-11f1-a0e6-eeee0a85092e.order-app-srv#flowable-async-job-executor-thread-40266#
[PollStartAppStatusExecution] c18fe1fc-36e5-42c6-a94c-691eb977813f [2026-09-07T11:06:18.706617] requireStack: [ (STDERR, APP/PROC/WEB)#
#2026 09 07 11:06:21.368#Z#DEBUG#ee464cf9-aaab-11f1-a0e6-eeee0a85092e.order-app-srv#flowable-async-job-executor-thread-40266#
[PollStartAppStatusExecution] c18fe1fc-36e5-42c6-a94c-691eb977813f [2026-09-07T11:06:18.706620] '/home/vcap/app/node_modules/@sap/cds/lib/srv/middlewares/auth/xssec.js', (STDERR, APP/PROC/WEB)#
#2026 09 07 11:06:21.368#Z#DEBUG#ee464cf9-aaab-11f1-a0e6-eeee0a85092e.order-app-srv#flowable-async-job-executor-thread-40266#
[PollStartAppStatusExecution] c18fe1fc-36e5-42c6-a94c-691eb977813f [2026-09-07T11:06:18.706625] '/home/vcap/app/node_modules/@sap/cds/lib/srv/middlewares/auth/jwt-auth.js', (STDERR, APP/PROC/WEB)#
#2026 09 07 11:06:21.368#Z#DEBUG#ee464cf9-aaab-11f1-a0e6-eeee0a85092e.order-app-srv#flowable-async-job-executor-thread-40266#
[PollStartAppStatusExecution] c18fe1fc-36e5-42c6-a94c-691eb977813f [2026-09-07T11:06:18.706630] '/home/vcap/app/node_modules/@sap/cds/lib/srv/middlewares/auth/index.js', (STDERR, APP/PROC/WEB)#
#2026 09 07 11:06:21.368#Z#DEBUG#ee464cf9-aaab-11f1-a0e6-eeee0a85092e.order-app-srv#flowable-async-job-executor-thread-40266#
[PollStartAppStatusExecution] c18fe1fc-36e5-42c6-a94c-691eb977813f [2026-09-07T11:06:18.706635] '/home/vcap/app/node_modules/@sap/cds/lib/srv/middlewares/index.js', (STDERR, APP/PROC/WEB)#
#2026 09 07 11:06:21.368#Z#DEBUG#ee464cf9-aaab-11f1-a0e6-eeee0a85092e.order-app-srv#flowable-async-job-executor-thread-40266#
[PollStartAppStatusExecution] c18fe1fc-36e5-42c6-a94c-691eb977813f [2026-09-07T11:06:18.706640] '/home/vcap/app/node_modules/@sap/cds/lib/index.js', (STDERR, APP/PROC/WEB)#
#2026 09 07 11:06:21.368#Z#DEBUG#ee464cf9-aaab-11f1-a0e6-eeee0a85092e.order-app-srv#flowable-async-job-executor-thread-40266#
[PollStartAppStatusExecution] c18fe1fc-36e5-42c6-a94c-691eb977813f [2026-09-07T11:06:18.706647] '/home/vcap/app/node_modules/@sap/cds/bin/serve.js' (STDERR, APP/PROC/WEB)#
#2026 09 07 11:06:21.368#Z#DEBUG#ee464cf9-aaab-11f1-a0e6-eeee0a85092e.order-app-srv#flowable-async-job-executor-thread-40266#
[PollStartAppStatusExecution] c18fe1fc-36e5-42c6-a94c-691eb977813f [2026-09-07T11:06:18.706650] ] (STDERR, APP/PROC/WEB)#
#2026 09 07 11:06:21.368#Z#DEBUG#ee464cf9-aaab-11f1-a0e6-eeee0a85092e.order-app-srv#flowable-async-job-executor-thread-40266#
[PollStartAppStatusExecution] c18fe1fc-36e5-42c6-a94c-691eb977813f [2026-09-07T11:06:18.706655] } (STDERR, APP/PROC/WEB)#
#2026 09 07 11:06:21.368#Z#DEBUG#ee464cf9-aaab-11f1-a0e6-eeee0a85092e.order-app-srv#flowable-async-job-executor-thread-40266#
[PollStartAppStatusExecution] c18fe1fc-36e5-42c6-a94c-691eb977813f [2026-09-07T11:06:18.706659] Node.js v24.18.0 (STDERR, APP/PROC/WEB)#
#2026 09 07 11:06:21.368#Z#DEBUG#ee464cf9-aaab-11f1-a0e6-eeee0a85092e.order-app-srv#flowable-async-job-executor-thread-40266#
[PollStartAppStatusExecution] c18fe1fc-36e5-42c6-a94c-691eb977813f [2026-09-07T11:06:18.726555] npm notice (STDERR, APP/PROC/WEB)#
#2026 09 07 11:06:21.368#Z#DEBUG#ee464cf9-aaab-11f1-a0e6-eeee0a85092e.order-app-srv#flowable-async-job-executor-thread-40266#
[PollStartAppStatusExecution] c18fe1fc-36e5-42c6-a94c-691eb977813f [2026-09-07T11:06:18.726591] npm notice New major version of npm available! 11.16.0 -> 12.0.2 (STDERR, APP/PROC/WEB)#
#2026 09 07 11:06:21.368#Z#DEBUG#ee464cf9-aaab-11f1-a0e6-eeee0a85092e.order-app-srv#flowable-async-job-executor-thread-40266#
[PollStartAppStatusExecution] c18fe1fc-36e5-42c6-a94c-691eb977813f [2026-09-07T11:06:18.726598] npm notice Changelog: https://github.com/npm/cli/releases/tag/v12.0.2 (STDERR, APP/PROC/WEB)#
#2026 09 07 11:06:21.368#Z#DEBUG#ee464cf9-aaab-11f1-a0e6-eeee0a85092e.order-app-srv#flowable-async-job-executor-thread-40266#
[PollStartAppStatusExecution] c18fe1fc-36e5-42c6-a94c-691eb977813f [2026-09-07T11:06:18.726606] npm notice To update run: npm install -g npm@12.0.2 (STDERR, APP/PROC/WEB)#
#2026 09 07 11:06:21.368#Z#DEBUG#ee464cf9-aaab-11f1-a0e6-eeee0a85092e.order-app-srv#flowable-async-job-executor-thread-40266#
[PollStartAppStatusExecution] c18fe1fc-36e5-42c6-a94c-691eb977813f [2026-09-07T11:06:18.726609] npm notice (STDERR, APP/PROC/WEB)#
#2026 09 07 11:06:21.368#Z#DEBUG#ee464cf9-aaab-11f1-a0e6-eeee0a85092e.order-app-srv#flowable-async-job-executor-thread-40266#
[PollStartAppStatusExecution] c18fe1fc-36e5-42c6-a94c-691eb977813f [2026-09-07T11:06:18.806360] Exit status 1 (STDOUT, APP/PROC/WEB)#
#2026 09 07 11:06:31.305#Z#DEBUG#ee464cf9-aaab-11f1-a0e6-eeee0a85092e.order-app-srv#flowable-async-job-executor-thread-40268#
[PollStartAppStatusExecution] c18fe1fc-36e5-42c6-a94c-691eb977813f [2026-09-07T11:06:25.769820] Cell 684caff8-89cd-492b-be01-b3d0835f1763 stopping instance 0347f4e6-dd86-4e3c-708a-ca8e (STDOUT, CELL)#
#2026 09 07 11:06:31.305#Z#DEBUG#ee464cf9-aaab-11f1-a0e6-eeee0a85092e.order-app-srv#flowable-async-job-executor-thread-40268#
[PollStartAppStatusExecution] c18fe1fc-36e5-42c6-a94c-691eb977813f [2026-09-07T11:06:25.769852] Cell 684caff8-89cd-492b-be01-b3d0835f1763 destroying container for instance 0347f4e6-dd86-4e3c-708a-ca8e (STDOUT, CELL)#
#2026 09 07 11:06:31.305#Z#DEBUG#ee464cf9-aaab-11f1-a0e6-eeee0a85092e.order-app-srv#flowable-async-job-executor-thread-40268#
[PollStartAppStatusExecution] c18fe1fc-36e5-42c6-a94c-691eb977813f [2026-09-07T11:06:25.774877] Process has crashed with type: "web" (STDOUT, API)#
#2026 09 07 11:06:31.305#Z#DEBUG#ee464cf9-aaab-11f1-a0e6-eeee0a85092e.order-app-srv#flowable-async-job-executor-thread-40268#
[PollStartAppStatusExecution] c18fe1fc-36e5-42c6-a94c-691eb977813f [2026-09-07T11:06:25.785706] App instance exited with guid c18fe1fc-36e5-42c6-a94c-691eb977813f payload: {"instance"=>"0347f4e6-dd86-4e3c-708a-ca8e", "index"=>0, "cell_id"=>"684caff8-89cd-492b-be01-b3d0835f1763", "reason"=>"CRASHED", "exit_description"=>"APP/PROC/WEB: Exited with status 1", "crash_count"=>1, "crash_timestamp"=>1788779185750870341, "version"=>"e87f0ce3-f1ae-4fe9-be75-5af1edfa684b"} (STDOUT, API)#
#2026 09 07 11:06:31.305#Z#DEBUG#ee464cf9-aaab-11f1-a0e6-eeee0a85092e.order-app-srv#flowable-async-job-executor-thread-40268#
[PollStartAppStatusExecution] c18fe1fc-36e5-42c6-a94c-691eb977813f [2026-09-07T11:06:25.910677] Cell 77283d80-dfa7-40ba-ba4e-265aef112085 creating container for instance 44c690e2-f2e8-41c9-6009-316f (STDOUT, CELL)#
#2026 09 07 11:06:31.305#Z#DEBUG#ee464cf9-aaab-11f1-a0e6-eeee0a85092e.order-app-srv#flowable-async-job-executor-thread-40268#
[PollStartAppStatusExecution] c18fe1fc-36e5-42c6-a94c-691eb977813f [2026-09-07T11:06:26.091206] Exit status 137 (STDOUT, PROXY)#
#2026 09 07 11:06:31.305#Z#DEBUG#ee464cf9-aaab-11f1-a0e6-eeee0a85092e.order-app-srv#flowable-async-job-executor-thread-40268#
[PollStartAppStatusExecution] c18fe1fc-36e5-42c6-a94c-691eb977813f [2026-09-07T11:06:26.897063] Security group rules were updated (STDOUT, CELL)#
#2026 09 07 11:06:31.305#Z#DEBUG#ee464cf9-aaab-11f1-a0e6-eeee0a85092e.order-app-srv#flowable-async-job-executor-thread-40268#
[PollStartAppStatusExecution] c18fe1fc-36e5-42c6-a94c-691eb977813f [2026-09-07T11:06:26.996561] Cell 77283d80-dfa7-40ba-ba4e-265aef112085 successfully created container for instance 44c690e2-f2e8-41c9-6009-316f (STDOUT, CELL)#
#2026 09 07 11:06:31.305#Z#DEBUG#ee464cf9-aaab-11f1-a0e6-eeee0a85092e.order-app-srv#flowable-async-job-executor-thread-40268#
[PollStartAppStatusExecution] c18fe1fc-36e5-42c6-a94c-691eb977813f [2026-09-07T11:06:28.511505] Cell 684caff8-89cd-492b-be01-b3d0835f1763 successfully destroyed container for instance 0347f4e6-dd86-4e3c-708a-ca8e (STDOUT, CELL)#
#2026 09 07 11:06:31.305#Z#DEBUG#ee464cf9-aaab-11f1-a0e6-eeee0a85092e.order-app-srv#flowable-async-job-executor-thread-40268#
[PollStartAppStatusExecution] c18fe1fc-36e5-42c6-a94c-691eb977813f [2026-09-07T11:06:28.703144] Downloading droplet... (STDOUT, CELL)#
#2026 09 07 11:06:41.369#Z#DEBUG#ee464cf9-aaab-11f1-a0e6-eeee0a85092e.order-app-srv#flowable-async-job-executor-thread-40280#
[PollStartAppStatusExecution] c18fe1fc-36e5-42c6-a94c-691eb977813f [2026-09-07T11:06:32.619729] Downloaded droplet (60.6M) (STDOUT, CELL)#
#2026 09 07 11:06:41.369#Z#DEBUG#ee464cf9-aaab-11f1-a0e6-eeee0a85092e.order-app-srv#flowable-async-job-executor-thread-40280#
[PollStartAppStatusExecution] c18fe1fc-36e5-42c6-a94c-691eb977813f [2026-09-07T11:06:32.619908] Starting health monitoring of container (STDOUT, CELL)#
#2026 09 07 11:06:41.369#Z#DEBUG#ee464cf9-aaab-11f1-a0e6-eeee0a85092e.order-app-srv#flowable-async-job-executor-thread-40280#
[PollStartAppStatusExecution] c18fe1fc-36e5-42c6-a94c-691eb977813f [2026-09-07T11:06:32.872361] Invoking pre-start scripts. (STDOUT, APP/PROC/WEB)#
#2026 09 07 11:06:41.369#Z#DEBUG#ee464cf9-aaab-11f1-a0e6-eeee0a85092e.order-app-srv#flowable-async-job-executor-thread-40280#
[PollStartAppStatusExecution] c18fe1fc-36e5-42c6-a94c-691eb977813f [2026-09-07T11:06:33.124087] Invoking start command. (STDOUT, APP/PROC/WEB)#
#2026 09 07 11:06:41.369#Z#DEBUG#ee464cf9-aaab-11f1-a0e6-eeee0a85092e.order-app-srv#flowable-async-job-executor-thread-40280#
[PollStartAppStatusExecution] c18fe1fc-36e5-42c6-a94c-691eb977813f [2026-09-07T11:06:33.609618] > order-app@1.0.0 start (STDOUT, APP/PROC/WEB)#
#2026 09 07 11:06:41.369#Z#DEBUG#ee464cf9-aaab-11f1-a0e6-eeee0a85092e.order-app-srv#flowable-async-job-executor-thread-40280#
[PollStartAppStatusExecution] c18fe1fc-36e5-42c6-a94c-691eb977813f [2026-09-07T11:06:33.609659] > cds-serve (STDOUT, APP/PROC/WEB)#
#2026 09 07 11:06:41.369#Z#DEBUG#ee464cf9-aaab-11f1-a0e6-eeee0a85092e.order-app-srv#flowable-async-job-executor-thread-40280#
[PollStartAppStatusExecution] c18fe1fc-36e5-42c6-a94c-691eb977813f [2026-09-07T11:06:33.917264] {"level":"info","logger":"cds","timestamp":"2026-09-07T11:06:33.915Z","layer":"cds","component_type":"application","container_id":"10.32.3.6","component_id":"c18fe1fc-36e5-42c6-a94c-691eb977813f","component_name":"order-app-srv","component_instance":0,"source_instance":0,"organization_name":"d0df43b9trial","organization_id":"188e7b36-f870-46ac-b4b4-fcdce414afb1","space_name":"dev","space_id":"383e080d-c4c5-4598-b9e9-72e78ff581ba","msg":"loaded model from 1 file(s):\n ","type":"log"} (STDOUT, APP/PROC/WEB)#
#2026 09 07 11:06:41.369#Z#DEBUG#ee464cf9-aaab-11f1-a0e6-eeee0a85092e.order-app-srv#flowable-async-job-executor-thread-40280#
[PollStartAppStatusExecution] c18fe1fc-36e5-42c6-a94c-691eb977813f [2026-09-07T11:06:33.917954] srv/csn.json (STDOUT, APP/PROC/WEB)#
#2026 09 07 11:06:41.369#Z#DEBUG#ee464cf9-aaab-11f1-a0e6-eeee0a85092e.order-app-srv#flowable-async-job-executor-thread-40280#
[PollStartAppStatusExecution] c18fe1fc-36e5-42c6-a94c-691eb977813f [2026-09-07T11:06:34.128748] {"level":"info","logger":"cds","timestamp":"2026-09-07T11:06:34.127Z","layer":"cds","component_type":"application","container_id":"10.32.3.6","component_id":"c18fe1fc-36e5-42c6-a94c-691eb977813f","component_name":"order-app-srv","component_instance":0,"source_instance":0,"organization_name":"d0df43b9trial","organization_id":"188e7b36-f870-46ac-b4b4-fcdce414afb1","space_name":"dev","space_id":"383e080d-c4c5-4598-b9e9-72e78ff581ba","msg":"connect to db > hana {\n  database_id: '26160d64-6f37-4efa-b584-ec2ead369fa1',\n  host: '26160d64-6f37-4efa-b584-ec2ead369fa1.hna0.prod-us10.hanacloud.ondemand.com',\n  port: '443',\n  driver: 'com.sap.db.jdbc.Driver',\n  url: 'jdbc:sap://26160d64-6f37-4efa-b584-ec2ead369fa1.hna0.prod-us10.hanacloud.ondemand.com:443?encrypt=true&validateCertificate=true&currentschema=75964680DA0B4C82840C1BA9494A874F',\n  schema: '75964680DA0B4C82840C1BA9494A874F',\n  certificate: '...',\n  hdi_user: '75964680DA0B4C82840C1BA9494A874F_C5QBNMQINUJ6JSPOZA8LTIZQX_DT',\n  hdi_password: '...',\n  user: '75964680DA0B4C82840C1BA9494A874F_C5QBNMQINUJ6JSPOZA8LTIZQX_RT',\n  password: '...'\n}","type":"log"} (STDOUT, APP/PROC/WEB)#
#2026 09 07 11:06:41.369#Z#DEBUG#ee464cf9-aaab-11f1-a0e6-eeee0a85092e.order-app-srv#flowable-async-job-executor-thread-40280#
[PollStartAppStatusExecution] c18fe1fc-36e5-42c6-a94c-691eb977813f [2026-09-07T11:06:34.162251] {"level":"info","logger":"cds","timestamp":"2026-09-07T11:06:34.161Z","layer":"cds","component_type":"application","container_id":"10.32.3.6","component_id":"c18fe1fc-36e5-42c6-a94c-691eb977813f","component_name":"order-app-srv","component_instance":0,"source_instance":0,"organization_name":"d0df43b9trial","organization_id":"188e7b36-f870-46ac-b4b4-fcdce414afb1","space_name":"dev","space_id":"383e080d-c4c5-4598-b9e9-72e78ff581ba","msg":"using auth strategy { kind: 'jwt' }","type":"log"} (STDOUT, APP/PROC/WEB)#
#2026 09 07 11:06:41.369#Z#DEBUG#ee464cf9-aaab-11f1-a0e6-eeee0a85092e.order-app-srv#flowable-async-job-executor-thread-40280#
[PollStartAppStatusExecution] c18fe1fc-36e5-42c6-a94c-691eb977813f [2026-09-07T11:06:34.164444] node:internal/modules/cjs/loader:1517 (STDERR, APP/PROC/WEB)#
#2026 09 07 11:06:41.369#Z#DEBUG#ee464cf9-aaab-11f1-a0e6-eeee0a85092e.order-app-srv#flowable-async-job-executor-thread-40280#
[PollStartAppStatusExecution] c18fe1fc-36e5-42c6-a94c-691eb977813f [2026-09-07T11:06:34.164476] const err = new Error(message); (STDERR, APP/PROC/WEB)#
#2026 09 07 11:06:41.369#Z#DEBUG#ee464cf9-aaab-11f1-a0e6-eeee0a85092e.order-app-srv#flowable-async-job-executor-thread-40280#
[PollStartAppStatusExecution] c18fe1fc-36e5-42c6-a94c-691eb977813f [2026-09-07T11:06:34.164483] ^ (STDERR, APP/PROC/WEB)#
#2026 09 07 11:06:41.369#Z#DEBUG#ee464cf9-aaab-11f1-a0e6-eeee0a85092e.order-app-srv#flowable-async-job-executor-thread-40280#
[PollStartAppStatusExecution] c18fe1fc-36e5-42c6-a94c-691eb977813f [2026-09-07T11:06:34.164486] Error: Cannot find '@sap/xssec'. Make sure to install it with 'npm i @sap/xssec' (STDERR, APP/PROC/WEB)#
#2026 09 07 11:06:41.369#Z#DEBUG#ee464cf9-aaab-11f1-a0e6-eeee0a85092e.order-app-srv#flowable-async-job-executor-thread-40280#
[PollStartAppStatusExecution] c18fe1fc-36e5-42c6-a94c-691eb977813f [2026-09-07T11:06:34.164489] Cannot find module '@sap/xssec' (STDERR, APP/PROC/WEB)#
#2026 09 07 11:06:41.369#Z#DEBUG#ee464cf9-aaab-11f1-a0e6-eeee0a85092e.order-app-srv#flowable-async-job-executor-thread-40280#
[PollStartAppStatusExecution] c18fe1fc-36e5-42c6-a94c-691eb977813f [2026-09-07T11:06:34.164496] Require stack: (STDERR, APP/PROC/WEB)#
#2026 09 07 11:06:41.369#Z#DEBUG#ee464cf9-aaab-11f1-a0e6-eeee0a85092e.order-app-srv#flowable-async-job-executor-thread-40280#
[PollStartAppStatusExecution] c18fe1fc-36e5-42c6-a94c-691eb977813f [2026-09-07T11:06:34.164512] - /home/vcap/app/node_modules/@sap/cds/lib/srv/middlewares/auth/xssec.js (STDERR, APP/PROC/WEB)#
#2026 09 07 11:06:41.369#Z#DEBUG#ee464cf9-aaab-11f1-a0e6-eeee0a85092e.order-app-srv#flowable-async-job-executor-thread-40280#
[PollStartAppStatusExecution] c18fe1fc-36e5-42c6-a94c-691eb977813f [2026-09-07T11:06:34.164515] - /home/vcap/app/node_modules/@sap/cds/lib/srv/middlewares/auth/jwt-auth.js (STDERR, APP/PROC/WEB)#
#2026 09 07 11:06:41.369#Z#DEBUG#ee464cf9-aaab-11f1-a0e6-eeee0a85092e.order-app-srv#flowable-async-job-executor-thread-40280#
[PollStartAppStatusExecution] c18fe1fc-36e5-42c6-a94c-691eb977813f [2026-09-07T11:06:34.164518] - /home/vcap/app/node_modules/@sap/cds/lib/srv/middlewares/auth/index.js (STDERR, APP/PROC/WEB)#
#2026 09 07 11:06:41.369#Z#DEBUG#ee464cf9-aaab-11f1-a0e6-eeee0a85092e.order-app-srv#flowable-async-job-executor-thread-40280#
[PollStartAppStatusExecution] c18fe1fc-36e5-42c6-a94c-691eb977813f [2026-09-07T11:06:34.164526] - /home/vcap/app/node_modules/@sap/cds/lib/srv/middlewares/index.js (STDERR, APP/PROC/WEB)#
#2026 09 07 11:06:41.369#Z#DEBUG#ee464cf9-aaab-11f1-a0e6-eeee0a85092e.order-app-srv#flowable-async-job-executor-thread-40280#
[PollStartAppStatusExecution] c18fe1fc-36e5-42c6-a94c-691eb977813f [2026-09-07T11:06:34.164529] - /home/vcap/app/node_modules/@sap/cds/lib/index.js (STDERR, APP/PROC/WEB)#
#2026 09 07 11:06:41.369#Z#DEBUG#ee464cf9-aaab-11f1-a0e6-eeee0a85092e.order-app-srv#flowable-async-job-executor-thread-40280#
[PollStartAppStatusExecution] c18fe1fc-36e5-42c6-a94c-691eb977813f [2026-09-07T11:06:34.164532] - /home/vcap/app/node_modules/@sap/cds/bin/serve.js (STDERR, APP/PROC/WEB)#
#2026 09 07 11:06:41.369#Z#DEBUG#ee464cf9-aaab-11f1-a0e6-eeee0a85092e.order-app-srv#flowable-async-job-executor-thread-40280#
[PollStartAppStatusExecution] c18fe1fc-36e5-42c6-a94c-691eb977813f [2026-09-07T11:06:34.164534] at Module._resolveFilename (node:internal/modules/cjs/loader:1517:15) (STDERR, APP/PROC/WEB)#
#2026 09 07 11:06:41.369#Z#DEBUG#ee464cf9-aaab-11f1-a0e6-eeee0a85092e.order-app-srv#flowable-async-job-executor-thread-40280#
[PollStartAppStatusExecution] c18fe1fc-36e5-42c6-a94c-691eb977813f [2026-09-07T11:06:34.164537] at wrapResolveFilename (node:internal/modules/cjs/loader:1071:27) (STDERR, APP/PROC/WEB)#
#2026 09 07 11:06:41.369#Z#DEBUG#ee464cf9-aaab-11f1-a0e6-eeee0a85092e.order-app-srv#flowable-async-job-executor-thread-40280#
[PollStartAppStatusExecution] c18fe1fc-36e5-42c6-a94c-691eb977813f [2026-09-07T11:06:34.164541] at defaultResolveImplForCJSLoading (node:internal/modules/cjs/loader:1095:10) (STDERR, APP/PROC/WEB)#
#2026 09 07 11:06:41.369#Z#DEBUG#ee464cf9-aaab-11f1-a0e6-eeee0a85092e.order-app-srv#flowable-async-job-executor-thread-40280#
[PollStartAppStatusExecution] c18fe1fc-36e5-42c6-a94c-691eb977813f [2026-09-07T11:06:34.164545] at resolveForCJSWithHooks (node:internal/modules/cjs/loader:1122:12) (STDERR, APP/PROC/WEB)#
#2026 09 07 11:06:41.369#Z#DEBUG#ee464cf9-aaab-11f1-a0e6-eeee0a85092e.order-app-srv#flowable-async-job-executor-thread-40280#
[PollStartAppStatusExecution] c18fe1fc-36e5-42c6-a94c-691eb977813f [2026-09-07T11:06:34.164547] at Module._load (node:internal/modules/cjs/loader:1294:5) (STDERR, APP/PROC/WEB)#
#2026 09 07 11:06:41.369#Z#DEBUG#ee464cf9-aaab-11f1-a0e6-eeee0a85092e.order-app-srv#flowable-async-job-executor-thread-40280#
[PollStartAppStatusExecution] c18fe1fc-36e5-42c6-a94c-691eb977813f [2026-09-07T11:06:34.164549] at wrapModuleLoad (node:internal/modules/cjs/loader:255:19) (STDERR, APP/PROC/WEB)#
#2026 09 07 11:06:41.369#Z#DEBUG#ee464cf9-aaab-11f1-a0e6-eeee0a85092e.order-app-srv#flowable-async-job-executor-thread-40280#
[PollStartAppStatusExecution] c18fe1fc-36e5-42c6-a94c-691eb977813f [2026-09-07T11:06:34.164552] at Module.require (node:internal/modules/cjs/loader:1617:12) (STDERR, APP/PROC/WEB)#
#2026 09 07 11:06:41.369#Z#DEBUG#ee464cf9-aaab-11f1-a0e6-eeee0a85092e.order-app-srv#flowable-async-job-executor-thread-40280#
[PollStartAppStatusExecution] c18fe1fc-36e5-42c6-a94c-691eb977813f [2026-09-07T11:06:34.164559] at require (node:internal/modules/helpers:153:16) (STDERR, APP/PROC/WEB)#
#2026 09 07 11:06:41.369#Z#DEBUG#ee464cf9-aaab-11f1-a0e6-eeee0a85092e.order-app-srv#flowable-async-job-executor-thread-40280#
[PollStartAppStatusExecution] c18fe1fc-36e5-42c6-a94c-691eb977813f [2026-09-07T11:06:34.164563] at Object.<anonymous> (/home/vcap/app/node_modules/@sap/cds/lib/srv/middlewares/auth/xssec.js:2:17) (STDERR, APP/PROC/WEB)#
#2026 09 07 11:06:41.369#Z#DEBUG#ee464cf9-aaab-11f1-a0e6-eeee0a85092e.order-app-srv#flowable-async-job-executor-thread-40280#
[PollStartAppStatusExecution] c18fe1fc-36e5-42c6-a94c-691eb977813f [2026-09-07T11:06:34.164593] at Module._compile (node:internal/modules/cjs/loader:1871:14) { (STDERR, APP/PROC/WEB)#
#2026 09 07 11:06:41.369#Z#DEBUG#ee464cf9-aaab-11f1-a0e6-eeee0a85092e.order-app-srv#flowable-async-job-executor-thread-40280#
[PollStartAppStatusExecution] c18fe1fc-36e5-42c6-a94c-691eb977813f [2026-09-07T11:06:34.164596] code: 'MODULE_NOT_FOUND', (STDERR, APP/PROC/WEB)#
#2026 09 07 11:06:41.369#Z#DEBUG#ee464cf9-aaab-11f1-a0e6-eeee0a85092e.order-app-srv#flowable-async-job-executor-thread-40280#
[PollStartAppStatusExecution] c18fe1fc-36e5-42c6-a94c-691eb977813f [2026-09-07T11:06:34.164599] requireStack: [ (STDERR, APP/PROC/WEB)#
#2026 09 07 11:06:41.369#Z#DEBUG#ee464cf9-aaab-11f1-a0e6-eeee0a85092e.order-app-srv#flowable-async-job-executor-thread-40280#
[PollStartAppStatusExecution] c18fe1fc-36e5-42c6-a94c-691eb977813f [2026-09-07T11:06:34.164601] '/home/vcap/app/node_modules/@sap/cds/lib/srv/middlewares/auth/xssec.js', (STDERR, APP/PROC/WEB)#
#2026 09 07 11:06:41.369#Z#DEBUG#ee464cf9-aaab-11f1-a0e6-eeee0a85092e.order-app-srv#flowable-async-job-executor-thread-40280#
[PollStartAppStatusExecution] c18fe1fc-36e5-42c6-a94c-691eb977813f [2026-09-07T11:06:34.164605] '/home/vcap/app/node_modules/@sap/cds/lib/srv/middlewares/auth/jwt-auth.js', (STDERR, APP/PROC/WEB)#
#2026 09 07 11:06:41.369#Z#DEBUG#ee464cf9-aaab-11f1-a0e6-eeee0a85092e.order-app-srv#flowable-async-job-executor-thread-40280#
[PollStartAppStatusExecution] c18fe1fc-36e5-42c6-a94c-691eb977813f [2026-09-07T11:06:34.164607] '/home/vcap/app/node_modules/@sap/cds/lib/srv/middlewares/auth/index.js', (STDERR, APP/PROC/WEB)#
#2026 09 07 11:06:41.369#Z#DEBUG#ee464cf9-aaab-11f1-a0e6-eeee0a85092e.order-app-srv#flowable-async-job-executor-thread-40280#
[PollStartAppStatusExecution] c18fe1fc-36e5-42c6-a94c-691eb977813f [2026-09-07T11:06:34.164609] '/home/vcap/app/node_modules/@sap/cds/lib/srv/middlewares/index.js', (STDERR, APP/PROC/WEB)#
#2026 09 07 11:06:41.369#Z#DEBUG#ee464cf9-aaab-11f1-a0e6-eeee0a85092e.order-app-srv#flowable-async-job-executor-thread-40280#
[PollStartAppStatusExecution] c18fe1fc-36e5-42c6-a94c-691eb977813f [2026-09-07T11:06:34.164611] '/home/vcap/app/node_modules/@sap/cds/lib/index.js', (STDERR, APP/PROC/WEB)#
#2026 09 07 11:06:41.369#Z#DEBUG#ee464cf9-aaab-11f1-a0e6-eeee0a85092e.order-app-srv#flowable-async-job-executor-thread-40280#
[PollStartAppStatusExecution] c18fe1fc-36e5-42c6-a94c-691eb977813f [2026-09-07T11:06:34.164618] '/home/vcap/app/node_modules/@sap/cds/bin/serve.js' (STDERR, APP/PROC/WEB)#
#2026 09 07 11:06:41.369#Z#DEBUG#ee464cf9-aaab-11f1-a0e6-eeee0a85092e.order-app-srv#flowable-async-job-executor-thread-40280#
[PollStartAppStatusExecution] c18fe1fc-36e5-42c6-a94c-691eb977813f [2026-09-07T11:06:34.164620] ] (STDERR, APP/PROC/WEB)#
#2026 09 07 11:06:41.369#Z#DEBUG#ee464cf9-aaab-11f1-a0e6-eeee0a85092e.order-app-srv#flowable-async-job-executor-thread-40280#
[PollStartAppStatusExecution] c18fe1fc-36e5-42c6-a94c-691eb977813f [2026-09-07T11:06:34.164622] } (STDERR, APP/PROC/WEB)#
#2026 09 07 11:06:41.369#Z#DEBUG#ee464cf9-aaab-11f1-a0e6-eeee0a85092e.order-app-srv#flowable-async-job-executor-thread-40280#
[PollStartAppStatusExecution] c18fe1fc-36e5-42c6-a94c-691eb977813f [2026-09-07T11:06:34.164624] Node.js v24.18.0 (STDERR, APP/PROC/WEB)#
#2026 09 07 11:06:41.369#Z#DEBUG#ee464cf9-aaab-11f1-a0e6-eeee0a85092e.order-app-srv#flowable-async-job-executor-thread-40280#
[PollStartAppStatusExecution] c18fe1fc-36e5-42c6-a94c-691eb977813f [2026-09-07T11:06:34.180662] npm notice (STDERR, APP/PROC/WEB)#
#2026 09 07 11:06:41.369#Z#DEBUG#ee464cf9-aaab-11f1-a0e6-eeee0a85092e.order-app-srv#flowable-async-job-executor-thread-40280#
[PollStartAppStatusExecution] c18fe1fc-36e5-42c6-a94c-691eb977813f [2026-09-07T11:06:34.180705] npm notice New major version of npm available! 11.16.0 -> 12.0.2 (STDERR, APP/PROC/WEB)#
#2026 09 07 11:06:41.369#Z#DEBUG#ee464cf9-aaab-11f1-a0e6-eeee0a85092e.order-app-srv#flowable-async-job-executor-thread-40280#
[PollStartAppStatusExecution] c18fe1fc-36e5-42c6-a94c-691eb977813f [2026-09-07T11:06:34.180711] npm notice Changelog: https://github.com/npm/cli/releases/tag/v12.0.2 (STDERR, APP/PROC/WEB)#
#2026 09 07 11:06:41.369#Z#DEBUG#ee464cf9-aaab-11f1-a0e6-eeee0a85092e.order-app-srv#flowable-async-job-executor-thread-40280#
[PollStartAppStatusExecution] c18fe1fc-36e5-42c6-a94c-691eb977813f [2026-09-07T11:06:34.180714] npm notice To update run: npm install -g npm@12.0.2 (STDERR, APP/PROC/WEB)#
#2026 09 07 11:06:41.369#Z#DEBUG#ee464cf9-aaab-11f1-a0e6-eeee0a85092e.order-app-srv#flowable-async-job-executor-thread-40280#
[PollStartAppStatusExecution] c18fe1fc-36e5-42c6-a94c-691eb977813f [2026-09-07T11:06:34.180717] npm notice (STDERR, APP/PROC/WEB)#
#2026 09 07 11:06:41.369#Z#DEBUG#ee464cf9-aaab-11f1-a0e6-eeee0a85092e.order-app-srv#flowable-async-job-executor-thread-40280#
[PollStartAppStatusExecution] c18fe1fc-36e5-42c6-a94c-691eb977813f [2026-09-07T11:06:34.258361] Exit status 1 (STDOUT, APP/PROC/WEB)#
#2026 09 07 11:06:41.369#Z#DEBUG#ee464cf9-aaab-11f1-a0e6-eeee0a85092e.order-app-srv#flowable-async-job-executor-thread-40280#
[PollStartAppStatusExecution] c18fe1fc-36e5-42c6-a94c-691eb977813f [2026-09-07T11:06:40.126896] Process has crashed with type: "web" (STDOUT, API)#
#2026 09 07 11:06:41.369#Z#DEBUG#ee464cf9-aaab-11f1-a0e6-eeee0a85092e.order-app-srv#flowable-async-job-executor-thread-40280#
[PollStartAppStatusExecution] c18fe1fc-36e5-42c6-a94c-691eb977813f [2026-09-07T11:06:40.129896] Cell 77283d80-dfa7-40ba-ba4e-265aef112085 stopping instance 44c690e2-f2e8-41c9-6009-316f (STDOUT, CELL)#
#2026 09 07 11:06:41.369#Z#DEBUG#ee464cf9-aaab-11f1-a0e6-eeee0a85092e.order-app-srv#flowable-async-job-executor-thread-40280#
[PollStartAppStatusExecution] c18fe1fc-36e5-42c6-a94c-691eb977813f [2026-09-07T11:06:40.129963] Cell 77283d80-dfa7-40ba-ba4e-265aef112085 destroying container for instance 44c690e2-f2e8-41c9-6009-316f (STDOUT, CELL)#
#2026 09 07 11:06:41.369#Z#DEBUG#ee464cf9-aaab-11f1-a0e6-eeee0a85092e.order-app-srv#flowable-async-job-executor-thread-40280#
[PollStartAppStatusExecution] c18fe1fc-36e5-42c6-a94c-691eb977813f [2026-09-07T11:06:40.141206] App instance exited with guid c18fe1fc-36e5-42c6-a94c-691eb977813f payload: {"instance"=>"44c690e2-f2e8-41c9-6009-316f", "index"=>0, "cell_id"=>"77283d80-dfa7-40ba-ba4e-265aef112085", "reason"=>"CRASHED", "exit_description"=>"APP/PROC/WEB: Exited with status 1", "crash_count"=>2, "crash_timestamp"=>1788779200105061928, "version"=>"e87f0ce3-f1ae-4fe9-be75-5af1edfa684b"} (STDOUT, API)#
#2026 09 07 11:06:41.369#Z#DEBUG#ee464cf9-aaab-11f1-a0e6-eeee0a85092e.order-app-srv#flowable-async-job-executor-thread-40280#
[PollStartAppStatusExecution] c18fe1fc-36e5-42c6-a94c-691eb977813f [2026-09-07T11:06:40.282745] Cell 684caff8-89cd-492b-be01-b3d0835f1763 creating container for instance 8cdfbe9d-5dec-45fd-4fa6-7b46 (STDOUT, CELL)#
#2026 09 07 11:06:41.369#Z#DEBUG#ee464cf9-aaab-11f1-a0e6-eeee0a85092e.order-app-srv#flowable-async-job-executor-thread-40280#
[PollStartAppStatusExecution] c18fe1fc-36e5-42c6-a94c-691eb977813f [2026-09-07T11:06:40.373590] Exit status 137 (STDOUT, PROXY)#
#2026 09 07 11:06:51.434#Z#DEBUG#ee464cf9-aaab-11f1-a0e6-eeee0a85092e.order-app-srv#flowable-async-job-executor-thread-40290#
[PollStartAppStatusExecution] c18fe1fc-36e5-42c6-a94c-691eb977813f [2026-09-07T11:06:41.228390] Security group rules were updated (STDOUT, CELL)#
#2026 09 07 11:06:51.434#Z#DEBUG#ee464cf9-aaab-11f1-a0e6-eeee0a85092e.order-app-srv#flowable-async-job-executor-thread-40290#
[PollStartAppStatusExecution] c18fe1fc-36e5-42c6-a94c-691eb977813f [2026-09-07T11:06:41.523872] Cell 684caff8-89cd-492b-be01-b3d0835f1763 successfully created container for instance 8cdfbe9d-5dec-45fd-4fa6-7b46 (STDOUT, CELL)#
#2026 09 07 11:06:51.434#Z#DEBUG#ee464cf9-aaab-11f1-a0e6-eeee0a85092e.order-app-srv#flowable-async-job-executor-thread-40290#
[PollStartAppStatusExecution] c18fe1fc-36e5-42c6-a94c-691eb977813f [2026-09-07T11:06:42.644665] Cell 77283d80-dfa7-40ba-ba4e-265aef112085 successfully destroyed container for instance 44c690e2-f2e8-41c9-6009-316f (STDOUT, CELL)#
#2026 09 07 11:06:51.434#Z#DEBUG#ee464cf9-aaab-11f1-a0e6-eeee0a85092e.order-app-srv#flowable-async-job-executor-thread-40290#
[PollStartAppStatusExecution] c18fe1fc-36e5-42c6-a94c-691eb977813f [2026-09-07T11:06:42.732677] Downloading droplet... (STDOUT, CELL)#
#2026 09 07 11:06:51.434#Z#DEBUG#ee464cf9-aaab-11f1-a0e6-eeee0a85092e.order-app-srv#flowable-async-job-executor-thread-40290#
[PollStartAppStatusExecution] c18fe1fc-36e5-42c6-a94c-691eb977813f [2026-09-07T11:06:45.301026] Downloaded droplet (STDOUT, CELL)#
#2026 09 07 11:06:51.434#Z#DEBUG#ee464cf9-aaab-11f1-a0e6-eeee0a85092e.order-app-srv#flowable-async-job-executor-thread-40290#
[PollStartAppStatusExecution] c18fe1fc-36e5-42c6-a94c-691eb977813f [2026-09-07T11:06:45.301550] Starting health monitoring of container (STDOUT, CELL)#
#2026 09 07 11:06:51.434#Z#DEBUG#ee464cf9-aaab-11f1-a0e6-eeee0a85092e.order-app-srv#flowable-async-job-executor-thread-40290#
[PollStartAppStatusExecution] c18fe1fc-36e5-42c6-a94c-691eb977813f [2026-09-07T11:06:45.501111] Invoking pre-start scripts. (STDOUT, APP/PROC/WEB)#
#2026 09 07 11:06:51.434#Z#DEBUG#ee464cf9-aaab-11f1-a0e6-eeee0a85092e.order-app-srv#flowable-async-job-executor-thread-40290#
[PollStartAppStatusExecution] c18fe1fc-36e5-42c6-a94c-691eb977813f [2026-09-07T11:06:45.754494] Invoking start command. (STDOUT, APP/PROC/WEB)#
#2026 09 07 11:06:51.434#Z#DEBUG#ee464cf9-aaab-11f1-a0e6-eeee0a85092e.order-app-srv#flowable-async-job-executor-thread-40290#
[PollStartAppStatusExecution] c18fe1fc-36e5-42c6-a94c-691eb977813f [2026-09-07T11:06:46.321838] > order-app@1.0.0 start (STDOUT, APP/PROC/WEB)#
#2026 09 07 11:06:51.434#Z#DEBUG#ee464cf9-aaab-11f1-a0e6-eeee0a85092e.order-app-srv#flowable-async-job-executor-thread-40290#
[PollStartAppStatusExecution] c18fe1fc-36e5-42c6-a94c-691eb977813f [2026-09-07T11:06:46.321891] > cds-serve (STDOUT, APP/PROC/WEB)#
#2026 09 07 11:06:51.434#Z#DEBUG#ee464cf9-aaab-11f1-a0e6-eeee0a85092e.order-app-srv#flowable-async-job-executor-thread-40290#
[PollStartAppStatusExecution] c18fe1fc-36e5-42c6-a94c-691eb977813f [2026-09-07T11:06:46.667084] {"level":"info","logger":"cds","timestamp":"2026-09-07T11:06:46.662Z","layer":"cds","component_type":"application","container_id":"10.32.1.6","component_id":"c18fe1fc-36e5-42c6-a94c-691eb977813f","component_name":"order-app-srv","component_instance":0,"source_instance":0,"organization_name":"d0df43b9trial","organization_id":"188e7b36-f870-46ac-b4b4-fcdce414afb1","space_name":"dev","space_id":"383e080d-c4c5-4598-b9e9-72e78ff581ba","msg":"loaded model from 1 file(s):\n ","type":"log"} (STDOUT, APP/PROC/WEB)#
#2026 09 07 11:06:51.434#Z#DEBUG#ee464cf9-aaab-11f1-a0e6-eeee0a85092e.order-app-srv#flowable-async-job-executor-thread-40290#
[PollStartAppStatusExecution] c18fe1fc-36e5-42c6-a94c-691eb977813f [2026-09-07T11:06:46.667609] srv/csn.json (STDOUT, APP/PROC/WEB)#
#2026 09 07 11:06:51.434#Z#DEBUG#ee464cf9-aaab-11f1-a0e6-eeee0a85092e.order-app-srv#flowable-async-job-executor-thread-40290#
[PollStartAppStatusExecution] c18fe1fc-36e5-42c6-a94c-691eb977813f [2026-09-07T11:06:46.945340] {"level":"info","logger":"cds","timestamp":"2026-09-07T11:06:46.944Z","layer":"cds","component_type":"application","container_id":"10.32.1.6","component_id":"c18fe1fc-36e5-42c6-a94c-691eb977813f","component_name":"order-app-srv","component_instance":0,"source_instance":0,"organization_name":"d0df43b9trial","organization_id":"188e7b36-f870-46ac-b4b4-fcdce414afb1","space_name":"dev","space_id":"383e080d-c4c5-4598-b9e9-72e78ff581ba","msg":"connect to db > hana {\n  database_id: '26160d64-6f37-4efa-b584-ec2ead369fa1',\n  host: '26160d64-6f37-4efa-b584-ec2ead369fa1.hna0.prod-us10.hanacloud.ondemand.com',\n  port: '443',\n  driver: 'com.sap.db.jdbc.Driver',\n  url: 'jdbc:sap://26160d64-6f37-4efa-b584-ec2ead369fa1.hna0.prod-us10.hanacloud.ondemand.com:443?encrypt=true&validateCertificate=true&currentschema=75964680DA0B4C82840C1BA9494A874F',\n  schema: '75964680DA0B4C82840C1BA9494A874F',\n  certificate: '...',\n  hdi_user: '75964680DA0B4C82840C1BA9494A874F_C5QBNMQINUJ6JSPOZA8LTIZQX_DT',\n  hdi_password: '...',\n  user: '75964680DA0B4C82840C1BA9494A874F_C5QBNMQINUJ6JSPOZA8LTIZQX_RT',\n  password: '...'\n}","type":"log"} (STDOUT, APP/PROC/WEB)#
#2026 09 07 11:06:51.434#Z#DEBUG#ee464cf9-aaab-11f1-a0e6-eeee0a85092e.order-app-srv#flowable-async-job-executor-thread-40290#
[PollStartAppStatusExecution] c18fe1fc-36e5-42c6-a94c-691eb977813f [2026-09-07T11:06:46.983865] {"level":"info","logger":"cds","timestamp":"2026-09-07T11:06:46.983Z","layer":"cds","component_type":"application","container_id":"10.32.1.6","component_id":"c18fe1fc-36e5-42c6-a94c-691eb977813f","component_name":"order-app-srv","component_instance":0,"source_instance":0,"organization_name":"d0df43b9trial","organization_id":"188e7b36-f870-46ac-b4b4-fcdce414afb1","space_name":"dev","space_id":"383e080d-c4c5-4598-b9e9-72e78ff581ba","msg":"using auth strategy { kind: 'jwt' }","type":"log"} (STDOUT, APP/PROC/WEB)#
#2026 09 07 11:06:51.434#Z#DEBUG#ee464cf9-aaab-11f1-a0e6-eeee0a85092e.order-app-srv#flowable-async-job-executor-thread-40290#
[PollStartAppStatusExecution] c18fe1fc-36e5-42c6-a94c-691eb977813f [2026-09-07T11:06:46.985984] node:internal/modules/cjs/loader:1517 (STDERR, APP/PROC/WEB)#
#2026 09 07 11:06:51.434#Z#DEBUG#ee464cf9-aaab-11f1-a0e6-eeee0a85092e.order-app-srv#flowable-async-job-executor-thread-40290#
[PollStartAppStatusExecution] c18fe1fc-36e5-42c6-a94c-691eb977813f [2026-09-07T11:06:46.986015] const err = new Error(message); (STDERR, APP/PROC/WEB)#
#2026 09 07 11:06:51.434#Z#DEBUG#ee464cf9-aaab-11f1-a0e6-eeee0a85092e.order-app-srv#flowable-async-job-executor-thread-40290#
[PollStartAppStatusExecution] c18fe1fc-36e5-42c6-a94c-691eb977813f [2026-09-07T11:06:46.986023] ^ (STDERR, APP/PROC/WEB)#
#2026 09 07 11:06:51.434#Z#DEBUG#ee464cf9-aaab-11f1-a0e6-eeee0a85092e.order-app-srv#flowable-async-job-executor-thread-40290#
[PollStartAppStatusExecution] c18fe1fc-36e5-42c6-a94c-691eb977813f [2026-09-07T11:06:46.986029] Error: Cannot find '@sap/xssec'. Make sure to install it with 'npm i @sap/xssec' (STDERR, APP/PROC/WEB)#
#2026 09 07 11:06:51.434#Z#DEBUG#ee464cf9-aaab-11f1-a0e6-eeee0a85092e.order-app-srv#flowable-async-job-executor-thread-40290#
[PollStartAppStatusExecution] c18fe1fc-36e5-42c6-a94c-691eb977813f [2026-09-07T11:06:46.986035] Cannot find module '@sap/xssec' (STDERR, APP/PROC/WEB)#
#2026 09 07 11:06:51.434#Z#DEBUG#ee464cf9-aaab-11f1-a0e6-eeee0a85092e.order-app-srv#flowable-async-job-executor-thread-40290#
[PollStartAppStatusExecution] c18fe1fc-36e5-42c6-a94c-691eb977813f [2026-09-07T11:06:46.986037] Require stack: (STDERR, APP/PROC/WEB)#
#2026 09 07 11:06:51.434#Z#DEBUG#ee464cf9-aaab-11f1-a0e6-eeee0a85092e.order-app-srv#flowable-async-job-executor-thread-40290#
[PollStartAppStatusExecution] c18fe1fc-36e5-42c6-a94c-691eb977813f [2026-09-07T11:06:46.986041] - /home/vcap/app/node_modules/@sap/cds/lib/srv/middlewares/auth/xssec.js (STDERR, APP/PROC/WEB)#
#2026 09 07 11:06:51.434#Z#DEBUG#ee464cf9-aaab-11f1-a0e6-eeee0a85092e.order-app-srv#flowable-async-job-executor-thread-40290#
[PollStartAppStatusExecution] c18fe1fc-36e5-42c6-a94c-691eb977813f [2026-09-07T11:06:46.986044] - /home/vcap/app/node_modules/@sap/cds/lib/srv/middlewares/auth/jwt-auth.js (STDERR, APP/PROC/WEB)#
#2026 09 07 11:06:51.434#Z#DEBUG#ee464cf9-aaab-11f1-a0e6-eeee0a85092e.order-app-srv#flowable-async-job-executor-thread-40290#
[PollStartAppStatusExecution] c18fe1fc-36e5-42c6-a94c-691eb977813f [2026-09-07T11:06:46.986050] - /home/vcap/app/node_modules/@sap/cds/lib/srv/middlewares/auth/index.js (STDERR, APP/PROC/WEB)#
#2026 09 07 11:06:51.434#Z#DEBUG#ee464cf9-aaab-11f1-a0e6-eeee0a85092e.order-app-srv#flowable-async-job-executor-thread-40290#
[PollStartAppStatusExecution] c18fe1fc-36e5-42c6-a94c-691eb977813f [2026-09-07T11:06:46.986053] - /home/vcap/app/node_modules/@sap/cds/lib/srv/middlewares/index.js (STDERR, APP/PROC/WEB)#
#2026 09 07 11:06:51.434#Z#DEBUG#ee464cf9-aaab-11f1-a0e6-eeee0a85092e.order-app-srv#flowable-async-job-executor-thread-40290#
[PollStartAppStatusExecution] c18fe1fc-36e5-42c6-a94c-691eb977813f [2026-09-07T11:06:46.986057] - /home/vcap/app/node_modules/@sap/cds/lib/index.js (STDERR, APP/PROC/WEB)#
#2026 09 07 11:06:51.434#Z#DEBUG#ee464cf9-aaab-11f1-a0e6-eeee0a85092e.order-app-srv#flowable-async-job-executor-thread-40290#
[PollStartAppStatusExecution] c18fe1fc-36e5-42c6-a94c-691eb977813f [2026-09-07T11:06:46.986060] - /home/vcap/app/node_modules/@sap/cds/bin/serve.js (STDERR, APP/PROC/WEB)#
#2026 09 07 11:06:51.434#Z#DEBUG#ee464cf9-aaab-11f1-a0e6-eeee0a85092e.order-app-srv#flowable-async-job-executor-thread-40290#
[PollStartAppStatusExecution] c18fe1fc-36e5-42c6-a94c-691eb977813f [2026-09-07T11:06:46.986064] at Module._resolveFilename (node:internal/modules/cjs/loader:1517:15) (STDERR, APP/PROC/WEB)#
#2026 09 07 11:06:51.434#Z#DEBUG#ee464cf9-aaab-11f1-a0e6-eeee0a85092e.order-app-srv#flowable-async-job-executor-thread-40290#
[PollStartAppStatusExecution] c18fe1fc-36e5-42c6-a94c-691eb977813f [2026-09-07T11:06:46.986069] at wrapResolveFilename (node:internal/modules/cjs/loader:1071:27) (STDERR, APP/PROC/WEB)#
#2026 09 07 11:06:51.434#Z#DEBUG#ee464cf9-aaab-11f1-a0e6-eeee0a85092e.order-app-srv#flowable-async-job-executor-thread-40290#
[PollStartAppStatusExecution] c18fe1fc-36e5-42c6-a94c-691eb977813f [2026-09-07T11:06:46.986075] at defaultResolveImplForCJSLoading (node:internal/modules/cjs/loader:1095:10) (STDERR, APP/PROC/WEB)#
#2026 09 07 11:06:51.434#Z#DEBUG#ee464cf9-aaab-11f1-a0e6-eeee0a85092e.order-app-srv#flowable-async-job-executor-thread-40290#
[PollStartAppStatusExecution] c18fe1fc-36e5-42c6-a94c-691eb977813f [2026-09-07T11:06:46.986079] at resolveForCJSWithHooks (node:internal/modules/cjs/loader:1122:12) (STDERR, APP/PROC/WEB)#
#2026 09 07 11:06:51.434#Z#DEBUG#ee464cf9-aaab-11f1-a0e6-eeee0a85092e.order-app-srv#flowable-async-job-executor-thread-40290#
[PollStartAppStatusExecution] c18fe1fc-36e5-42c6-a94c-691eb977813f [2026-09-07T11:06:46.986082] at Module._load (node:internal/modules/cjs/loader:1294:5) (STDERR, APP/PROC/WEB)#
#2026 09 07 11:06:51.434#Z#DEBUG#ee464cf9-aaab-11f1-a0e6-eeee0a85092e.order-app-srv#flowable-async-job-executor-thread-40290#
[PollStartAppStatusExecution] c18fe1fc-36e5-42c6-a94c-691eb977813f [2026-09-07T11:06:46.986085] at wrapModuleLoad (node:internal/modules/cjs/loader:255:19) (STDERR, APP/PROC/WEB)#
#2026 09 07 11:06:51.434#Z#DEBUG#ee464cf9-aaab-11f1-a0e6-eeee0a85092e.order-app-srv#flowable-async-job-executor-thread-40290#
[PollStartAppStatusExecution] c18fe1fc-36e5-42c6-a94c-691eb977813f [2026-09-07T11:06:46.986087] at Module.require (node:internal/modules/cjs/loader:1617:12) (STDERR, APP/PROC/WEB)#
#2026 09 07 11:06:51.434#Z#DEBUG#ee464cf9-aaab-11f1-a0e6-eeee0a85092e.order-app-srv#flowable-async-job-executor-thread-40290#
[PollStartAppStatusExecution] c18fe1fc-36e5-42c6-a94c-691eb977813f [2026-09-07T11:06:46.986090] at require (node:internal/modules/helpers:153:16) (STDERR, APP/PROC/WEB)#
#2026 09 07 11:06:51.434#Z#DEBUG#ee464cf9-aaab-11f1-a0e6-eeee0a85092e.order-app-srv#flowable-async-job-executor-thread-40290#
[PollStartAppStatusExecution] c18fe1fc-36e5-42c6-a94c-691eb977813f [2026-09-07T11:06:46.986094] at Object.<anonymous> (/home/vcap/app/node_modules/@sap/cds/lib/srv/middlewares/auth/xssec.js:2:17) (STDERR, APP/PROC/WEB)#
#2026 09 07 11:06:51.434#Z#DEBUG#ee464cf9-aaab-11f1-a0e6-eeee0a85092e.order-app-srv#flowable-async-job-executor-thread-40290#
[PollStartAppStatusExecution] c18fe1fc-36e5-42c6-a94c-691eb977813f [2026-09-07T11:06:46.986096] at Module._compile (node:internal/modules/cjs/loader:1871:14) { (STDERR, APP/PROC/WEB)#
#2026 09 07 11:06:51.434#Z#DEBUG#ee464cf9-aaab-11f1-a0e6-eeee0a85092e.order-app-srv#flowable-async-job-executor-thread-40290#
[PollStartAppStatusExecution] c18fe1fc-36e5-42c6-a94c-691eb977813f [2026-09-07T11:06:46.986098] code: 'MODULE_NOT_FOUND', (STDERR, APP/PROC/WEB)#
#2026 09 07 11:06:51.434#Z#DEBUG#ee464cf9-aaab-11f1-a0e6-eeee0a85092e.order-app-srv#flowable-async-job-executor-thread-40290#
[PollStartAppStatusExecution] c18fe1fc-36e5-42c6-a94c-691eb977813f [2026-09-07T11:06:46.986101] requireStack: [ (STDERR, APP/PROC/WEB)#
#2026 09 07 11:06:51.434#Z#DEBUG#ee464cf9-aaab-11f1-a0e6-eeee0a85092e.order-app-srv#flowable-async-job-executor-thread-40290#
[PollStartAppStatusExecution] c18fe1fc-36e5-42c6-a94c-691eb977813f [2026-09-07T11:06:46.986105] '/home/vcap/app/node_modules/@sap/cds/lib/srv/middlewares/auth/xssec.js', (STDERR, APP/PROC/WEB)#
#2026 09 07 11:06:51.434#Z#DEBUG#ee464cf9-aaab-11f1-a0e6-eeee0a85092e.order-app-srv#flowable-async-job-executor-thread-40290#
[PollStartAppStatusExecution] c18fe1fc-36e5-42c6-a94c-691eb977813f [2026-09-07T11:06:46.986108] '/home/vcap/app/node_modules/@sap/cds/lib/srv/middlewares/auth/jwt-auth.js', (STDERR, APP/PROC/WEB)#
#2026 09 07 11:06:51.434#Z#DEBUG#ee464cf9-aaab-11f1-a0e6-eeee0a85092e.order-app-srv#flowable-async-job-executor-thread-40290#
[PollStartAppStatusExecution] c18fe1fc-36e5-42c6-a94c-691eb977813f [2026-09-07T11:06:46.986111] '/home/vcap/app/node_modules/@sap/cds/lib/srv/middlewares/auth/index.js', (STDERR, APP/PROC/WEB)#
#2026 09 07 11:06:51.434#Z#DEBUG#ee464cf9-aaab-11f1-a0e6-eeee0a85092e.order-app-srv#flowable-async-job-executor-thread-40290#
[PollStartAppStatusExecution] c18fe1fc-36e5-42c6-a94c-691eb977813f [2026-09-07T11:06:46.986113] '/home/vcap/app/node_modules/@sap/cds/lib/srv/middlewares/index.js', (STDERR, APP/PROC/WEB)#
#2026 09 07 11:06:51.434#Z#DEBUG#ee464cf9-aaab-11f1-a0e6-eeee0a85092e.order-app-srv#flowable-async-job-executor-thread-40290#
[PollStartAppStatusExecution] c18fe1fc-36e5-42c6-a94c-691eb977813f [2026-09-07T11:06:46.986116] '/home/vcap/app/node_modules/@sap/cds/lib/index.js', (STDERR, APP/PROC/WEB)#
#2026 09 07 11:06:51.434#Z#DEBUG#ee464cf9-aaab-11f1-a0e6-eeee0a85092e.order-app-srv#flowable-async-job-executor-thread-40290#
[PollStartAppStatusExecution] c18fe1fc-36e5-42c6-a94c-691eb977813f [2026-09-07T11:06:46.986118] '/home/vcap/app/node_modules/@sap/cds/bin/serve.js' (STDERR, APP/PROC/WEB)#
#2026 09 07 11:06:51.434#Z#DEBUG#ee464cf9-aaab-11f1-a0e6-eeee0a85092e.order-app-srv#flowable-async-job-executor-thread-40290#
[PollStartAppStatusExecution] c18fe1fc-36e5-42c6-a94c-691eb977813f [2026-09-07T11:06:46.986120] ] (STDERR, APP/PROC/WEB)#
#2026 09 07 11:06:51.434#Z#DEBUG#ee464cf9-aaab-11f1-a0e6-eeee0a85092e.order-app-srv#flowable-async-job-executor-thread-40290#
[PollStartAppStatusExecution] c18fe1fc-36e5-42c6-a94c-691eb977813f [2026-09-07T11:06:46.986122] } (STDERR, APP/PROC/WEB)#
#2026 09 07 11:06:51.434#Z#DEBUG#ee464cf9-aaab-11f1-a0e6-eeee0a85092e.order-app-srv#flowable-async-job-executor-thread-40290#
[PollStartAppStatusExecution] c18fe1fc-36e5-42c6-a94c-691eb977813f [2026-09-07T11:06:46.986125] Node.js v24.18.0 (STDERR, APP/PROC/WEB)#
#2026 09 07 11:06:51.434#Z#DEBUG#ee464cf9-aaab-11f1-a0e6-eeee0a85092e.order-app-srv#flowable-async-job-executor-thread-40290#
[PollStartAppStatusExecution] c18fe1fc-36e5-42c6-a94c-691eb977813f [2026-09-07T11:06:47.004008] npm notice (STDERR, APP/PROC/WEB)#
#2026 09 07 11:06:51.434#Z#DEBUG#ee464cf9-aaab-11f1-a0e6-eeee0a85092e.order-app-srv#flowable-async-job-executor-thread-40290#
[PollStartAppStatusExecution] c18fe1fc-36e5-42c6-a94c-691eb977813f [2026-09-07T11:06:47.004039] npm notice New major version of npm available! 11.16.0 -> 12.0.2 (STDERR, APP/PROC/WEB)#
#2026 09 07 11:06:51.434#Z#DEBUG#ee464cf9-aaab-11f1-a0e6-eeee0a85092e.order-app-srv#flowable-async-job-executor-thread-40290#
[PollStartAppStatusExecution] c18fe1fc-36e5-42c6-a94c-691eb977813f [2026-09-07T11:06:47.004047] npm notice Changelog: https://github.com/npm/cli/releases/tag/v12.0.2 (STDERR, APP/PROC/WEB)#
#2026 09 07 11:06:51.434#Z#DEBUG#ee464cf9-aaab-11f1-a0e6-eeee0a85092e.order-app-srv#flowable-async-job-executor-thread-40290#
[PollStartAppStatusExecution] c18fe1fc-36e5-42c6-a94c-691eb977813f [2026-09-07T11:06:47.004053] npm notice To update run: npm install -g npm@12.0.2 (STDERR, APP/PROC/WEB)#
#2026 09 07 11:06:51.434#Z#DEBUG#ee464cf9-aaab-11f1-a0e6-eeee0a85092e.order-app-srv#flowable-async-job-executor-thread-40290#
[PollStartAppStatusExecution] c18fe1fc-36e5-42c6-a94c-691eb977813f [2026-09-07T11:06:47.004056] npm notice (STDERR, APP/PROC/WEB)#
#2026 09 07 11:06:51.434#Z#DEBUG#ee464cf9-aaab-11f1-a0e6-eeee0a85092e.order-app-srv#flowable-async-job-executor-thread-40290#
[PollStartAppStatusExecution] c18fe1fc-36e5-42c6-a94c-691eb977813f [2026-09-07T11:06:47.094026] Exit status 1 (STDOUT, APP/PROC/WEB)#
#2026 09 07 11:07:01.521#Z#DEBUG#ee464cf9-aaab-11f1-a0e6-eeee0a85092e.order-app-srv#flowable-async-job-executor-thread-40296#
[PollStartAppStatusExecution] c18fe1fc-36e5-42c6-a94c-691eb977813f [2026-09-07T11:06:54.091033] Cell 684caff8-89cd-492b-be01-b3d0835f1763 stopping instance 8cdfbe9d-5dec-45fd-4fa6-7b46 (STDOUT, CELL)#
#2026 09 07 11:07:01.521#Z#DEBUG#ee464cf9-aaab-11f1-a0e6-eeee0a85092e.order-app-srv#flowable-async-job-executor-thread-40296#
[PollStartAppStatusExecution] c18fe1fc-36e5-42c6-a94c-691eb977813f [2026-09-07T11:06:54.091081] Cell 684caff8-89cd-492b-be01-b3d0835f1763 destroying container for instance 8cdfbe9d-5dec-45fd-4fa6-7b46 (STDOUT, CELL)#
#2026 09 07 11:07:01.521#Z#DEBUG#ee464cf9-aaab-11f1-a0e6-eeee0a85092e.order-app-srv#flowable-async-job-executor-thread-40296#
[PollStartAppStatusExecution] c18fe1fc-36e5-42c6-a94c-691eb977813f [2026-09-07T11:06:54.111430] Process has crashed with type: "web" (STDOUT, API)#
#2026 09 07 11:07:01.521#Z#DEBUG#ee464cf9-aaab-11f1-a0e6-eeee0a85092e.order-app-srv#flowable-async-job-executor-thread-40296#
[PollStartAppStatusExecution] c18fe1fc-36e5-42c6-a94c-691eb977813f [2026-09-07T11:06:54.127861] App instance exited with guid c18fe1fc-36e5-42c6-a94c-691eb977813f payload: {"instance"=>"8cdfbe9d-5dec-45fd-4fa6-7b46", "index"=>0, "cell_id"=>"684caff8-89cd-492b-be01-b3d0835f1763", "reason"=>"CRASHED", "exit_description"=>"APP/PROC/WEB: Exited with status 1", "crash_count"=>3, "crash_timestamp"=>1788779214085669685, "version"=>"e87f0ce3-f1ae-4fe9-be75-5af1edfa684b"} (STDOUT, API)#
#2026 09 07 11:07:01.521#Z#DEBUG#ee464cf9-aaab-11f1-a0e6-eeee0a85092e.order-app-srv#flowable-async-job-executor-thread-40296#
[PollStartAppStatusExecution] c18fe1fc-36e5-42c6-a94c-691eb977813f [2026-09-07T11:06:55.661520] Exit status 137 (STDOUT, PROXY)#
#2026 09 07 11:07:01.521#Z#DEBUG#ee464cf9-aaab-11f1-a0e6-eeee0a85092e.order-app-srv#flowable-async-job-executor-thread-40296#
[PollStartAppStatusExecution] c18fe1fc-36e5-42c6-a94c-691eb977813f [2026-09-07T11:06:57.215044] Cell 684caff8-89cd-492b-be01-b3d0835f1763 successfully destroyed container for instance 8cdfbe9d-5dec-45fd-4fa6-7b46 (STDOUT, CELL)#
#2026 09 07 11:07:11.624#Z#DEBUG#ee464cf9-aaab-11f1-a0e6-eeee0a85092e.order-app-srv#flowable-async-job-executor-thread-16945#
[PollStartAppStatusExecution] c18fe1fc-36e5-42c6-a94c-691eb977813f [2026-09-07T11:06:54.091033] Cell 684caff8-89cd-492b-be01-b3d0835f1763 stopping instance 8cdfbe9d-5dec-45fd-4fa6-7b46 (STDOUT, CELL)#
#2026 09 07 11:07:11.624#Z#DEBUG#ee464cf9-aaab-11f1-a0e6-eeee0a85092e.order-app-srv#flowable-async-job-executor-thread-16945#
[PollStartAppStatusExecution] c18fe1fc-36e5-42c6-a94c-691eb977813f [2026-09-07T11:06:54.091081] Cell 684caff8-89cd-492b-be01-b3d0835f1763 destroying container for instance 8cdfbe9d-5dec-45fd-4fa6-7b46 (STDOUT, CELL)#
#2026 09 07 11:07:11.624#Z#DEBUG#ee464cf9-aaab-11f1-a0e6-eeee0a85092e.order-app-srv#flowable-async-job-executor-thread-16945#
[PollStartAppStatusExecution] c18fe1fc-36e5-42c6-a94c-691eb977813f [2026-09-07T11:06:54.111430] Process has crashed with type: "web" (STDOUT, API)#
#2026 09 07 11:07:11.624#Z#DEBUG#ee464cf9-aaab-11f1-a0e6-eeee0a85092e.order-app-srv#flowable-async-job-executor-thread-16945#
[PollStartAppStatusExecution] c18fe1fc-36e5-42c6-a94c-691eb977813f [2026-09-07T11:06:54.127861] App instance exited with guid c18fe1fc-36e5-42c6-a94c-691eb977813f payload: {"instance"=>"8cdfbe9d-5dec-45fd-4fa6-7b46", "index"=>0, "cell_id"=>"684caff8-89cd-492b-be01-b3d0835f1763", "reason"=>"CRASHED", "exit_description"=>"APP/PROC/WEB: Exited with status 1", "crash_count"=>3, "crash_timestamp"=>1788779214085669685, "version"=>"e87f0ce3-f1ae-4fe9-be75-5af1edfa684b"} (STDOUT, API)#
#2026 09 07 11:07:11.624#Z#DEBUG#ee464cf9-aaab-11f1-a0e6-eeee0a85092e.order-app-srv#flowable-async-job-executor-thread-16945#
[PollStartAppStatusExecution] c18fe1fc-36e5-42c6-a94c-691eb977813f [2026-09-07T11:06:55.661520] Exit status 137 (STDOUT, PROXY)#
#2026 09 07 11:07:11.624#Z#DEBUG#ee464cf9-aaab-11f1-a0e6-eeee0a85092e.order-app-srv#flowable-async-job-executor-thread-16945#
[PollStartAppStatusExecution] c18fe1fc-36e5-42c6-a94c-691eb977813f [2026-09-07T11:06:57.215044] Cell 684caff8-89cd-492b-be01-b3d0835f1763 successfully destroyed container for instance 8cdfbe9d-5dec-45fd-4fa6-7b46 (STDOUT, CELL)#
#2026 09 07 11:07:11.624#Z#DEBUG#ee464cf9-aaab-11f1-a0e6-eeee0a85092e.order-app-srv#flowable-async-job-executor-thread-16945#
[PollStartAppStatusExecution] c18fe1fc-36e5-42c6-a94c-691eb977813f [2026-09-07T11:07:04.124124] Stopping app with guid c18fe1fc-36e5-42c6-a94c-691eb977813f (STDOUT, API)#
#2026 09 07 11:07:11.624#Z#DEBUG#ee464cf9-aaab-11f1-a0e6-eeee0a85092e.order-app-srv#flowable-async-job-executor-thread-16945#
[PollStartAppStatusExecution] c18fe1fc-36e5-42c6-a94c-691eb977813f [2026-09-07T11:07:04.274997] Starting app with guid c18fe1fc-36e5-42c6-a94c-691eb977813f (STDOUT, API)#
#2026 09 07 11:07:11.624#Z#DEBUG#ee464cf9-aaab-11f1-a0e6-eeee0a85092e.order-app-srv#flowable-async-job-executor-thread-16945#
[PollStartAppStatusExecution] c18fe1fc-36e5-42c6-a94c-691eb977813f [2026-09-07T11:07:04.509254] Cell d1cc041a-d5a1-41d6-b9f6-6cda736ce3f0 creating container for instance d5edb938-ad34-4346-41c9-6c74 (STDOUT, CELL)#
#2026 09 07 11:07:11.624#Z#DEBUG#ee464cf9-aaab-11f1-a0e6-eeee0a85092e.order-app-srv#flowable-async-job-executor-thread-16945#
[PollStartAppStatusExecution] c18fe1fc-36e5-42c6-a94c-691eb977813f [2026-09-07T11:07:05.219927] Security group rules were updated (STDOUT, CELL)#
#2026 09 07 11:07:11.624#Z#DEBUG#ee464cf9-aaab-11f1-a0e6-eeee0a85092e.order-app-srv#flowable-async-job-executor-thread-16945#
[PollStartAppStatusExecution] c18fe1fc-36e5-42c6-a94c-691eb977813f [2026-09-07T11:07:05.307961] Cell d1cc041a-d5a1-41d6-b9f6-6cda736ce3f0 successfully created container for instance d5edb938-ad34-4346-41c9-6c74 (STDOUT, CELL)#
#2026 09 07 11:07:11.624#Z#DEBUG#ee464cf9-aaab-11f1-a0e6-eeee0a85092e.order-app-srv#flowable-async-job-executor-thread-16945#
[PollStartAppStatusExecution] c18fe1fc-36e5-42c6-a94c-691eb977813f [2026-09-07T11:07:05.971440] Downloading droplet... (STDOUT, CELL)#
#2026 09 07 11:07:11.624#Z#DEBUG#ee464cf9-aaab-11f1-a0e6-eeee0a85092e.order-app-srv#flowable-async-job-executor-thread-16945#
[PollStartAppStatusExecution] c18fe1fc-36e5-42c6-a94c-691eb977813f [2026-09-07T11:07:09.635005] Downloaded droplet (60.6M) (STDOUT, CELL)#
#2026 09 07 11:07:11.624#Z#DEBUG#ee464cf9-aaab-11f1-a0e6-eeee0a85092e.order-app-srv#flowable-async-job-executor-thread-16945#
[PollStartAppStatusExecution] c18fe1fc-36e5-42c6-a94c-691eb977813f [2026-09-07T11:07:09.635160] Starting health monitoring of container (STDOUT, CELL)#
#2026 09 07 11:07:11.624#Z#DEBUG#ee464cf9-aaab-11f1-a0e6-eeee0a85092e.order-app-srv#flowable-async-job-executor-thread-16945#
[PollStartAppStatusExecution] c18fe1fc-36e5-42c6-a94c-691eb977813f [2026-09-07T11:07:09.794036] Invoking pre-start scripts. (STDOUT, APP/PROC/WEB)#
#2026 09 07 11:07:11.624#Z#DEBUG#ee464cf9-aaab-11f1-a0e6-eeee0a85092e.order-app-srv#flowable-async-job-executor-thread-16945#
[PollStartAppStatusExecution] c18fe1fc-36e5-42c6-a94c-691eb977813f [2026-09-07T11:07:10.053468] Invoking start command. (STDOUT, APP/PROC/WEB)#
#2026 09 07 11:07:11.624#Z#DEBUG#ee464cf9-aaab-11f1-a0e6-eeee0a85092e.order-app-srv#flowable-async-job-executor-thread-16945#
[PollStartAppStatusExecution] c18fe1fc-36e5-42c6-a94c-691eb977813f [2026-09-07T11:07:10.549003] > order-app@1.0.0 start (STDOUT, APP/PROC/WEB)#
#2026 09 07 11:07:11.624#Z#DEBUG#ee464cf9-aaab-11f1-a0e6-eeee0a85092e.order-app-srv#flowable-async-job-executor-thread-16945#
[PollStartAppStatusExecution] c18fe1fc-36e5-42c6-a94c-691eb977813f [2026-09-07T11:07:10.549044] > cds-serve (STDOUT, APP/PROC/WEB)#
#2026 09 07 11:07:11.624#Z#DEBUG#ee464cf9-aaab-11f1-a0e6-eeee0a85092e.order-app-srv#flowable-async-job-executor-thread-16945#
[PollStartAppStatusExecution] c18fe1fc-36e5-42c6-a94c-691eb977813f [2026-09-07T11:07:10.855196] {"level":"info","logger":"cds","timestamp":"2026-09-07T11:07:10.853Z","layer":"cds","component_type":"application","container_id":"10.32.1.5","component_id":"c18fe1fc-36e5-42c6-a94c-691eb977813f","component_name":"order-app-srv","component_instance":0,"source_instance":0,"organization_name":"d0df43b9trial","organization_id":"188e7b36-f870-46ac-b4b4-fcdce414afb1","space_name":"dev","space_id":"383e080d-c4c5-4598-b9e9-72e78ff581ba","msg":"loaded model from 1 file(s):\n ","type":"log"} (STDOUT, APP/PROC/WEB)#
#2026 09 07 11:07:11.624#Z#DEBUG#ee464cf9-aaab-11f1-a0e6-eeee0a85092e.order-app-srv#flowable-async-job-executor-thread-16945#
[PollStartAppStatusExecution] c18fe1fc-36e5-42c6-a94c-691eb977813f [2026-09-07T11:07:10.855762] srv/csn.json (STDOUT, APP/PROC/WEB)#
#2026 09 07 11:07:11.624#Z#DEBUG#ee464cf9-aaab-11f1-a0e6-eeee0a85092e.order-app-srv#flowable-async-job-executor-thread-16945#
[PollStartAppStatusExecution] c18fe1fc-36e5-42c6-a94c-691eb977813f [2026-09-07T11:07:11.095271] {"level":"info","logger":"cds","timestamp":"2026-09-07T11:07:11.094Z","layer":"cds","component_type":"application","container_id":"10.32.1.5","component_id":"c18fe1fc-36e5-42c6-a94c-691eb977813f","component_name":"order-app-srv","component_instance":0,"source_instance":0,"organization_name":"d0df43b9trial","organization_id":"188e7b36-f870-46ac-b4b4-fcdce414afb1","space_name":"dev","space_id":"383e080d-c4c5-4598-b9e9-72e78ff581ba","msg":"connect to db > hana {\n  database_id: '26160d64-6f37-4efa-b584-ec2ead369fa1',\n  host: '26160d64-6f37-4efa-b584-ec2ead369fa1.hna0.prod-us10.hanacloud.ondemand.com',\n  port: '443',\n  driver: 'com.sap.db.jdbc.Driver',\n  url: 'jdbc:sap://26160d64-6f37-4efa-b584-ec2ead369fa1.hna0.prod-us10.hanacloud.ondemand.com:443?encrypt=true&validateCertificate=true&currentschema=75964680DA0B4C82840C1BA9494A874F',\n  schema: '75964680DA0B4C82840C1BA9494A874F',\n  certificate: '...',\n  hdi_user: '75964680DA0B4C82840C1BA9494A874F_C5QBNMQINUJ6JSPOZA8LTIZQX_DT',\n  hdi_password: '...',\n  user: '75964680DA0B4C82840C1BA9494A874F_C5QBNMQINUJ6JSPOZA8LTIZQX_RT',\n  password: '...'\n}","type":"log"} (STDOUT, APP/PROC/WEB)#
#2026 09 07 11:07:11.624#Z#DEBUG#ee464cf9-aaab-11f1-a0e6-eeee0a85092e.order-app-srv#flowable-async-job-executor-thread-16945#
[PollStartAppStatusExecution] c18fe1fc-36e5-42c6-a94c-691eb977813f [2026-09-07T11:07:11.130436] {"level":"info","logger":"cds","timestamp":"2026-09-07T11:07:11.129Z","layer":"cds","component_type":"application","container_id":"10.32.1.5","component_id":"c18fe1fc-36e5-42c6-a94c-691eb977813f","component_name":"order-app-srv","component_instance":0,"source_instance":0,"organization_name":"d0df43b9trial","organization_id":"188e7b36-f870-46ac-b4b4-fcdce414afb1","space_name":"dev","space_id":"383e080d-c4c5-4598-b9e9-72e78ff581ba","msg":"using auth strategy { kind: 'jwt' }","type":"log"} (STDOUT, APP/PROC/WEB)#
#2026 09 07 11:07:11.624#Z#DEBUG#ee464cf9-aaab-11f1-a0e6-eeee0a85092e.order-app-srv#flowable-async-job-executor-thread-16945#
[PollStartAppStatusExecution] c18fe1fc-36e5-42c6-a94c-691eb977813f [2026-09-07T11:07:11.132401] node:internal/modules/cjs/loader:1517 (STDERR, APP/PROC/WEB)#
#2026 09 07 11:07:11.624#Z#DEBUG#ee464cf9-aaab-11f1-a0e6-eeee0a85092e.order-app-srv#flowable-async-job-executor-thread-16945#
[PollStartAppStatusExecution] c18fe1fc-36e5-42c6-a94c-691eb977813f [2026-09-07T11:07:11.132433] const err = new Error(message); (STDERR, APP/PROC/WEB)#
#2026 09 07 11:07:11.624#Z#DEBUG#ee464cf9-aaab-11f1-a0e6-eeee0a85092e.order-app-srv#flowable-async-job-executor-thread-16945#
[PollStartAppStatusExecution] c18fe1fc-36e5-42c6-a94c-691eb977813f [2026-09-07T11:07:11.132439] ^ (STDERR, APP/PROC/WEB)#
#2026 09 07 11:07:11.624#Z#DEBUG#ee464cf9-aaab-11f1-a0e6-eeee0a85092e.order-app-srv#flowable-async-job-executor-thread-16945#
[PollStartAppStatusExecution] c18fe1fc-36e5-42c6-a94c-691eb977813f [2026-09-07T11:07:11.132444] Error: Cannot find '@sap/xssec'. Make sure to install it with 'npm i @sap/xssec' (STDERR, APP/PROC/WEB)#
#2026 09 07 11:07:11.624#Z#DEBUG#ee464cf9-aaab-11f1-a0e6-eeee0a85092e.order-app-srv#flowable-async-job-executor-thread-16945#
[PollStartAppStatusExecution] c18fe1fc-36e5-42c6-a94c-691eb977813f [2026-09-07T11:07:11.132447] Cannot find module '@sap/xssec' (STDERR, APP/PROC/WEB)#
#2026 09 07 11:07:11.624#Z#DEBUG#ee464cf9-aaab-11f1-a0e6-eeee0a85092e.order-app-srv#flowable-async-job-executor-thread-16945#
[PollStartAppStatusExecution] c18fe1fc-36e5-42c6-a94c-691eb977813f [2026-09-07T11:07:11.132450] Require stack: (STDERR, APP/PROC/WEB)#
#2026 09 07 11:07:11.624#Z#DEBUG#ee464cf9-aaab-11f1-a0e6-eeee0a85092e.order-app-srv#flowable-async-job-executor-thread-16945#
[PollStartAppStatusExecution] c18fe1fc-36e5-42c6-a94c-691eb977813f [2026-09-07T11:07:11.132453] - /home/vcap/app/node_modules/@sap/cds/lib/srv/middlewares/auth/xssec.js (STDERR, APP/PROC/WEB)#
#2026 09 07 11:07:11.624#Z#DEBUG#ee464cf9-aaab-11f1-a0e6-eeee0a85092e.order-app-srv#flowable-async-job-executor-thread-16945#
[PollStartAppStatusExecution] c18fe1fc-36e5-42c6-a94c-691eb977813f [2026-09-07T11:07:11.132456] - /home/vcap/app/node_modules/@sap/cds/lib/srv/middlewares/auth/jwt-auth.js (STDERR, APP/PROC/WEB)#
#2026 09 07 11:07:11.624#Z#DEBUG#ee464cf9-aaab-11f1-a0e6-eeee0a85092e.order-app-srv#flowable-async-job-executor-thread-16945#
[PollStartAppStatusExecution] c18fe1fc-36e5-42c6-a94c-691eb977813f [2026-09-07T11:07:11.132459] - /home/vcap/app/node_modules/@sap/cds/lib/srv/middlewares/auth/index.js (STDERR, APP/PROC/WEB)#
#2026 09 07 11:07:11.624#Z#DEBUG#ee464cf9-aaab-11f1-a0e6-eeee0a85092e.order-app-srv#flowable-async-job-executor-thread-16945#
[PollStartAppStatusExecution] c18fe1fc-36e5-42c6-a94c-691eb977813f [2026-09-07T11:07:11.132462] - /home/vcap/app/node_modules/@sap/cds/lib/srv/middlewares/index.js (STDERR, APP/PROC/WEB)#
#2026 09 07 11:07:11.624#Z#DEBUG#ee464cf9-aaab-11f1-a0e6-eeee0a85092e.order-app-srv#flowable-async-job-executor-thread-16945#
[PollStartAppStatusExecution] c18fe1fc-36e5-42c6-a94c-691eb977813f [2026-09-07T11:07:11.132471] - /home/vcap/app/node_modules/@sap/cds/lib/index.js (STDERR, APP/PROC/WEB)#
#2026 09 07 11:07:11.624#Z#DEBUG#ee464cf9-aaab-11f1-a0e6-eeee0a85092e.order-app-srv#flowable-async-job-executor-thread-16945#
[PollStartAppStatusExecution] c18fe1fc-36e5-42c6-a94c-691eb977813f [2026-09-07T11:07:11.132473] - /home/vcap/app/node_modules/@sap/cds/bin/serve.js (STDERR, APP/PROC/WEB)#
#2026 09 07 11:07:11.624#Z#DEBUG#ee464cf9-aaab-11f1-a0e6-eeee0a85092e.order-app-srv#flowable-async-job-executor-thread-16945#
[PollStartAppStatusExecution] c18fe1fc-36e5-42c6-a94c-691eb977813f [2026-09-07T11:07:11.132476] at Module._resolveFilename (node:internal/modules/cjs/loader:1517:15) (STDERR, APP/PROC/WEB)#
#2026 09 07 11:07:11.624#Z#DEBUG#ee464cf9-aaab-11f1-a0e6-eeee0a85092e.order-app-srv#flowable-async-job-executor-thread-16945#
[PollStartAppStatusExecution] c18fe1fc-36e5-42c6-a94c-691eb977813f [2026-09-07T11:07:11.132479] at wrapResolveFilename (node:internal/modules/cjs/loader:1071:27) (STDERR, APP/PROC/WEB)#
#2026 09 07 11:07:11.624#Z#DEBUG#ee464cf9-aaab-11f1-a0e6-eeee0a85092e.order-app-srv#flowable-async-job-executor-thread-16945#
[PollStartAppStatusExecution] c18fe1fc-36e5-42c6-a94c-691eb977813f [2026-09-07T11:07:11.132483] at defaultResolveImplForCJSLoading (node:internal/modules/cjs/loader:1095:10) (STDERR, APP/PROC/WEB)#
#2026 09 07 11:07:11.624#Z#DEBUG#ee464cf9-aaab-11f1-a0e6-eeee0a85092e.order-app-srv#flowable-async-job-executor-thread-16945#
[PollStartAppStatusExecution] c18fe1fc-36e5-42c6-a94c-691eb977813f [2026-09-07T11:07:11.132485] at resolveForCJSWithHooks (node:internal/modules/cjs/loader:1122:12) (STDERR, APP/PROC/WEB)#
#2026 09 07 11:07:11.624#Z#DEBUG#ee464cf9-aaab-11f1-a0e6-eeee0a85092e.order-app-srv#flowable-async-job-executor-thread-16945#
[PollStartAppStatusExecution] c18fe1fc-36e5-42c6-a94c-691eb977813f [2026-09-07T11:07:11.132490] at Module._load (node:internal/modules/cjs/loader:1294:5) (STDERR, APP/PROC/WEB)#
#2026 09 07 11:07:11.624#Z#DEBUG#ee464cf9-aaab-11f1-a0e6-eeee0a85092e.order-app-srv#flowable-async-job-executor-thread-16945#
[PollStartAppStatusExecution] c18fe1fc-36e5-42c6-a94c-691eb977813f [2026-09-07T11:07:11.132497] at wrapModuleLoad (node:internal/modules/cjs/loader:255:19) (STDERR, APP/PROC/WEB)#
#2026 09 07 11:07:11.624#Z#DEBUG#ee464cf9-aaab-11f1-a0e6-eeee0a85092e.order-app-srv#flowable-async-job-executor-thread-16945#
[PollStartAppStatusExecution] c18fe1fc-36e5-42c6-a94c-691eb977813f [2026-09-07T11:07:11.132500] at Module.require (node:internal/modules/cjs/loader:1617:12) (STDERR, APP/PROC/WEB)#
#2026 09 07 11:07:11.624#Z#DEBUG#ee464cf9-aaab-11f1-a0e6-eeee0a85092e.order-app-srv#flowable-async-job-executor-thread-16945#
[PollStartAppStatusExecution] c18fe1fc-36e5-42c6-a94c-691eb977813f [2026-09-07T11:07:11.132502] at require (node:internal/modules/helpers:153:16) (STDERR, APP/PROC/WEB)#
#2026 09 07 11:07:11.624#Z#DEBUG#ee464cf9-aaab-11f1-a0e6-eeee0a85092e.order-app-srv#flowable-async-job-executor-thread-16945#
[PollStartAppStatusExecution] c18fe1fc-36e5-42c6-a94c-691eb977813f [2026-09-07T11:07:11.132506] at Object.<anonymous> (/home/vcap/app/node_modules/@sap/cds/lib/srv/middlewares/auth/xssec.js:2:17) (STDERR, APP/PROC/WEB)#
#2026 09 07 11:07:11.624#Z#DEBUG#ee464cf9-aaab-11f1-a0e6-eeee0a85092e.order-app-srv#flowable-async-job-executor-thread-16945#
[PollStartAppStatusExecution] c18fe1fc-36e5-42c6-a94c-691eb977813f [2026-09-07T11:07:11.132510] at Module._compile (node:internal/modules/cjs/loader:1871:14) { (STDERR, APP/PROC/WEB)#
#2026 09 07 11:07:11.624#Z#DEBUG#ee464cf9-aaab-11f1-a0e6-eeee0a85092e.order-app-srv#flowable-async-job-executor-thread-16945#
[PollStartAppStatusExecution] c18fe1fc-36e5-42c6-a94c-691eb977813f [2026-09-07T11:07:11.132512] code: 'MODULE_NOT_FOUND', (STDERR, APP/PROC/WEB)#
#2026 09 07 11:07:11.624#Z#DEBUG#ee464cf9-aaab-11f1-a0e6-eeee0a85092e.order-app-srv#flowable-async-job-executor-thread-16945#
[PollStartAppStatusExecution] c18fe1fc-36e5-42c6-a94c-691eb977813f [2026-09-07T11:07:11.132515] requireStack: [ (STDERR, APP/PROC/WEB)#
#2026 09 07 11:07:11.624#Z#DEBUG#ee464cf9-aaab-11f1-a0e6-eeee0a85092e.order-app-srv#flowable-async-job-executor-thread-16945#
[PollStartAppStatusExecution] c18fe1fc-36e5-42c6-a94c-691eb977813f [2026-09-07T11:07:11.132526] '/home/vcap/app/node_modules/@sap/cds/lib/srv/middlewares/auth/xssec.js', (STDERR, APP/PROC/WEB)#
#2026 09 07 11:07:11.624#Z#DEBUG#ee464cf9-aaab-11f1-a0e6-eeee0a85092e.order-app-srv#flowable-async-job-executor-thread-16945#
[PollStartAppStatusExecution] c18fe1fc-36e5-42c6-a94c-691eb977813f [2026-09-07T11:07:11.132528] '/home/vcap/app/node_modules/@sap/cds/lib/srv/middlewares/auth/jwt-auth.js', (STDERR, APP/PROC/WEB)#
#2026 09 07 11:07:11.624#Z#DEBUG#ee464cf9-aaab-11f1-a0e6-eeee0a85092e.order-app-srv#flowable-async-job-executor-thread-16945#
[PollStartAppStatusExecution] c18fe1fc-36e5-42c6-a94c-691eb977813f [2026-09-07T11:07:11.132531] '/home/vcap/app/node_modules/@sap/cds/lib/srv/middlewares/auth/index.js', (STDERR, APP/PROC/WEB)#
#2026 09 07 11:07:11.624#Z#DEBUG#ee464cf9-aaab-11f1-a0e6-eeee0a85092e.order-app-srv#flowable-async-job-executor-thread-16945#
[PollStartAppStatusExecution] c18fe1fc-36e5-42c6-a94c-691eb977813f [2026-09-07T11:07:11.132534] '/home/vcap/app/node_modules/@sap/cds/lib/srv/middlewares/index.js', (STDERR, APP/PROC/WEB)#
#2026 09 07 11:07:11.624#Z#DEBUG#ee464cf9-aaab-11f1-a0e6-eeee0a85092e.order-app-srv#flowable-async-job-executor-thread-16945#
[PollStartAppStatusExecution] c18fe1fc-36e5-42c6-a94c-691eb977813f [2026-09-07T11:07:11.132536] '/home/vcap/app/node_modules/@sap/cds/lib/index.js', (STDERR, APP/PROC/WEB)#
#2026 09 07 11:07:11.624#Z#DEBUG#ee464cf9-aaab-11f1-a0e6-eeee0a85092e.order-app-srv#flowable-async-job-executor-thread-16945#
[PollStartAppStatusExecution] c18fe1fc-36e5-42c6-a94c-691eb977813f [2026-09-07T11:07:11.132539] '/home/vcap/app/node_modules/@sap/cds/bin/serve.js' (STDERR, APP/PROC/WEB)#
#2026 09 07 11:07:11.624#Z#DEBUG#ee464cf9-aaab-11f1-a0e6-eeee0a85092e.order-app-srv#flowable-async-job-executor-thread-16945#
[PollStartAppStatusExecution] c18fe1fc-36e5-42c6-a94c-691eb977813f [2026-09-07T11:07:11.132542] ] (STDERR, APP/PROC/WEB)#
#2026 09 07 11:07:11.624#Z#DEBUG#ee464cf9-aaab-11f1-a0e6-eeee0a85092e.order-app-srv#flowable-async-job-executor-thread-16945#
[PollStartAppStatusExecution] c18fe1fc-36e5-42c6-a94c-691eb977813f [2026-09-07T11:07:11.132546] } (STDERR, APP/PROC/WEB)#
#2026 09 07 11:07:11.624#Z#DEBUG#ee464cf9-aaab-11f1-a0e6-eeee0a85092e.order-app-srv#flowable-async-job-executor-thread-16945#
[PollStartAppStatusExecution] c18fe1fc-36e5-42c6-a94c-691eb977813f [2026-09-07T11:07:11.132548] Node.js v24.18.0 (STDERR, APP/PROC/WEB)#
#2026 09 07 11:07:11.624#Z#DEBUG#ee464cf9-aaab-11f1-a0e6-eeee0a85092e.order-app-srv#flowable-async-job-executor-thread-16945#
[PollStartAppStatusExecution] c18fe1fc-36e5-42c6-a94c-691eb977813f [2026-09-07T11:07:11.153951] npm notice (STDERR, APP/PROC/WEB)#
#2026 09 07 11:07:11.624#Z#DEBUG#ee464cf9-aaab-11f1-a0e6-eeee0a85092e.order-app-srv#flowable-async-job-executor-thread-16945#
[PollStartAppStatusExecution] c18fe1fc-36e5-42c6-a94c-691eb977813f [2026-09-07T11:07:11.153982] npm notice New major version of npm available! 11.16.0 -> 12.0.2 (STDERR, APP/PROC/WEB)#
#2026 09 07 11:07:11.624#Z#DEBUG#ee464cf9-aaab-11f1-a0e6-eeee0a85092e.order-app-srv#flowable-async-job-executor-thread-16945#
[PollStartAppStatusExecution] c18fe1fc-36e5-42c6-a94c-691eb977813f [2026-09-07T11:07:11.153988] npm notice Changelog: https://github.com/npm/cli/releases/tag/v12.0.2 (STDERR, APP/PROC/WEB)#
#2026 09 07 11:07:11.624#Z#DEBUG#ee464cf9-aaab-11f1-a0e6-eeee0a85092e.order-app-srv#flowable-async-job-executor-thread-16945#
[PollStartAppStatusExecution] c18fe1fc-36e5-42c6-a94c-691eb977813f [2026-09-07T11:07:11.153991] npm notice To update run: npm install -g npm@12.0.2 (STDERR, APP/PROC/WEB)#
#2026 09 07 11:07:11.624#Z#DEBUG#ee464cf9-aaab-11f1-a0e6-eeee0a85092e.order-app-srv#flowable-async-job-executor-thread-16945#
[PollStartAppStatusExecution] c18fe1fc-36e5-42c6-a94c-691eb977813f [2026-09-07T11:07:11.153994] npm notice (STDERR, APP/PROC/WEB)#
#2026 09 07 11:07:11.624#Z#DEBUG#ee464cf9-aaab-11f1-a0e6-eeee0a85092e.order-app-srv#flowable-async-job-executor-thread-16945#
[PollStartAppStatusExecution] c18fe1fc-36e5-42c6-a94c-691eb977813f [2026-09-07T11:07:11.231706] Exit status 1 (STDOUT, APP/PROC/WEB)#
#2026 09 07 11:07:22.028#Z#DEBUG#ee464cf9-aaab-11f1-a0e6-eeee0a85092e.order-app-srv#flowable-async-job-executor-thread-40314#
[PollStartAppStatusExecution] c18fe1fc-36e5-42c6-a94c-691eb977813f [2026-09-07T11:07:16.944778] Cell d1cc041a-d5a1-41d6-b9f6-6cda736ce3f0 stopping instance d5edb938-ad34-4346-41c9-6c74 (STDOUT, CELL)#
#2026 09 07 11:07:22.028#Z#DEBUG#ee464cf9-aaab-11f1-a0e6-eeee0a85092e.order-app-srv#flowable-async-job-executor-thread-40314#
[PollStartAppStatusExecution] c18fe1fc-36e5-42c6-a94c-691eb977813f [2026-09-07T11:07:16.944834] Cell d1cc041a-d5a1-41d6-b9f6-6cda736ce3f0 destroying container for instance d5edb938-ad34-4346-41c9-6c74 (STDOUT, CELL)#
#2026 09 07 11:07:22.028#Z#DEBUG#ee464cf9-aaab-11f1-a0e6-eeee0a85092e.order-app-srv#flowable-async-job-executor-thread-40314#
[PollStartAppStatusExecution] c18fe1fc-36e5-42c6-a94c-691eb977813f [2026-09-07T11:07:16.950811] Process has crashed with type: "web" (STDOUT, API)#
#2026 09 07 11:07:22.028#Z#DEBUG#ee464cf9-aaab-11f1-a0e6-eeee0a85092e.order-app-srv#flowable-async-job-executor-thread-40314#
[PollStartAppStatusExecution] c18fe1fc-36e5-42c6-a94c-691eb977813f [2026-09-07T11:07:16.964774] App instance exited with guid c18fe1fc-36e5-42c6-a94c-691eb977813f payload: {"instance"=>"d5edb938-ad34-4346-41c9-6c74", "index"=>0, "cell_id"=>"d1cc041a-d5a1-41d6-b9f6-6cda736ce3f0", "reason"=>"CRASHED", "exit_description"=>"APP/PROC/WEB: Exited with status 1", "crash_count"=>1, "crash_timestamp"=>1788779236926580009, "version"=>"c89cf547-3014-449e-9059-49ff6a6c338c"} (STDOUT, API)#
#2026 09 07 11:07:22.028#Z#DEBUG#ee464cf9-aaab-11f1-a0e6-eeee0a85092e.order-app-srv#flowable-async-job-executor-thread-40314#
[PollStartAppStatusExecution] c18fe1fc-36e5-42c6-a94c-691eb977813f [2026-09-07T11:07:17.163054] Cell c839c7b1-088e-41af-b9b7-66256aacd457 creating container for instance 69688785-d840-4694-638f-0e4f (STDOUT, CELL)#
#2026 09 07 11:07:22.028#Z#DEBUG#ee464cf9-aaab-11f1-a0e6-eeee0a85092e.order-app-srv#flowable-async-job-executor-thread-40314#
[PollStartAppStatusExecution] c18fe1fc-36e5-42c6-a94c-691eb977813f [2026-09-07T11:07:17.166849] Exit status 137 (STDOUT, PROXY)#
#2026 09 07 11:07:22.028#Z#DEBUG#ee464cf9-aaab-11f1-a0e6-eeee0a85092e.order-app-srv#flowable-async-job-executor-thread-40314#
[PollStartAppStatusExecution] c18fe1fc-36e5-42c6-a94c-691eb977813f [2026-09-07T11:07:18.183303] Security group rules were updated (STDOUT, CELL)#
#2026 09 07 11:07:22.028#Z#DEBUG#ee464cf9-aaab-11f1-a0e6-eeee0a85092e.order-app-srv#flowable-async-job-executor-thread-40314#
[PollStartAppStatusExecution] c18fe1fc-36e5-42c6-a94c-691eb977813f [2026-09-07T11:07:18.289243] Cell c839c7b1-088e-41af-b9b7-66256aacd457 successfully created container for instance 69688785-d840-4694-638f-0e4f (STDOUT, CELL)#
#2026 09 07 11:07:22.028#Z#DEBUG#ee464cf9-aaab-11f1-a0e6-eeee0a85092e.order-app-srv#flowable-async-job-executor-thread-40314#
[PollStartAppStatusExecution] c18fe1fc-36e5-42c6-a94c-691eb977813f [2026-09-07T11:07:19.201726] Cell d1cc041a-d5a1-41d6-b9f6-6cda736ce3f0 successfully destroyed container for instance d5edb938-ad34-4346-41c9-6c74 (STDOUT, CELL)#
#2026 09 07 11:07:22.028#Z#DEBUG#ee464cf9-aaab-11f1-a0e6-eeee0a85092e.order-app-srv#flowable-async-job-executor-thread-40314#
[PollStartAppStatusExecution] c18fe1fc-36e5-42c6-a94c-691eb977813f [2026-09-07T11:07:19.387451] Downloading droplet... (STDOUT, CELL)#
#2026 09 07 11:07:31.656#Z#DEBUG#ee464cf9-aaab-11f1-a0e6-eeee0a85092e.order-app-srv#flowable-async-job-executor-thread-40319#
[PollStartAppStatusExecution] c18fe1fc-36e5-42c6-a94c-691eb977813f [2026-09-07T11:07:23.467597] Downloaded droplet (60.6M) (STDOUT, CELL)#
#2026 09 07 11:07:31.656#Z#DEBUG#ee464cf9-aaab-11f1-a0e6-eeee0a85092e.order-app-srv#flowable-async-job-executor-thread-40319#
[PollStartAppStatusExecution] c18fe1fc-36e5-42c6-a94c-691eb977813f [2026-09-07T11:07:23.467793] Starting health monitoring of container (STDOUT, CELL)#
#2026 09 07 11:07:31.656#Z#DEBUG#ee464cf9-aaab-11f1-a0e6-eeee0a85092e.order-app-srv#flowable-async-job-executor-thread-40319#
[PollStartAppStatusExecution] c18fe1fc-36e5-42c6-a94c-691eb977813f [2026-09-07T11:07:23.624327] Invoking pre-start scripts. (STDOUT, APP/PROC/WEB)#
#2026 09 07 11:07:31.656#Z#DEBUG#ee464cf9-aaab-11f1-a0e6-eeee0a85092e.order-app-srv#flowable-async-job-executor-thread-40319#
[PollStartAppStatusExecution] c18fe1fc-36e5-42c6-a94c-691eb977813f [2026-09-07T11:07:23.850431] Invoking start command. (STDOUT, APP/PROC/WEB)#
#2026 09 07 11:07:31.656#Z#DEBUG#ee464cf9-aaab-11f1-a0e6-eeee0a85092e.order-app-srv#flowable-async-job-executor-thread-40319#
[PollStartAppStatusExecution] c18fe1fc-36e5-42c6-a94c-691eb977813f [2026-09-07T11:07:24.335405] > order-app@1.0.0 start (STDOUT, APP/PROC/WEB)#
#2026 09 07 11:07:31.656#Z#DEBUG#ee464cf9-aaab-11f1-a0e6-eeee0a85092e.order-app-srv#flowable-async-job-executor-thread-40319#
[PollStartAppStatusExecution] c18fe1fc-36e5-42c6-a94c-691eb977813f [2026-09-07T11:07:24.335438] > cds-serve (STDOUT, APP/PROC/WEB)#
#2026 09 07 11:07:31.656#Z#DEBUG#ee464cf9-aaab-11f1-a0e6-eeee0a85092e.order-app-srv#flowable-async-job-executor-thread-40319#
[PollStartAppStatusExecution] c18fe1fc-36e5-42c6-a94c-691eb977813f [2026-09-07T11:07:24.617989] {"level":"info","logger":"cds","timestamp":"2026-09-07T11:07:24.616Z","layer":"cds","component_type":"application","container_id":"10.32.2.6","component_id":"c18fe1fc-36e5-42c6-a94c-691eb977813f","component_name":"order-app-srv","component_instance":0,"source_instance":0,"organization_name":"d0df43b9trial","organization_id":"188e7b36-f870-46ac-b4b4-fcdce414afb1","space_name":"dev","space_id":"383e080d-c4c5-4598-b9e9-72e78ff581ba","msg":"loaded model from 1 file(s):\n ","type":"log"} (STDOUT, APP/PROC/WEB)#
#2026 09 07 11:07:31.656#Z#DEBUG#ee464cf9-aaab-11f1-a0e6-eeee0a85092e.order-app-srv#flowable-async-job-executor-thread-40319#
[PollStartAppStatusExecution] c18fe1fc-36e5-42c6-a94c-691eb977813f [2026-09-07T11:07:24.618355] srv/csn.json (STDOUT, APP/PROC/WEB)#
#2026 09 07 11:07:31.656#Z#DEBUG#ee464cf9-aaab-11f1-a0e6-eeee0a85092e.order-app-srv#flowable-async-job-executor-thread-40319#
[PollStartAppStatusExecution] c18fe1fc-36e5-42c6-a94c-691eb977813f [2026-09-07T11:07:24.833106] {"level":"info","logger":"cds","timestamp":"2026-09-07T11:07:24.832Z","layer":"cds","component_type":"application","container_id":"10.32.2.6","component_id":"c18fe1fc-36e5-42c6-a94c-691eb977813f","component_name":"order-app-srv","component_instance":0,"source_instance":0,"organization_name":"d0df43b9trial","organization_id":"188e7b36-f870-46ac-b4b4-fcdce414afb1","space_name":"dev","space_id":"383e080d-c4c5-4598-b9e9-72e78ff581ba","msg":"connect to db > hana {\n  database_id: '26160d64-6f37-4efa-b584-ec2ead369fa1',\n  host: '26160d64-6f37-4efa-b584-ec2ead369fa1.hna0.prod-us10.hanacloud.ondemand.com',\n  port: '443',\n  driver: 'com.sap.db.jdbc.Driver',\n  url: 'jdbc:sap://26160d64-6f37-4efa-b584-ec2ead369fa1.hna0.prod-us10.hanacloud.ondemand.com:443?encrypt=true&validateCertificate=true&currentschema=75964680DA0B4C82840C1BA9494A874F',\n  schema: '75964680DA0B4C82840C1BA9494A874F',\n  certificate: '...',\n  hdi_user: '75964680DA0B4C82840C1BA9494A874F_C5QBNMQINUJ6JSPOZA8LTIZQX_DT',\n  hdi_password: '...',\n  user: '75964680DA0B4C82840C1BA9494A874F_C5QBNMQINUJ6JSPOZA8LTIZQX_RT',\n  password: '...'\n}","type":"log"} (STDOUT, APP/PROC/WEB)#
#2026 09 07 11:07:31.656#Z#DEBUG#ee464cf9-aaab-11f1-a0e6-eeee0a85092e.order-app-srv#flowable-async-job-executor-thread-40319#
[PollStartAppStatusExecution] c18fe1fc-36e5-42c6-a94c-691eb977813f [2026-09-07T11:07:24.867911] {"level":"info","logger":"cds","timestamp":"2026-09-07T11:07:24.867Z","layer":"cds","component_type":"application","container_id":"10.32.2.6","component_id":"c18fe1fc-36e5-42c6-a94c-691eb977813f","component_name":"order-app-srv","component_instance":0,"source_instance":0,"organization_name":"d0df43b9trial","organization_id":"188e7b36-f870-46ac-b4b4-fcdce414afb1","space_name":"dev","space_id":"383e080d-c4c5-4598-b9e9-72e78ff581ba","msg":"using auth strategy { kind: 'jwt' }","type":"log"} (STDOUT, APP/PROC/WEB)#
#2026 09 07 11:07:31.656#Z#DEBUG#ee464cf9-aaab-11f1-a0e6-eeee0a85092e.order-app-srv#flowable-async-job-executor-thread-40319#
[PollStartAppStatusExecution] c18fe1fc-36e5-42c6-a94c-691eb977813f [2026-09-07T11:07:24.870369] node:internal/modules/cjs/loader:1517 (STDERR, APP/PROC/WEB)#
#2026 09 07 11:07:31.656#Z#DEBUG#ee464cf9-aaab-11f1-a0e6-eeee0a85092e.order-app-srv#flowable-async-job-executor-thread-40319#
[PollStartAppStatusExecution] c18fe1fc-36e5-42c6-a94c-691eb977813f [2026-09-07T11:07:24.870406] const err = new Error(message); (STDERR, APP/PROC/WEB)#
#2026 09 07 11:07:31.656#Z#DEBUG#ee464cf9-aaab-11f1-a0e6-eeee0a85092e.order-app-srv#flowable-async-job-executor-thread-40319#
[PollStartAppStatusExecution] c18fe1fc-36e5-42c6-a94c-691eb977813f [2026-09-07T11:07:24.870433] ^ (STDERR, APP/PROC/WEB)#
#2026 09 07 11:07:31.656#Z#DEBUG#ee464cf9-aaab-11f1-a0e6-eeee0a85092e.order-app-srv#flowable-async-job-executor-thread-40319#
[PollStartAppStatusExecution] c18fe1fc-36e5-42c6-a94c-691eb977813f [2026-09-07T11:07:24.870437] Error: Cannot find '@sap/xssec'. Make sure to install it with 'npm i @sap/xssec' (STDERR, APP/PROC/WEB)#
#2026 09 07 11:07:31.656#Z#DEBUG#ee464cf9-aaab-11f1-a0e6-eeee0a85092e.order-app-srv#flowable-async-job-executor-thread-40319#
[PollStartAppStatusExecution] c18fe1fc-36e5-42c6-a94c-691eb977813f [2026-09-07T11:07:24.870440] Cannot find module '@sap/xssec' (STDERR, APP/PROC/WEB)#
#2026 09 07 11:07:31.656#Z#DEBUG#ee464cf9-aaab-11f1-a0e6-eeee0a85092e.order-app-srv#flowable-async-job-executor-thread-40319#
[PollStartAppStatusExecution] c18fe1fc-36e5-42c6-a94c-691eb977813f [2026-09-07T11:07:24.870443] Require stack: (STDERR, APP/PROC/WEB)#
#2026 09 07 11:07:31.656#Z#DEBUG#ee464cf9-aaab-11f1-a0e6-eeee0a85092e.order-app-srv#flowable-async-job-executor-thread-40319#
[PollStartAppStatusExecution] c18fe1fc-36e5-42c6-a94c-691eb977813f [2026-09-07T11:07:24.870446] - /home/vcap/app/node_modules/@sap/cds/lib/srv/middlewares/auth/xssec.js (STDERR, APP/PROC/WEB)#
#2026 09 07 11:07:31.656#Z#DEBUG#ee464cf9-aaab-11f1-a0e6-eeee0a85092e.order-app-srv#flowable-async-job-executor-thread-40319#
[PollStartAppStatusExecution] c18fe1fc-36e5-42c6-a94c-691eb977813f [2026-09-07T11:07:24.870448] - /home/vcap/app/node_modules/@sap/cds/lib/srv/middlewares/auth/jwt-auth.js (STDERR, APP/PROC/WEB)#
#2026 09 07 11:07:31.656#Z#DEBUG#ee464cf9-aaab-11f1-a0e6-eeee0a85092e.order-app-srv#flowable-async-job-executor-thread-40319#
[PollStartAppStatusExecution] c18fe1fc-36e5-42c6-a94c-691eb977813f [2026-09-07T11:07:24.870451] - /home/vcap/app/node_modules/@sap/cds/lib/srv/middlewares/auth/index.js (STDERR, APP/PROC/WEB)#
#2026 09 07 11:07:31.656#Z#DEBUG#ee464cf9-aaab-11f1-a0e6-eeee0a85092e.order-app-srv#flowable-async-job-executor-thread-40319#
[PollStartAppStatusExecution] c18fe1fc-36e5-42c6-a94c-691eb977813f [2026-09-07T11:07:24.870454] - /home/vcap/app/node_modules/@sap/cds/lib/srv/middlewares/index.js (STDERR, APP/PROC/WEB)#
#2026 09 07 11:07:31.656#Z#DEBUG#ee464cf9-aaab-11f1-a0e6-eeee0a85092e.order-app-srv#flowable-async-job-executor-thread-40319#
[PollStartAppStatusExecution] c18fe1fc-36e5-42c6-a94c-691eb977813f [2026-09-07T11:07:24.870457] - /home/vcap/app/node_modules/@sap/cds/lib/index.js (STDERR, APP/PROC/WEB)#
#2026 09 07 11:07:31.656#Z#DEBUG#ee464cf9-aaab-11f1-a0e6-eeee0a85092e.order-app-srv#flowable-async-job-executor-thread-40319#
[PollStartAppStatusExecution] c18fe1fc-36e5-42c6-a94c-691eb977813f [2026-09-07T11:07:24.870460] - /home/vcap/app/node_modules/@sap/cds/bin/serve.js (STDERR, APP/PROC/WEB)#
#2026 09 07 11:07:31.656#Z#DEBUG#ee464cf9-aaab-11f1-a0e6-eeee0a85092e.order-app-srv#flowable-async-job-executor-thread-40319#
[PollStartAppStatusExecution] c18fe1fc-36e5-42c6-a94c-691eb977813f [2026-09-07T11:07:24.870462] at Module._resolveFilename (node:internal/modules/cjs/loader:1517:15) (STDERR, APP/PROC/WEB)#
#2026 09 07 11:07:31.656#Z#DEBUG#ee464cf9-aaab-11f1-a0e6-eeee0a85092e.order-app-srv#flowable-async-job-executor-thread-40319#
[PollStartAppStatusExecution] c18fe1fc-36e5-42c6-a94c-691eb977813f [2026-09-07T11:07:24.870464] at wrapResolveFilename (node:internal/modules/cjs/loader:1071:27) (STDERR, APP/PROC/WEB)#
#2026 09 07 11:07:31.656#Z#DEBUG#ee464cf9-aaab-11f1-a0e6-eeee0a85092e.order-app-srv#flowable-async-job-executor-thread-40319#
[PollStartAppStatusExecution] c18fe1fc-36e5-42c6-a94c-691eb977813f [2026-09-07T11:07:24.870468] at defaultResolveImplForCJSLoading (node:internal/modules/cjs/loader:1095:10) (STDERR, APP/PROC/WEB)#
#2026 09 07 11:07:31.656#Z#DEBUG#ee464cf9-aaab-11f1-a0e6-eeee0a85092e.order-app-srv#flowable-async-job-executor-thread-40319#
[PollStartAppStatusExecution] c18fe1fc-36e5-42c6-a94c-691eb977813f [2026-09-07T11:07:24.870471] at resolveForCJSWithHooks (node:internal/modules/cjs/loader:1122:12) (STDERR, APP/PROC/WEB)#
#2026 09 07 11:07:31.656#Z#DEBUG#ee464cf9-aaab-11f1-a0e6-eeee0a85092e.order-app-srv#flowable-async-job-executor-thread-40319#
[PollStartAppStatusExecution] c18fe1fc-36e5-42c6-a94c-691eb977813f [2026-09-07T11:07:24.870473] at Module._load (node:internal/modules/cjs/loader:1294:5) (STDERR, APP/PROC/WEB)#
#2026 09 07 11:07:31.656#Z#DEBUG#ee464cf9-aaab-11f1-a0e6-eeee0a85092e.order-app-srv#flowable-async-job-executor-thread-40319#
[PollStartAppStatusExecution] c18fe1fc-36e5-42c6-a94c-691eb977813f [2026-09-07T11:07:24.870476] at wrapModuleLoad (node:internal/modules/cjs/loader:255:19) (STDERR, APP/PROC/WEB)#
#2026 09 07 11:07:31.656#Z#DEBUG#ee464cf9-aaab-11f1-a0e6-eeee0a85092e.order-app-srv#flowable-async-job-executor-thread-40319#
[PollStartAppStatusExecution] c18fe1fc-36e5-42c6-a94c-691eb977813f [2026-09-07T11:07:24.870478] at Module.require (node:internal/modules/cjs/loader:1617:12) (STDERR, APP/PROC/WEB)#
#2026 09 07 11:07:31.656#Z#DEBUG#ee464cf9-aaab-11f1-a0e6-eeee0a85092e.order-app-srv#flowable-async-job-executor-thread-40319#
[PollStartAppStatusExecution] c18fe1fc-36e5-42c6-a94c-691eb977813f [2026-09-07T11:07:24.870485] at require (node:internal/modules/helpers:153:16) (STDERR, APP/PROC/WEB)#
#2026 09 07 11:07:31.656#Z#DEBUG#ee464cf9-aaab-11f1-a0e6-eeee0a85092e.order-app-srv#flowable-async-job-executor-thread-40319#
[PollStartAppStatusExecution] c18fe1fc-36e5-42c6-a94c-691eb977813f [2026-09-07T11:07:24.870488] at Object.<anonymous> (/home/vcap/app/node_modules/@sap/cds/lib/srv/middlewares/auth/xssec.js:2:17) (STDERR, APP/PROC/WEB)#
#2026 09 07 11:07:31.656#Z#DEBUG#ee464cf9-aaab-11f1-a0e6-eeee0a85092e.order-app-srv#flowable-async-job-executor-thread-40319#
[PollStartAppStatusExecution] c18fe1fc-36e5-42c6-a94c-691eb977813f [2026-09-07T11:07:24.870490] at Module._compile (node:internal/modules/cjs/loader:1871:14) { (STDERR, APP/PROC/WEB)#
#2026 09 07 11:07:31.656#Z#DEBUG#ee464cf9-aaab-11f1-a0e6-eeee0a85092e.order-app-srv#flowable-async-job-executor-thread-40319#
[PollStartAppStatusExecution] c18fe1fc-36e5-42c6-a94c-691eb977813f [2026-09-07T11:07:24.870492] code: 'MODULE_NOT_FOUND', (STDERR, APP/PROC/WEB)#
#2026 09 07 11:07:31.656#Z#DEBUG#ee464cf9-aaab-11f1-a0e6-eeee0a85092e.order-app-srv#flowable-async-job-executor-thread-40319#
[PollStartAppStatusExecution] c18fe1fc-36e5-42c6-a94c-691eb977813f [2026-09-07T11:07:24.870512] requireStack: [ (STDERR, APP/PROC/WEB)#
#2026 09 07 11:07:31.656#Z#DEBUG#ee464cf9-aaab-11f1-a0e6-eeee0a85092e.order-app-srv#flowable-async-job-executor-thread-40319#
[PollStartAppStatusExecution] c18fe1fc-36e5-42c6-a94c-691eb977813f [2026-09-07T11:07:24.870515] '/home/vcap/app/node_modules/@sap/cds/lib/srv/middlewares/auth/xssec.js', (STDERR, APP/PROC/WEB)#
#2026 09 07 11:07:31.656#Z#DEBUG#ee464cf9-aaab-11f1-a0e6-eeee0a85092e.order-app-srv#flowable-async-job-executor-thread-40319#
[PollStartAppStatusExecution] c18fe1fc-36e5-42c6-a94c-691eb977813f [2026-09-07T11:07:24.870522] '/home/vcap/app/node_modules/@sap/cds/lib/srv/middlewares/auth/jwt-auth.js', (STDERR, APP/PROC/WEB)#
#2026 09 07 11:07:31.656#Z#DEBUG#ee464cf9-aaab-11f1-a0e6-eeee0a85092e.order-app-srv#flowable-async-job-executor-thread-40319#
[PollStartAppStatusExecution] c18fe1fc-36e5-42c6-a94c-691eb977813f [2026-09-07T11:07:24.870525] '/home/vcap/app/node_modules/@sap/cds/lib/srv/middlewares/auth/index.js', (STDERR, APP/PROC/WEB)#
#2026 09 07 11:07:31.656#Z#DEBUG#ee464cf9-aaab-11f1-a0e6-eeee0a85092e.order-app-srv#flowable-async-job-executor-thread-40319#
[PollStartAppStatusExecution] c18fe1fc-36e5-42c6-a94c-691eb977813f [2026-09-07T11:07:24.870529] '/home/vcap/app/node_modules/@sap/cds/lib/srv/middlewares/index.js', (STDERR, APP/PROC/WEB)#
#2026 09 07 11:07:31.656#Z#DEBUG#ee464cf9-aaab-11f1-a0e6-eeee0a85092e.order-app-srv#flowable-async-job-executor-thread-40319#
[PollStartAppStatusExecution] c18fe1fc-36e5-42c6-a94c-691eb977813f [2026-09-07T11:07:24.870531] '/home/vcap/app/node_modules/@sap/cds/lib/index.js', (STDERR, APP/PROC/WEB)#
#2026 09 07 11:07:31.656#Z#DEBUG#ee464cf9-aaab-11f1-a0e6-eeee0a85092e.order-app-srv#flowable-async-job-executor-thread-40319#
[PollStartAppStatusExecution] c18fe1fc-36e5-42c6-a94c-691eb977813f [2026-09-07T11:07:24.870534] '/home/vcap/app/node_modules/@sap/cds/bin/serve.js' (STDERR, APP/PROC/WEB)#
#2026 09 07 11:07:31.656#Z#DEBUG#ee464cf9-aaab-11f1-a0e6-eeee0a85092e.order-app-srv#flowable-async-job-executor-thread-40319#
[PollStartAppStatusExecution] c18fe1fc-36e5-42c6-a94c-691eb977813f [2026-09-07T11:07:24.870536] ] (STDERR, APP/PROC/WEB)#
#2026 09 07 11:07:31.656#Z#DEBUG#ee464cf9-aaab-11f1-a0e6-eeee0a85092e.order-app-srv#flowable-async-job-executor-thread-40319#
[PollStartAppStatusExecution] c18fe1fc-36e5-42c6-a94c-691eb977813f [2026-09-07T11:07:24.870539] } (STDERR, APP/PROC/WEB)#
#2026 09 07 11:07:31.656#Z#DEBUG#ee464cf9-aaab-11f1-a0e6-eeee0a85092e.order-app-srv#flowable-async-job-executor-thread-40319#
[PollStartAppStatusExecution] c18fe1fc-36e5-42c6-a94c-691eb977813f [2026-09-07T11:07:24.870541] Node.js v24.18.0 (STDERR, APP/PROC/WEB)#
#2026 09 07 11:07:31.656#Z#DEBUG#ee464cf9-aaab-11f1-a0e6-eeee0a85092e.order-app-srv#flowable-async-job-executor-thread-40319#
[PollStartAppStatusExecution] c18fe1fc-36e5-42c6-a94c-691eb977813f [2026-09-07T11:07:24.890044] npm notice (STDERR, APP/PROC/WEB)#
#2026 09 07 11:07:31.656#Z#DEBUG#ee464cf9-aaab-11f1-a0e6-eeee0a85092e.order-app-srv#flowable-async-job-executor-thread-40319#
[PollStartAppStatusExecution] c18fe1fc-36e5-42c6-a94c-691eb977813f [2026-09-07T11:07:24.890076] npm notice New major version of npm available! 11.16.0 -> 12.0.2 (STDERR, APP/PROC/WEB)#
#2026 09 07 11:07:31.656#Z#DEBUG#ee464cf9-aaab-11f1-a0e6-eeee0a85092e.order-app-srv#flowable-async-job-executor-thread-40319#
[PollStartAppStatusExecution] c18fe1fc-36e5-42c6-a94c-691eb977813f [2026-09-07T11:07:24.890087] npm notice Changelog: https://github.com/npm/cli/releases/tag/v12.0.2 (STDERR, APP/PROC/WEB)#
#2026 09 07 11:07:31.656#Z#DEBUG#ee464cf9-aaab-11f1-a0e6-eeee0a85092e.order-app-srv#flowable-async-job-executor-thread-40319#
[PollStartAppStatusExecution] c18fe1fc-36e5-42c6-a94c-691eb977813f [2026-09-07T11:07:24.890091] npm notice To update run: npm install -g npm@12.0.2 (STDERR, APP/PROC/WEB)#
#2026 09 07 11:07:31.656#Z#DEBUG#ee464cf9-aaab-11f1-a0e6-eeee0a85092e.order-app-srv#flowable-async-job-executor-thread-40319#
[PollStartAppStatusExecution] c18fe1fc-36e5-42c6-a94c-691eb977813f [2026-09-07T11:07:24.890141] npm notice (STDERR, APP/PROC/WEB)#
#2026 09 07 11:07:31.656#Z#DEBUG#ee464cf9-aaab-11f1-a0e6-eeee0a85092e.order-app-srv#flowable-async-job-executor-thread-40319#
[PollStartAppStatusExecution] c18fe1fc-36e5-42c6-a94c-691eb977813f [2026-09-07T11:07:24.970430] Exit status 1 (STDOUT, APP/PROC/WEB)#
#2026 09 07 11:07:41.740#Z#DEBUG#ee464cf9-aaab-11f1-a0e6-eeee0a85092e.order-app-srv#flowable-async-job-executor-thread-40323#
[PollStartAppStatusExecution] c18fe1fc-36e5-42c6-a94c-691eb977813f [2026-09-07T11:07:31.632465] Process has crashed with type: "web" (STDOUT, API)#
#2026 09 07 11:07:41.740#Z#DEBUG#ee464cf9-aaab-11f1-a0e6-eeee0a85092e.order-app-srv#flowable-async-job-executor-thread-40323#
[PollStartAppStatusExecution] c18fe1fc-36e5-42c6-a94c-691eb977813f [2026-09-07T11:07:31.645528] App instance exited with guid c18fe1fc-36e5-42c6-a94c-691eb977813f payload: {"instance"=>"69688785-d840-4694-638f-0e4f", "index"=>0, "cell_id"=>"c839c7b1-088e-41af-b9b7-66256aacd457", "reason"=>"CRASHED", "exit_description"=>"APP/PROC/WEB: Exited with status 1", "crash_count"=>2, "crash_timestamp"=>1788779251610457174, "version"=>"c89cf547-3014-449e-9059-49ff6a6c338c"} (STDOUT, API)#
#2026 09 07 11:07:41.740#Z#DEBUG#ee464cf9-aaab-11f1-a0e6-eeee0a85092e.order-app-srv#flowable-async-job-executor-thread-40323#
[PollStartAppStatusExecution] c18fe1fc-36e5-42c6-a94c-691eb977813f [2026-09-07T11:07:31.719149] Cell c839c7b1-088e-41af-b9b7-66256aacd457 stopping instance 69688785-d840-4694-638f-0e4f (STDOUT, CELL)#
#2026 09 07 11:07:41.740#Z#DEBUG#ee464cf9-aaab-11f1-a0e6-eeee0a85092e.order-app-srv#flowable-async-job-executor-thread-40323#
[PollStartAppStatusExecution] c18fe1fc-36e5-42c6-a94c-691eb977813f [2026-09-07T11:07:31.719195] Cell c839c7b1-088e-41af-b9b7-66256aacd457 destroying container for instance 69688785-d840-4694-638f-0e4f (STDOUT, CELL)#
#2026 09 07 11:07:41.740#Z#DEBUG#ee464cf9-aaab-11f1-a0e6-eeee0a85092e.order-app-srv#flowable-async-job-executor-thread-40323#
[PollStartAppStatusExecution] c18fe1fc-36e5-42c6-a94c-691eb977813f [2026-09-07T11:07:31.924478] Exit status 137 (STDOUT, PROXY)#
#2026 09 07 11:07:41.740#Z#DEBUG#ee464cf9-aaab-11f1-a0e6-eeee0a85092e.order-app-srv#flowable-async-job-executor-thread-40323#
[PollStartAppStatusExecution] c18fe1fc-36e5-42c6-a94c-691eb977813f [2026-09-07T11:07:31.976299] Cell d1cc041a-d5a1-41d6-b9f6-6cda736ce3f0 creating container for instance 52b7a01a-e0c6-49e4-55b4-a571 (STDOUT, CELL)#
#2026 09 07 11:07:41.740#Z#DEBUG#ee464cf9-aaab-11f1-a0e6-eeee0a85092e.order-app-srv#flowable-async-job-executor-thread-40323#
[PollStartAppStatusExecution] c18fe1fc-36e5-42c6-a94c-691eb977813f [2026-09-07T11:07:32.735569] Security group rules were updated (STDOUT, CELL)#
#2026 09 07 11:07:41.740#Z#DEBUG#ee464cf9-aaab-11f1-a0e6-eeee0a85092e.order-app-srv#flowable-async-job-executor-thread-40323#
[PollStartAppStatusExecution] c18fe1fc-36e5-42c6-a94c-691eb977813f [2026-09-07T11:07:32.819279] Cell d1cc041a-d5a1-41d6-b9f6-6cda736ce3f0 successfully created container for instance 52b7a01a-e0c6-49e4-55b4-a571 (STDOUT, CELL)#
#2026 09 07 11:07:41.740#Z#DEBUG#ee464cf9-aaab-11f1-a0e6-eeee0a85092e.order-app-srv#flowable-async-job-executor-thread-40323#
[PollStartAppStatusExecution] c18fe1fc-36e5-42c6-a94c-691eb977813f [2026-09-07T11:07:33.337441] Downloading droplet... (STDOUT, CELL)#
#2026 09 07 11:07:41.740#Z#DEBUG#ee464cf9-aaab-11f1-a0e6-eeee0a85092e.order-app-srv#flowable-async-job-executor-thread-40323#
[PollStartAppStatusExecution] c18fe1fc-36e5-42c6-a94c-691eb977813f [2026-09-07T11:07:34.039465] Cell c839c7b1-088e-41af-b9b7-66256aacd457 successfully destroyed container for instance 69688785-d840-4694-638f-0e4f (STDOUT, CELL)#
#2026 09 07 11:07:41.740#Z#DEBUG#ee464cf9-aaab-11f1-a0e6-eeee0a85092e.order-app-srv#flowable-async-job-executor-thread-40323#
[PollStartAppStatusExecution] c18fe1fc-36e5-42c6-a94c-691eb977813f [2026-09-07T11:07:34.523833] Downloaded droplet (STDOUT, CELL)#
#2026 09 07 11:07:41.740#Z#DEBUG#ee464cf9-aaab-11f1-a0e6-eeee0a85092e.order-app-srv#flowable-async-job-executor-thread-40323#
[PollStartAppStatusExecution] c18fe1fc-36e5-42c6-a94c-691eb977813f [2026-09-07T11:07:34.524036] Starting health monitoring of container (STDOUT, CELL)#
#2026 09 07 11:07:41.740#Z#DEBUG#ee464cf9-aaab-11f1-a0e6-eeee0a85092e.order-app-srv#flowable-async-job-executor-thread-40323#
[PollStartAppStatusExecution] c18fe1fc-36e5-42c6-a94c-691eb977813f [2026-09-07T11:07:34.663018] Invoking pre-start scripts. (STDOUT, APP/PROC/WEB)#
#2026 09 07 11:07:41.740#Z#DEBUG#ee464cf9-aaab-11f1-a0e6-eeee0a85092e.order-app-srv#flowable-async-job-executor-thread-40323#
[PollStartAppStatusExecution] c18fe1fc-36e5-42c6-a94c-691eb977813f [2026-09-07T11:07:34.894414] Invoking start command. (STDOUT, APP/PROC/WEB)#
#2026 09 07 11:07:41.740#Z#DEBUG#ee464cf9-aaab-11f1-a0e6-eeee0a85092e.order-app-srv#flowable-async-job-executor-thread-40323#
[PollStartAppStatusExecution] c18fe1fc-36e5-42c6-a94c-691eb977813f [2026-09-07T11:07:35.338689] > order-app@1.0.0 start (STDOUT, APP/PROC/WEB)#
#2026 09 07 11:07:41.740#Z#DEBUG#ee464cf9-aaab-11f1-a0e6-eeee0a85092e.order-app-srv#flowable-async-job-executor-thread-40323#
[PollStartAppStatusExecution] c18fe1fc-36e5-42c6-a94c-691eb977813f [2026-09-07T11:07:35.338726] > cds-serve (STDOUT, APP/PROC/WEB)#
#2026 09 07 11:07:41.740#Z#DEBUG#ee464cf9-aaab-11f1-a0e6-eeee0a85092e.order-app-srv#flowable-async-job-executor-thread-40323#
[PollStartAppStatusExecution] c18fe1fc-36e5-42c6-a94c-691eb977813f [2026-09-07T11:07:35.635932] {"level":"info","logger":"cds","timestamp":"2026-09-07T11:07:35.634Z","layer":"cds","component_type":"application","container_id":"10.32.1.5","component_id":"c18fe1fc-36e5-42c6-a94c-691eb977813f","component_name":"order-app-srv","component_instance":0,"source_instance":0,"organization_name":"d0df43b9trial","organization_id":"188e7b36-f870-46ac-b4b4-fcdce414afb1","space_name":"dev","space_id":"383e080d-c4c5-4598-b9e9-72e78ff581ba","msg":"loaded model from 1 file(s):\n ","type":"log"} (STDOUT, APP/PROC/WEB)#
#2026 09 07 11:07:41.740#Z#DEBUG#ee464cf9-aaab-11f1-a0e6-eeee0a85092e.order-app-srv#flowable-async-job-executor-thread-40323#
[PollStartAppStatusExecution] c18fe1fc-36e5-42c6-a94c-691eb977813f [2026-09-07T11:07:35.636329] srv/csn.json (STDOUT, APP/PROC/WEB)#
#2026 09 07 11:07:41.740#Z#DEBUG#ee464cf9-aaab-11f1-a0e6-eeee0a85092e.order-app-srv#flowable-async-job-executor-thread-40323#
[PollStartAppStatusExecution] c18fe1fc-36e5-42c6-a94c-691eb977813f [2026-09-07T11:07:35.851241] {"level":"info","logger":"cds","timestamp":"2026-09-07T11:07:35.850Z","layer":"cds","component_type":"application","container_id":"10.32.1.5","component_id":"c18fe1fc-36e5-42c6-a94c-691eb977813f","component_name":"order-app-srv","component_instance":0,"source_instance":0,"organization_name":"d0df43b9trial","organization_id":"188e7b36-f870-46ac-b4b4-fcdce414afb1","space_name":"dev","space_id":"383e080d-c4c5-4598-b9e9-72e78ff581ba","msg":"connect to db > hana {\n  database_id: '26160d64-6f37-4efa-b584-ec2ead369fa1',\n  host: '26160d64-6f37-4efa-b584-ec2ead369fa1.hna0.prod-us10.hanacloud.ondemand.com',\n  port: '443',\n  driver: 'com.sap.db.jdbc.Driver',\n  url: 'jdbc:sap://26160d64-6f37-4efa-b584-ec2ead369fa1.hna0.prod-us10.hanacloud.ondemand.com:443?encrypt=true&validateCertificate=true&currentschema=75964680DA0B4C82840C1BA9494A874F',\n  schema: '75964680DA0B4C82840C1BA9494A874F',\n  certificate: '...',\n  hdi_user: '75964680DA0B4C82840C1BA9494A874F_C5QBNMQINUJ6JSPOZA8LTIZQX_DT',\n  hdi_password: '...',\n  user: '75964680DA0B4C82840C1BA9494A874F_C5QBNMQINUJ6JSPOZA8LTIZQX_RT',\n  password: '...'\n}","type":"log"} (STDOUT, APP/PROC/WEB)#
#2026 09 07 11:07:41.740#Z#DEBUG#ee464cf9-aaab-11f1-a0e6-eeee0a85092e.order-app-srv#flowable-async-job-executor-thread-40323#
[PollStartAppStatusExecution] c18fe1fc-36e5-42c6-a94c-691eb977813f [2026-09-07T11:07:35.885854] {"level":"info","logger":"cds","timestamp":"2026-09-07T11:07:35.885Z","layer":"cds","component_type":"application","container_id":"10.32.1.5","component_id":"c18fe1fc-36e5-42c6-a94c-691eb977813f","component_name":"order-app-srv","component_instance":0,"source_instance":0,"organization_name":"d0df43b9trial","organization_id":"188e7b36-f870-46ac-b4b4-fcdce414afb1","space_name":"dev","space_id":"383e080d-c4c5-4598-b9e9-72e78ff581ba","msg":"using auth strategy { kind: 'jwt' }","type":"log"} (STDOUT, APP/PROC/WEB)#
#2026 09 07 11:07:41.740#Z#DEBUG#ee464cf9-aaab-11f1-a0e6-eeee0a85092e.order-app-srv#flowable-async-job-executor-thread-40323#
[PollStartAppStatusExecution] c18fe1fc-36e5-42c6-a94c-691eb977813f [2026-09-07T11:07:35.888067] node:internal/modules/cjs/loader:1517 (STDERR, APP/PROC/WEB)#
#2026 09 07 11:07:41.740#Z#DEBUG#ee464cf9-aaab-11f1-a0e6-eeee0a85092e.order-app-srv#flowable-async-job-executor-thread-40323#
[PollStartAppStatusExecution] c18fe1fc-36e5-42c6-a94c-691eb977813f [2026-09-07T11:07:35.888105] const err = new Error(message); (STDERR, APP/PROC/WEB)#
#2026 09 07 11:07:41.740#Z#DEBUG#ee464cf9-aaab-11f1-a0e6-eeee0a85092e.order-app-srv#flowable-async-job-executor-thread-40323#
[PollStartAppStatusExecution] c18fe1fc-36e5-42c6-a94c-691eb977813f [2026-09-07T11:07:35.888111] ^ (STDERR, APP/PROC/WEB)#
#2026 09 07 11:07:41.740#Z#DEBUG#ee464cf9-aaab-11f1-a0e6-eeee0a85092e.order-app-srv#flowable-async-job-executor-thread-40323#
[PollStartAppStatusExecution] c18fe1fc-36e5-42c6-a94c-691eb977813f [2026-09-07T11:07:35.888115] Error: Cannot find '@sap/xssec'. Make sure to install it with 'npm i @sap/xssec' (STDERR, APP/PROC/WEB)#
#2026 09 07 11:07:41.740#Z#DEBUG#ee464cf9-aaab-11f1-a0e6-eeee0a85092e.order-app-srv#flowable-async-job-executor-thread-40323#
[PollStartAppStatusExecution] c18fe1fc-36e5-42c6-a94c-691eb977813f [2026-09-07T11:07:35.888119] Cannot find module '@sap/xssec' (STDERR, APP/PROC/WEB)#
#2026 09 07 11:07:41.740#Z#DEBUG#ee464cf9-aaab-11f1-a0e6-eeee0a85092e.order-app-srv#flowable-async-job-executor-thread-40323#
[PollStartAppStatusExecution] c18fe1fc-36e5-42c6-a94c-691eb977813f [2026-09-07T11:07:35.888121] Require stack: (STDERR, APP/PROC/WEB)#
#2026 09 07 11:07:41.740#Z#DEBUG#ee464cf9-aaab-11f1-a0e6-eeee0a85092e.order-app-srv#flowable-async-job-executor-thread-40323#
[PollStartAppStatusExecution] c18fe1fc-36e5-42c6-a94c-691eb977813f [2026-09-07T11:07:35.888124] - /home/vcap/app/node_modules/@sap/cds/lib/srv/middlewares/auth/xssec.js (STDERR, APP/PROC/WEB)#
#2026 09 07 11:07:41.740#Z#DEBUG#ee464cf9-aaab-11f1-a0e6-eeee0a85092e.order-app-srv#flowable-async-job-executor-thread-40323#
[PollStartAppStatusExecution] c18fe1fc-36e5-42c6-a94c-691eb977813f [2026-09-07T11:07:35.888127] - /home/vcap/app/node_modules/@sap/cds/lib/srv/middlewares/auth/jwt-auth.js (STDERR, APP/PROC/WEB)#
#2026 09 07 11:07:41.740#Z#DEBUG#ee464cf9-aaab-11f1-a0e6-eeee0a85092e.order-app-srv#flowable-async-job-executor-thread-40323#
[PollStartAppStatusExecution] c18fe1fc-36e5-42c6-a94c-691eb977813f [2026-09-07T11:07:35.888129] - /home/vcap/app/node_modules/@sap/cds/lib/srv/middlewares/auth/index.js (STDERR, APP/PROC/WEB)#
#2026 09 07 11:07:41.740#Z#DEBUG#ee464cf9-aaab-11f1-a0e6-eeee0a85092e.order-app-srv#flowable-async-job-executor-thread-40323#
[PollStartAppStatusExecution] c18fe1fc-36e5-42c6-a94c-691eb977813f [2026-09-07T11:07:35.888131] - /home/vcap/app/node_modules/@sap/cds/lib/srv/middlewares/index.js (STDERR, APP/PROC/WEB)#
#2026 09 07 11:07:41.740#Z#DEBUG#ee464cf9-aaab-11f1-a0e6-eeee0a85092e.order-app-srv#flowable-async-job-executor-thread-40323#
[PollStartAppStatusExecution] c18fe1fc-36e5-42c6-a94c-691eb977813f [2026-09-07T11:07:35.888135] - /home/vcap/app/node_modules/@sap/cds/lib/index.js (STDERR, APP/PROC/WEB)#
#2026 09 07 11:07:41.740#Z#DEBUG#ee464cf9-aaab-11f1-a0e6-eeee0a85092e.order-app-srv#flowable-async-job-executor-thread-40323#
[PollStartAppStatusExecution] c18fe1fc-36e5-42c6-a94c-691eb977813f [2026-09-07T11:07:35.888137] - /home/vcap/app/node_modules/@sap/cds/bin/serve.js (STDERR, APP/PROC/WEB)#
#2026 09 07 11:07:41.740#Z#DEBUG#ee464cf9-aaab-11f1-a0e6-eeee0a85092e.order-app-srv#flowable-async-job-executor-thread-40323#
[PollStartAppStatusExecution] c18fe1fc-36e5-42c6-a94c-691eb977813f [2026-09-07T11:07:35.888139] at Module._resolveFilename (node:internal/modules/cjs/loader:1517:15) (STDERR, APP/PROC/WEB)#
#2026 09 07 11:07:41.740#Z#DEBUG#ee464cf9-aaab-11f1-a0e6-eeee0a85092e.order-app-srv#flowable-async-job-executor-thread-40323#
[PollStartAppStatusExecution] c18fe1fc-36e5-42c6-a94c-691eb977813f [2026-09-07T11:07:35.888142] at wrapResolveFilename (node:internal/modules/cjs/loader:1071:27) (STDERR, APP/PROC/WEB)#
#2026 09 07 11:07:41.740#Z#DEBUG#ee464cf9-aaab-11f1-a0e6-eeee0a85092e.order-app-srv#flowable-async-job-executor-thread-40323#
[PollStartAppStatusExecution] c18fe1fc-36e5-42c6-a94c-691eb977813f [2026-09-07T11:07:35.888148] at defaultResolveImplForCJSLoading (node:internal/modules/cjs/loader:1095:10) (STDERR, APP/PROC/WEB)#
#2026 09 07 11:07:41.740#Z#DEBUG#ee464cf9-aaab-11f1-a0e6-eeee0a85092e.order-app-srv#flowable-async-job-executor-thread-40323#
[PollStartAppStatusExecution] c18fe1fc-36e5-42c6-a94c-691eb977813f [2026-09-07T11:07:35.888150] at resolveForCJSWithHooks (node:internal/modules/cjs/loader:1122:12) (STDERR, APP/PROC/WEB)#
#2026 09 07 11:07:41.740#Z#DEBUG#ee464cf9-aaab-11f1-a0e6-eeee0a85092e.order-app-srv#flowable-async-job-executor-thread-40323#
[PollStartAppStatusExecution] c18fe1fc-36e5-42c6-a94c-691eb977813f [2026-09-07T11:07:35.888153] at Module._load (node:internal/modules/cjs/loader:1294:5) (STDERR, APP/PROC/WEB)#
#2026 09 07 11:07:41.740#Z#DEBUG#ee464cf9-aaab-11f1-a0e6-eeee0a85092e.order-app-srv#flowable-async-job-executor-thread-40323#
[PollStartAppStatusExecution] c18fe1fc-36e5-42c6-a94c-691eb977813f [2026-09-07T11:07:35.888155] at wrapModuleLoad (node:internal/modules/cjs/loader:255:19) (STDERR, APP/PROC/WEB)#
#2026 09 07 11:07:41.740#Z#DEBUG#ee464cf9-aaab-11f1-a0e6-eeee0a85092e.order-app-srv#flowable-async-job-executor-thread-40323#
[PollStartAppStatusExecution] c18fe1fc-36e5-42c6-a94c-691eb977813f [2026-09-07T11:07:35.888158] at Module.require (node:internal/modules/cjs/loader:1617:12) (STDERR, APP/PROC/WEB)#
#2026 09 07 11:07:41.740#Z#DEBUG#ee464cf9-aaab-11f1-a0e6-eeee0a85092e.order-app-srv#flowable-async-job-executor-thread-40323#
[PollStartAppStatusExecution] c18fe1fc-36e5-42c6-a94c-691eb977813f [2026-09-07T11:07:35.888160] at require (node:internal/modules/helpers:153:16) (STDERR, APP/PROC/WEB)#
#2026 09 07 11:07:41.740#Z#DEBUG#ee464cf9-aaab-11f1-a0e6-eeee0a85092e.order-app-srv#flowable-async-job-executor-thread-40323#
[PollStartAppStatusExecution] c18fe1fc-36e5-42c6-a94c-691eb977813f [2026-09-07T11:07:35.888163] at Object.<anonymous> (/home/vcap/app/node_modules/@sap/cds/lib/srv/middlewares/auth/xssec.js:2:17) (STDERR, APP/PROC/WEB)#
#2026 09 07 11:07:41.740#Z#DEBUG#ee464cf9-aaab-11f1-a0e6-eeee0a85092e.order-app-srv#flowable-async-job-executor-thread-40323#
[PollStartAppStatusExecution] c18fe1fc-36e5-42c6-a94c-691eb977813f [2026-09-07T11:07:35.888166] at Module._compile (node:internal/modules/cjs/loader:1871:14) { (STDERR, APP/PROC/WEB)#
#2026 09 07 11:07:41.740#Z#DEBUG#ee464cf9-aaab-11f1-a0e6-eeee0a85092e.order-app-srv#flowable-async-job-executor-thread-40323#
[PollStartAppStatusExecution] c18fe1fc-36e5-42c6-a94c-691eb977813f [2026-09-07T11:07:35.888168] code: 'MODULE_NOT_FOUND', (STDERR, APP/PROC/WEB)#
#2026 09 07 11:07:41.740#Z#DEBUG#ee464cf9-aaab-11f1-a0e6-eeee0a85092e.order-app-srv#flowable-async-job-executor-thread-40323#
[PollStartAppStatusExecution] c18fe1fc-36e5-42c6-a94c-691eb977813f [2026-09-07T11:07:35.888170] requireStack: [ (STDERR, APP/PROC/WEB)#
#2026 09 07 11:07:41.740#Z#DEBUG#ee464cf9-aaab-11f1-a0e6-eeee0a85092e.order-app-srv#flowable-async-job-executor-thread-40323#
[PollStartAppStatusExecution] c18fe1fc-36e5-42c6-a94c-691eb977813f [2026-09-07T11:07:35.888173] '/home/vcap/app/node_modules/@sap/cds/lib/srv/middlewares/auth/xssec.js', (STDERR, APP/PROC/WEB)#
#2026 09 07 11:07:41.740#Z#DEBUG#ee464cf9-aaab-11f1-a0e6-eeee0a85092e.order-app-srv#flowable-async-job-executor-thread-40323#
[PollStartAppStatusExecution] c18fe1fc-36e5-42c6-a94c-691eb977813f [2026-09-07T11:07:35.888175] '/home/vcap/app/node_modules/@sap/cds/lib/srv/middlewares/auth/jwt-auth.js', (STDERR, APP/PROC/WEB)#
#2026 09 07 11:07:41.740#Z#DEBUG#ee464cf9-aaab-11f1-a0e6-eeee0a85092e.order-app-srv#flowable-async-job-executor-thread-40323#
[PollStartAppStatusExecution] c18fe1fc-36e5-42c6-a94c-691eb977813f [2026-09-07T11:07:35.888177] '/home/vcap/app/node_modules/@sap/cds/lib/srv/middlewares/auth/index.js', (STDERR, APP/PROC/WEB)#
#2026 09 07 11:07:41.740#Z#DEBUG#ee464cf9-aaab-11f1-a0e6-eeee0a85092e.order-app-srv#flowable-async-job-executor-thread-40323#
[PollStartAppStatusExecution] c18fe1fc-36e5-42c6-a94c-691eb977813f [2026-09-07T11:07:35.888183] '/home/vcap/app/node_modules/@sap/cds/lib/srv/middlewares/index.js', (STDERR, APP/PROC/WEB)#
#2026 09 07 11:07:41.740#Z#DEBUG#ee464cf9-aaab-11f1-a0e6-eeee0a85092e.order-app-srv#flowable-async-job-executor-thread-40323#
[PollStartAppStatusExecution] c18fe1fc-36e5-42c6-a94c-691eb977813f [2026-09-07T11:07:35.888196] '/home/vcap/app/node_modules/@sap/cds/lib/index.js', (STDERR, APP/PROC/WEB)#
#2026 09 07 11:07:41.740#Z#DEBUG#ee464cf9-aaab-11f1-a0e6-eeee0a85092e.order-app-srv#flowable-async-job-executor-thread-40323#
[PollStartAppStatusExecution] c18fe1fc-36e5-42c6-a94c-691eb977813f [2026-09-07T11:07:35.888198] '/home/vcap/app/node_modules/@sap/cds/bin/serve.js' (STDERR, APP/PROC/WEB)#
#2026 09 07 11:07:41.740#Z#DEBUG#ee464cf9-aaab-11f1-a0e6-eeee0a85092e.order-app-srv#flowable-async-job-executor-thread-40323#
[PollStartAppStatusExecution] c18fe1fc-36e5-42c6-a94c-691eb977813f [2026-09-07T11:07:35.888200] ] (STDERR, APP/PROC/WEB)#
#2026 09 07 11:07:41.740#Z#DEBUG#ee464cf9-aaab-11f1-a0e6-eeee0a85092e.order-app-srv#flowable-async-job-executor-thread-40323#
[PollStartAppStatusExecution] c18fe1fc-36e5-42c6-a94c-691eb977813f [2026-09-07T11:07:35.888203] } (STDERR, APP/PROC/WEB)#
#2026 09 07 11:07:41.740#Z#DEBUG#ee464cf9-aaab-11f1-a0e6-eeee0a85092e.order-app-srv#flowable-async-job-executor-thread-40323#
[PollStartAppStatusExecution] c18fe1fc-36e5-42c6-a94c-691eb977813f [2026-09-07T11:07:35.888205] Node.js v24.18.0 (STDERR, APP/PROC/WEB)#
#2026 09 07 11:07:41.740#Z#DEBUG#ee464cf9-aaab-11f1-a0e6-eeee0a85092e.order-app-srv#flowable-async-job-executor-thread-40323#
[PollStartAppStatusExecution] c18fe1fc-36e5-42c6-a94c-691eb977813f [2026-09-07T11:07:35.908470] npm notice (STDERR, APP/PROC/WEB)#
#2026 09 07 11:07:41.740#Z#DEBUG#ee464cf9-aaab-11f1-a0e6-eeee0a85092e.order-app-srv#flowable-async-job-executor-thread-40323#
[PollStartAppStatusExecution] c18fe1fc-36e5-42c6-a94c-691eb977813f [2026-09-07T11:07:35.908507] npm notice New major version of npm available! 11.16.0 -> 12.0.2 (STDERR, APP/PROC/WEB)#
#2026 09 07 11:07:41.740#Z#DEBUG#ee464cf9-aaab-11f1-a0e6-eeee0a85092e.order-app-srv#flowable-async-job-executor-thread-40323#
[PollStartAppStatusExecution] c18fe1fc-36e5-42c6-a94c-691eb977813f [2026-09-07T11:07:35.908518] npm notice Changelog: https://github.com/npm/cli/releases/tag/v12.0.2 (STDERR, APP/PROC/WEB)#
#2026 09 07 11:07:41.740#Z#DEBUG#ee464cf9-aaab-11f1-a0e6-eeee0a85092e.order-app-srv#flowable-async-job-executor-thread-40323#
[PollStartAppStatusExecution] c18fe1fc-36e5-42c6-a94c-691eb977813f [2026-09-07T11:07:35.908522] npm notice To update run: npm install -g npm@12.0.2 (STDERR, APP/PROC/WEB)#
#2026 09 07 11:07:41.740#Z#DEBUG#ee464cf9-aaab-11f1-a0e6-eeee0a85092e.order-app-srv#flowable-async-job-executor-thread-40323#
[PollStartAppStatusExecution] c18fe1fc-36e5-42c6-a94c-691eb977813f [2026-09-07T11:07:35.908525] npm notice (STDERR, APP/PROC/WEB)#
#2026 09 07 11:07:41.740#Z#DEBUG#ee464cf9-aaab-11f1-a0e6-eeee0a85092e.order-app-srv#flowable-async-job-executor-thread-40323#
[PollStartAppStatusExecution] c18fe1fc-36e5-42c6-a94c-691eb977813f [2026-09-07T11:07:35.986893] Exit status 1 (STDOUT, APP/PROC/WEB)#
#2026 09 07 11:07:51.755#Z#DEBUG#ee464cf9-aaab-11f1-a0e6-eeee0a85092e.order-app-srv#flowable-async-job-executor-thread-14073#
[PollStartAppStatusExecution] c18fe1fc-36e5-42c6-a94c-691eb977813f [2026-09-07T11:07:42.936601] Cell d1cc041a-d5a1-41d6-b9f6-6cda736ce3f0 stopping instance 52b7a01a-e0c6-49e4-55b4-a571 (STDOUT, CELL)#
#2026 09 07 11:07:51.755#Z#DEBUG#ee464cf9-aaab-11f1-a0e6-eeee0a85092e.order-app-srv#flowable-async-job-executor-thread-14073#
[PollStartAppStatusExecution] c18fe1fc-36e5-42c6-a94c-691eb977813f [2026-09-07T11:07:42.936654] Cell d1cc041a-d5a1-41d6-b9f6-6cda736ce3f0 destroying container for instance 52b7a01a-e0c6-49e4-55b4-a571 (STDOUT, CELL)#
#2026 09 07 11:07:51.755#Z#DEBUG#ee464cf9-aaab-11f1-a0e6-eeee0a85092e.order-app-srv#flowable-async-job-executor-thread-14073#
[PollStartAppStatusExecution] c18fe1fc-36e5-42c6-a94c-691eb977813f [2026-09-07T11:07:43.032736] Process has crashed with type: "web" (STDOUT, API)#
#2026 09 07 11:07:51.755#Z#DEBUG#ee464cf9-aaab-11f1-a0e6-eeee0a85092e.order-app-srv#flowable-async-job-executor-thread-14073#
[PollStartAppStatusExecution] c18fe1fc-36e5-42c6-a94c-691eb977813f [2026-09-07T11:07:43.047191] App instance exited with guid c18fe1fc-36e5-42c6-a94c-691eb977813f payload: {"instance"=>"52b7a01a-e0c6-49e4-55b4-a571", "index"=>0, "cell_id"=>"d1cc041a-d5a1-41d6-b9f6-6cda736ce3f0", "reason"=>"CRASHED", "exit_description"=>"APP/PROC/WEB: Exited with status 1", "crash_count"=>3, "crash_timestamp"=>1788779262932725463, "version"=>"c89cf547-3014-449e-9059-49ff6a6c338c"} (STDOUT, API)#
#2026 09 07 11:07:51.755#Z#DEBUG#ee464cf9-aaab-11f1-a0e6-eeee0a85092e.order-app-srv#flowable-async-job-executor-thread-14073#
[PollStartAppStatusExecution] c18fe1fc-36e5-42c6-a94c-691eb977813f [2026-09-07T11:07:43.146934] Exit status 137 (STDOUT, PROXY)#
#2026 09 07 11:07:51.755#Z#DEBUG#ee464cf9-aaab-11f1-a0e6-eeee0a85092e.order-app-srv#flowable-async-job-executor-thread-14073#
[PollStartAppStatusExecution] c18fe1fc-36e5-42c6-a94c-691eb977813f [2026-09-07T11:07:45.357591] Cell d1cc041a-d5a1-41d6-b9f6-6cda736ce3f0 successfully destroyed container for instance 52b7a01a-e0c6-49e4-55b4-a571 (STDOUT, CELL)#
#2026 09 07 11:08:01.770#Z#DEBUG#ee464cf9-aaab-11f1-a0e6-eeee0a85092e.order-app-srv#flowable-async-job-executor-thread-40341#
[PollStartAppStatusExecution] c18fe1fc-36e5-42c6-a94c-691eb977813f [2026-09-07T11:07:42.936601] Cell d1cc041a-d5a1-41d6-b9f6-6cda736ce3f0 stopping instance 52b7a01a-e0c6-49e4-55b4-a571 (STDOUT, CELL)#
#2026 09 07 11:08:01.770#Z#DEBUG#ee464cf9-aaab-11f1-a0e6-eeee0a85092e.order-app-srv#flowable-async-job-executor-thread-40341#
[PollStartAppStatusExecution] c18fe1fc-36e5-42c6-a94c-691eb977813f [2026-09-07T11:07:42.936654] Cell d1cc041a-d5a1-41d6-b9f6-6cda736ce3f0 destroying container for instance 52b7a01a-e0c6-49e4-55b4-a571 (STDOUT, CELL)#
#2026 09 07 11:08:01.770#Z#DEBUG#ee464cf9-aaab-11f1-a0e6-eeee0a85092e.order-app-srv#flowable-async-job-executor-thread-40341#
[PollStartAppStatusExecution] c18fe1fc-36e5-42c6-a94c-691eb977813f [2026-09-07T11:07:43.032736] Process has crashed with type: "web" (STDOUT, API)#
#2026 09 07 11:08:01.770#Z#DEBUG#ee464cf9-aaab-11f1-a0e6-eeee0a85092e.order-app-srv#flowable-async-job-executor-thread-40341#
[PollStartAppStatusExecution] c18fe1fc-36e5-42c6-a94c-691eb977813f [2026-09-07T11:07:43.047191] App instance exited with guid c18fe1fc-36e5-42c6-a94c-691eb977813f payload: {"instance"=>"52b7a01a-e0c6-49e4-55b4-a571", "index"=>0, "cell_id"=>"d1cc041a-d5a1-41d6-b9f6-6cda736ce3f0", "reason"=>"CRASHED", "exit_description"=>"APP/PROC/WEB: Exited with status 1", "crash_count"=>3, "crash_timestamp"=>1788779262932725463, "version"=>"c89cf547-3014-449e-9059-49ff6a6c338c"} (STDOUT, API)#
#2026 09 07 11:08:01.770#Z#DEBUG#ee464cf9-aaab-11f1-a0e6-eeee0a85092e.order-app-srv#flowable-async-job-executor-thread-40341#
[PollStartAppStatusExecution] c18fe1fc-36e5-42c6-a94c-691eb977813f [2026-09-07T11:07:43.146934] Exit status 137 (STDOUT, PROXY)#
#2026 09 07 11:08:01.770#Z#DEBUG#ee464cf9-aaab-11f1-a0e6-eeee0a85092e.order-app-srv#flowable-async-job-executor-thread-40341#
[PollStartAppStatusExecution] c18fe1fc-36e5-42c6-a94c-691eb977813f [2026-09-07T11:07:45.357591] Cell d1cc041a-d5a1-41d6-b9f6-6cda736ce3f0 successfully destroyed container for instance 52b7a01a-e0c6-49e4-55b4-a571 (STDOUT, CELL)#
#2026 09 07 11:08:01.770#Z#DEBUG#ee464cf9-aaab-11f1-a0e6-eeee0a85092e.order-app-srv#flowable-async-job-executor-thread-40341#
[PollStartAppStatusExecution] c18fe1fc-36e5-42c6-a94c-691eb977813f [2026-09-07T11:07:52.951684] Stopping app with guid c18fe1fc-36e5-42c6-a94c-691eb977813f (STDOUT, API)#
#2026 09 07 11:08:01.770#Z#DEBUG#ee464cf9-aaab-11f1-a0e6-eeee0a85092e.order-app-srv#flowable-async-job-executor-thread-40341#
[PollStartAppStatusExecution] c18fe1fc-36e5-42c6-a94c-691eb977813f [2026-09-07T11:07:53.093534] Starting app with guid c18fe1fc-36e5-42c6-a94c-691eb977813f (STDOUT, API)#
#2026 09 07 11:08:01.770#Z#DEBUG#ee464cf9-aaab-11f1-a0e6-eeee0a85092e.order-app-srv#flowable-async-job-executor-thread-40341#
[PollStartAppStatusExecution] c18fe1fc-36e5-42c6-a94c-691eb977813f [2026-09-07T11:07:53.323025] Cell c839c7b1-088e-41af-b9b7-66256aacd457 creating container for instance f21ede9d-e05d-4f60-786c-465d (STDOUT, CELL)#
#2026 09 07 11:08:01.770#Z#DEBUG#ee464cf9-aaab-11f1-a0e6-eeee0a85092e.order-app-srv#flowable-async-job-executor-thread-40341#
[PollStartAppStatusExecution] c18fe1fc-36e5-42c6-a94c-691eb977813f [2026-09-07T11:07:54.167778] Security group rules were updated (STDOUT, CELL)#
#2026 09 07 11:08:01.770#Z#DEBUG#ee464cf9-aaab-11f1-a0e6-eeee0a85092e.order-app-srv#flowable-async-job-executor-thread-40341#
[PollStartAppStatusExecution] c18fe1fc-36e5-42c6-a94c-691eb977813f [2026-09-07T11:07:54.255227] Cell c839c7b1-088e-41af-b9b7-66256aacd457 successfully created container for instance f21ede9d-e05d-4f60-786c-465d (STDOUT, CELL)#
#2026 09 07 11:08:01.770#Z#DEBUG#ee464cf9-aaab-11f1-a0e6-eeee0a85092e.order-app-srv#flowable-async-job-executor-thread-40341#
[PollStartAppStatusExecution] c18fe1fc-36e5-42c6-a94c-691eb977813f [2026-09-07T11:07:55.688761] Downloading droplet... (STDOUT, CELL)#
#2026 09 07 11:08:01.770#Z#DEBUG#ee464cf9-aaab-11f1-a0e6-eeee0a85092e.order-app-srv#flowable-async-job-executor-thread-40341#
[PollStartAppStatusExecution] c18fe1fc-36e5-42c6-a94c-691eb977813f [2026-09-07T11:07:59.807871] Downloaded droplet (60.6M) (STDOUT, CELL)#
#2026 09 07 11:08:01.770#Z#DEBUG#ee464cf9-aaab-11f1-a0e6-eeee0a85092e.order-app-srv#flowable-async-job-executor-thread-40341#
[PollStartAppStatusExecution] c18fe1fc-36e5-42c6-a94c-691eb977813f [2026-09-07T11:07:59.808044] Starting health monitoring of container (STDOUT, CELL)#
#2026 09 07 11:08:01.770#Z#DEBUG#ee464cf9-aaab-11f1-a0e6-eeee0a85092e.order-app-srv#flowable-async-job-executor-thread-40341#
[PollStartAppStatusExecution] c18fe1fc-36e5-42c6-a94c-691eb977813f [2026-09-07T11:07:59.949655] Invoking pre-start scripts. (STDOUT, APP/PROC/WEB)#
#2026 09 07 11:08:01.770#Z#DEBUG#ee464cf9-aaab-11f1-a0e6-eeee0a85092e.order-app-srv#flowable-async-job-executor-thread-40341#
[PollStartAppStatusExecution] c18fe1fc-36e5-42c6-a94c-691eb977813f [2026-09-07T11:08:00.166026] Invoking start command. (STDOUT, APP/PROC/WEB)#
#2026 09 07 11:08:01.770#Z#DEBUG#ee464cf9-aaab-11f1-a0e6-eeee0a85092e.order-app-srv#flowable-async-job-executor-thread-40341#
[PollStartAppStatusExecution] c18fe1fc-36e5-42c6-a94c-691eb977813f [2026-09-07T11:08:00.666922] > order-app@1.0.0 start (STDOUT, APP/PROC/WEB)#
#2026 09 07 11:08:01.770#Z#DEBUG#ee464cf9-aaab-11f1-a0e6-eeee0a85092e.order-app-srv#flowable-async-job-executor-thread-40341#
[PollStartAppStatusExecution] c18fe1fc-36e5-42c6-a94c-691eb977813f [2026-09-07T11:08:00.666954] > cds-serve (STDOUT, APP/PROC/WEB)#
#2026 09 07 11:08:01.770#Z#DEBUG#ee464cf9-aaab-11f1-a0e6-eeee0a85092e.order-app-srv#flowable-async-job-executor-thread-40341#
[PollStartAppStatusExecution] c18fe1fc-36e5-42c6-a94c-691eb977813f [2026-09-07T11:08:00.959482] {"level":"info","logger":"cds","timestamp":"2026-09-07T11:08:00.957Z","layer":"cds","component_type":"application","container_id":"10.32.2.6","component_id":"c18fe1fc-36e5-42c6-a94c-691eb977813f","component_name":"order-app-srv","component_instance":0,"source_instance":0,"organization_name":"d0df43b9trial","organization_id":"188e7b36-f870-46ac-b4b4-fcdce414afb1","space_name":"dev","space_id":"383e080d-c4c5-4598-b9e9-72e78ff581ba","msg":"loaded model from 1 file(s):\n ","type":"log"} (STDOUT, APP/PROC/WEB)#
#2026 09 07 11:08:01.770#Z#DEBUG#ee464cf9-aaab-11f1-a0e6-eeee0a85092e.order-app-srv#flowable-async-job-executor-thread-40341#
[PollStartAppStatusExecution] c18fe1fc-36e5-42c6-a94c-691eb977813f [2026-09-07T11:08:00.959983] srv/csn.json (STDOUT, APP/PROC/WEB)#
#2026 09 07 11:08:01.770#Z#DEBUG#ee464cf9-aaab-11f1-a0e6-eeee0a85092e.order-app-srv#flowable-async-job-executor-thread-40341#
[PollStartAppStatusExecution] c18fe1fc-36e5-42c6-a94c-691eb977813f [2026-09-07T11:08:01.197224] {"level":"info","logger":"cds","timestamp":"2026-09-07T11:08:01.196Z","layer":"cds","component_type":"application","container_id":"10.32.2.6","component_id":"c18fe1fc-36e5-42c6-a94c-691eb977813f","component_name":"order-app-srv","component_instance":0,"source_instance":0,"organization_name":"d0df43b9trial","organization_id":"188e7b36-f870-46ac-b4b4-fcdce414afb1","space_name":"dev","space_id":"383e080d-c4c5-4598-b9e9-72e78ff581ba","msg":"connect to db > hana {\n  database_id: '26160d64-6f37-4efa-b584-ec2ead369fa1',\n  host: '26160d64-6f37-4efa-b584-ec2ead369fa1.hna0.prod-us10.hanacloud.ondemand.com',\n  port: '443',\n  driver: 'com.sap.db.jdbc.Driver',\n  url: 'jdbc:sap://26160d64-6f37-4efa-b584-ec2ead369fa1.hna0.prod-us10.hanacloud.ondemand.com:443?encrypt=true&validateCertificate=true&currentschema=75964680DA0B4C82840C1BA9494A874F',\n  schema: '75964680DA0B4C82840C1BA9494A874F',\n  certificate: '...',\n  hdi_user: '75964680DA0B4C82840C1BA9494A874F_C5QBNMQINUJ6JSPOZA8LTIZQX_DT',\n  hdi_password: '...',\n  user: '75964680DA0B4C82840C1BA9494A874F_C5QBNMQINUJ6JSPOZA8LTIZQX_RT',\n  password: '...'\n}","type":"log"} (STDOUT, APP/PROC/WEB)#
#2026 09 07 11:08:01.770#Z#DEBUG#ee464cf9-aaab-11f1-a0e6-eeee0a85092e.order-app-srv#flowable-async-job-executor-thread-40341#
[PollStartAppStatusExecution] c18fe1fc-36e5-42c6-a94c-691eb977813f [2026-09-07T11:08:01.229139] {"level":"info","logger":"cds","timestamp":"2026-09-07T11:08:01.228Z","layer":"cds","component_type":"application","container_id":"10.32.2.6","component_id":"c18fe1fc-36e5-42c6-a94c-691eb977813f","component_name":"order-app-srv","component_instance":0,"source_instance":0,"organization_name":"d0df43b9trial","organization_id":"188e7b36-f870-46ac-b4b4-fcdce414afb1","space_name":"dev","space_id":"383e080d-c4c5-4598-b9e9-72e78ff581ba","msg":"using auth strategy { kind: 'jwt' }","type":"log"} (STDOUT, APP/PROC/WEB)#
#2026 09 07 11:08:01.770#Z#DEBUG#ee464cf9-aaab-11f1-a0e6-eeee0a85092e.order-app-srv#flowable-async-job-executor-thread-40341#
[PollStartAppStatusExecution] c18fe1fc-36e5-42c6-a94c-691eb977813f [2026-09-07T11:08:01.231044] node:internal/modules/cjs/loader:1517 (STDERR, APP/PROC/WEB)#
#2026 09 07 11:08:01.770#Z#DEBUG#ee464cf9-aaab-11f1-a0e6-eeee0a85092e.order-app-srv#flowable-async-job-executor-thread-40341#
[PollStartAppStatusExecution] c18fe1fc-36e5-42c6-a94c-691eb977813f [2026-09-07T11:08:01.231085] const err = new Error(message); (STDERR, APP/PROC/WEB)#
#2026 09 07 11:08:01.770#Z#DEBUG#ee464cf9-aaab-11f1-a0e6-eeee0a85092e.order-app-srv#flowable-async-job-executor-thread-40341#
[PollStartAppStatusExecution] c18fe1fc-36e5-42c6-a94c-691eb977813f [2026-09-07T11:08:01.231093] ^ (STDERR, APP/PROC/WEB)#
#2026 09 07 11:08:01.770#Z#DEBUG#ee464cf9-aaab-11f1-a0e6-eeee0a85092e.order-app-srv#flowable-async-job-executor-thread-40341#
[PollStartAppStatusExecution] c18fe1fc-36e5-42c6-a94c-691eb977813f [2026-09-07T11:08:01.231099] Error: Cannot find '@sap/xssec'. Make sure to install it with 'npm i @sap/xssec' (STDERR, APP/PROC/WEB)#
#2026 09 07 11:08:01.770#Z#DEBUG#ee464cf9-aaab-11f1-a0e6-eeee0a85092e.order-app-srv#flowable-async-job-executor-thread-40341#
[PollStartAppStatusExecution] c18fe1fc-36e5-42c6-a94c-691eb977813f [2026-09-07T11:08:01.231103] Cannot find module '@sap/xssec' (STDERR, APP/PROC/WEB)#
#2026 09 07 11:08:01.770#Z#DEBUG#ee464cf9-aaab-11f1-a0e6-eeee0a85092e.order-app-srv#flowable-async-job-executor-thread-40341#
[PollStartAppStatusExecution] c18fe1fc-36e5-42c6-a94c-691eb977813f [2026-09-07T11:08:01.231109] Require stack: (STDERR, APP/PROC/WEB)#
#2026 09 07 11:08:01.770#Z#DEBUG#ee464cf9-aaab-11f1-a0e6-eeee0a85092e.order-app-srv#flowable-async-job-executor-thread-40341#
[PollStartAppStatusExecution] c18fe1fc-36e5-42c6-a94c-691eb977813f [2026-09-07T11:08:01.231112] - /home/vcap/app/node_modules/@sap/cds/lib/srv/middlewares/auth/xssec.js (STDERR, APP/PROC/WEB)#
#2026 09 07 11:08:01.770#Z#DEBUG#ee464cf9-aaab-11f1-a0e6-eeee0a85092e.order-app-srv#flowable-async-job-executor-thread-40341#
[PollStartAppStatusExecution] c18fe1fc-36e5-42c6-a94c-691eb977813f [2026-09-07T11:08:01.231115] - /home/vcap/app/node_modules/@sap/cds/lib/srv/middlewares/auth/jwt-auth.js (STDERR, APP/PROC/WEB)#
#2026 09 07 11:08:01.770#Z#DEBUG#ee464cf9-aaab-11f1-a0e6-eeee0a85092e.order-app-srv#flowable-async-job-executor-thread-40341#
[PollStartAppStatusExecution] c18fe1fc-36e5-42c6-a94c-691eb977813f [2026-09-07T11:08:01.231121] - /home/vcap/app/node_modules/@sap/cds/lib/srv/middlewares/auth/index.js (STDERR, APP/PROC/WEB)#
#2026 09 07 11:08:01.770#Z#DEBUG#ee464cf9-aaab-11f1-a0e6-eeee0a85092e.order-app-srv#flowable-async-job-executor-thread-40341#
[PollStartAppStatusExecution] c18fe1fc-36e5-42c6-a94c-691eb977813f [2026-09-07T11:08:01.231125] - /home/vcap/app/node_modules/@sap/cds/lib/srv/middlewares/index.js (STDERR, APP/PROC/WEB)#
#2026 09 07 11:08:01.770#Z#DEBUG#ee464cf9-aaab-11f1-a0e6-eeee0a85092e.order-app-srv#flowable-async-job-executor-thread-40341#
[PollStartAppStatusExecution] c18fe1fc-36e5-42c6-a94c-691eb977813f [2026-09-07T11:08:01.231129] - /home/vcap/app/node_modules/@sap/cds/lib/index.js (STDERR, APP/PROC/WEB)#
#2026 09 07 11:08:01.770#Z#DEBUG#ee464cf9-aaab-11f1-a0e6-eeee0a85092e.order-app-srv#flowable-async-job-executor-thread-40341#
[PollStartAppStatusExecution] c18fe1fc-36e5-42c6-a94c-691eb977813f [2026-09-07T11:08:01.231131] - /home/vcap/app/node_modules/@sap/cds/bin/serve.js (STDERR, APP/PROC/WEB)#
#2026 09 07 11:08:01.770#Z#DEBUG#ee464cf9-aaab-11f1-a0e6-eeee0a85092e.order-app-srv#flowable-async-job-executor-thread-40341#
[PollStartAppStatusExecution] c18fe1fc-36e5-42c6-a94c-691eb977813f [2026-09-07T11:08:01.231134] at Module._resolveFilename (node:internal/modules/cjs/loader:1517:15) (STDERR, APP/PROC/WEB)#
#2026 09 07 11:08:01.770#Z#DEBUG#ee464cf9-aaab-11f1-a0e6-eeee0a85092e.order-app-srv#flowable-async-job-executor-thread-40341#
[PollStartAppStatusExecution] c18fe1fc-36e5-42c6-a94c-691eb977813f [2026-09-07T11:08:01.231137] at wrapResolveFilename (node:internal/modules/cjs/loader:1071:27) (STDERR, APP/PROC/WEB)#
#2026 09 07 11:08:01.770#Z#DEBUG#ee464cf9-aaab-11f1-a0e6-eeee0a85092e.order-app-srv#flowable-async-job-executor-thread-40341#
[PollStartAppStatusExecution] c18fe1fc-36e5-42c6-a94c-691eb977813f [2026-09-07T11:08:01.231141] at defaultResolveImplForCJSLoading (node:internal/modules/cjs/loader:1095:10) (STDERR, APP/PROC/WEB)#
#2026 09 07 11:08:01.770#Z#DEBUG#ee464cf9-aaab-11f1-a0e6-eeee0a85092e.order-app-srv#flowable-async-job-executor-thread-40341#
[PollStartAppStatusExecution] c18fe1fc-36e5-42c6-a94c-691eb977813f [2026-09-07T11:08:01.231145] at resolveForCJSWithHooks (node:internal/modules/cjs/loader:1122:12) (STDERR, APP/PROC/WEB)#
#2026 09 07 11:08:01.770#Z#DEBUG#ee464cf9-aaab-11f1-a0e6-eeee0a85092e.order-app-srv#flowable-async-job-executor-thread-40341#
[PollStartAppStatusExecution] c18fe1fc-36e5-42c6-a94c-691eb977813f [2026-09-07T11:08:01.231148] at Module._load (node:internal/modules/cjs/loader:1294:5) (STDERR, APP/PROC/WEB)#
#2026 09 07 11:08:01.770#Z#DEBUG#ee464cf9-aaab-11f1-a0e6-eeee0a85092e.order-app-srv#flowable-async-job-executor-thread-40341#
[PollStartAppStatusExecution] c18fe1fc-36e5-42c6-a94c-691eb977813f [2026-09-07T11:08:01.231174] at wrapModuleLoad (node:internal/modules/cjs/loader:255:19) (STDERR, APP/PROC/WEB)#
#2026 09 07 11:08:01.770#Z#DEBUG#ee464cf9-aaab-11f1-a0e6-eeee0a85092e.order-app-srv#flowable-async-job-executor-thread-40341#
[PollStartAppStatusExecution] c18fe1fc-36e5-42c6-a94c-691eb977813f [2026-09-07T11:08:01.231177] at Module.require (node:internal/modules/cjs/loader:1617:12) (STDERR, APP/PROC/WEB)#
#2026 09 07 11:08:01.770#Z#DEBUG#ee464cf9-aaab-11f1-a0e6-eeee0a85092e.order-app-srv#flowable-async-job-executor-thread-40341#
[PollStartAppStatusExecution] c18fe1fc-36e5-42c6-a94c-691eb977813f [2026-09-07T11:08:01.231182] at require (node:internal/modules/helpers:153:16) (STDERR, APP/PROC/WEB)#
#2026 09 07 11:08:01.770#Z#DEBUG#ee464cf9-aaab-11f1-a0e6-eeee0a85092e.order-app-srv#flowable-async-job-executor-thread-40341#
[PollStartAppStatusExecution] c18fe1fc-36e5-42c6-a94c-691eb977813f [2026-09-07T11:08:01.231186] at Object.<anonymous> (/home/vcap/app/node_modules/@sap/cds/lib/srv/middlewares/auth/xssec.js:2:17) (STDERR, APP/PROC/WEB)#
#2026 09 07 11:08:01.770#Z#DEBUG#ee464cf9-aaab-11f1-a0e6-eeee0a85092e.order-app-srv#flowable-async-job-executor-thread-40341#
[PollStartAppStatusExecution] c18fe1fc-36e5-42c6-a94c-691eb977813f [2026-09-07T11:08:01.231189] at Module._compile (node:internal/modules/cjs/loader:1871:14) { (STDERR, APP/PROC/WEB)#
#2026 09 07 11:08:01.770#Z#DEBUG#ee464cf9-aaab-11f1-a0e6-eeee0a85092e.order-app-srv#flowable-async-job-executor-thread-40341#
[PollStartAppStatusExecution] c18fe1fc-36e5-42c6-a94c-691eb977813f [2026-09-07T11:08:01.231196] code: 'MODULE_NOT_FOUND', (STDERR, APP/PROC/WEB)#
#2026 09 07 11:08:01.770#Z#DEBUG#ee464cf9-aaab-11f1-a0e6-eeee0a85092e.order-app-srv#flowable-async-job-executor-thread-40341#
[PollStartAppStatusExecution] c18fe1fc-36e5-42c6-a94c-691eb977813f [2026-09-07T11:08:01.231200] requireStack: [ (STDERR, APP/PROC/WEB)#
#2026 09 07 11:08:01.770#Z#DEBUG#ee464cf9-aaab-11f1-a0e6-eeee0a85092e.order-app-srv#flowable-async-job-executor-thread-40341#
[PollStartAppStatusExecution] c18fe1fc-36e5-42c6-a94c-691eb977813f [2026-09-07T11:08:01.231203] '/home/vcap/app/node_modules/@sap/cds/lib/srv/middlewares/auth/xssec.js', (STDERR, APP/PROC/WEB)#
#2026 09 07 11:08:01.770#Z#DEBUG#ee464cf9-aaab-11f1-a0e6-eeee0a85092e.order-app-srv#flowable-async-job-executor-thread-40341#
[PollStartAppStatusExecution] c18fe1fc-36e5-42c6-a94c-691eb977813f [2026-09-07T11:08:01.231206] '/home/vcap/app/node_modules/@sap/cds/lib/srv/middlewares/auth/jwt-auth.js', (STDERR, APP/PROC/WEB)#
#2026 09 07 11:08:01.770#Z#DEBUG#ee464cf9-aaab-11f1-a0e6-eeee0a85092e.order-app-srv#flowable-async-job-executor-thread-40341#
[PollStartAppStatusExecution] c18fe1fc-36e5-42c6-a94c-691eb977813f [2026-09-07T11:08:01.231209] '/home/vcap/app/node_modules/@sap/cds/lib/srv/middlewares/auth/index.js', (STDERR, APP/PROC/WEB)#
#2026 09 07 11:08:01.770#Z#DEBUG#ee464cf9-aaab-11f1-a0e6-eeee0a85092e.order-app-srv#flowable-async-job-executor-thread-40341#
[PollStartAppStatusExecution] c18fe1fc-36e5-42c6-a94c-691eb977813f [2026-09-07T11:08:01.231214] '/home/vcap/app/node_modules/@sap/cds/lib/srv/middlewares/index.js', (STDERR, APP/PROC/WEB)#
#2026 09 07 11:08:01.770#Z#DEBUG#ee464cf9-aaab-11f1-a0e6-eeee0a85092e.order-app-srv#flowable-async-job-executor-thread-40341#
[PollStartAppStatusExecution] c18fe1fc-36e5-42c6-a94c-691eb977813f [2026-09-07T11:08:01.231219] '/home/vcap/app/node_modules/@sap/cds/lib/index.js', (STDERR, APP/PROC/WEB)#
#2026 09 07 11:08:01.770#Z#DEBUG#ee464cf9-aaab-11f1-a0e6-eeee0a85092e.order-app-srv#flowable-async-job-executor-thread-40341#
[PollStartAppStatusExecution] c18fe1fc-36e5-42c6-a94c-691eb977813f [2026-09-07T11:08:01.231222] '/home/vcap/app/node_modules/@sap/cds/bin/serve.js' (STDERR, APP/PROC/WEB)#
#2026 09 07 11:08:01.770#Z#DEBUG#ee464cf9-aaab-11f1-a0e6-eeee0a85092e.order-app-srv#flowable-async-job-executor-thread-40341#
[PollStartAppStatusExecution] c18fe1fc-36e5-42c6-a94c-691eb977813f [2026-09-07T11:08:01.231227] ] (STDERR, APP/PROC/WEB)#
#2026 09 07 11:08:01.770#Z#DEBUG#ee464cf9-aaab-11f1-a0e6-eeee0a85092e.order-app-srv#flowable-async-job-executor-thread-40341#
[PollStartAppStatusExecution] c18fe1fc-36e5-42c6-a94c-691eb977813f [2026-09-07T11:08:01.231230] } (STDERR, APP/PROC/WEB)#
#2026 09 07 11:08:01.770#Z#DEBUG#ee464cf9-aaab-11f1-a0e6-eeee0a85092e.order-app-srv#flowable-async-job-executor-thread-40341#
[PollStartAppStatusExecution] c18fe1fc-36e5-42c6-a94c-691eb977813f [2026-09-07T11:08:01.231233] Node.js v24.18.0 (STDERR, APP/PROC/WEB)#
#2026 09 07 11:08:01.770#Z#DEBUG#ee464cf9-aaab-11f1-a0e6-eeee0a85092e.order-app-srv#flowable-async-job-executor-thread-40341#
[PollStartAppStatusExecution] c18fe1fc-36e5-42c6-a94c-691eb977813f [2026-09-07T11:08:01.249119] npm notice (STDERR, APP/PROC/WEB)#
#2026 09 07 11:08:01.770#Z#DEBUG#ee464cf9-aaab-11f1-a0e6-eeee0a85092e.order-app-srv#flowable-async-job-executor-thread-40341#
[PollStartAppStatusExecution] c18fe1fc-36e5-42c6-a94c-691eb977813f [2026-09-07T11:08:01.249173] npm notice New major version of npm available! 11.16.0 -> 12.0.2 (STDERR, APP/PROC/WEB)#
#2026 09 07 11:08:01.770#Z#DEBUG#ee464cf9-aaab-11f1-a0e6-eeee0a85092e.order-app-srv#flowable-async-job-executor-thread-40341#
[PollStartAppStatusExecution] c18fe1fc-36e5-42c6-a94c-691eb977813f [2026-09-07T11:08:01.249178] npm notice Changelog: https://github.com/npm/cli/releases/tag/v12.0.2 (STDERR, APP/PROC/WEB)#
#2026 09 07 11:08:01.770#Z#DEBUG#ee464cf9-aaab-11f1-a0e6-eeee0a85092e.order-app-srv#flowable-async-job-executor-thread-40341#
[PollStartAppStatusExecution] c18fe1fc-36e5-42c6-a94c-691eb977813f [2026-09-07T11:08:01.249181] npm notice To update run: npm install -g npm@12.0.2 (STDERR, APP/PROC/WEB)#
#2026 09 07 11:08:01.770#Z#DEBUG#ee464cf9-aaab-11f1-a0e6-eeee0a85092e.order-app-srv#flowable-async-job-executor-thread-40341#
[PollStartAppStatusExecution] c18fe1fc-36e5-42c6-a94c-691eb977813f [2026-09-07T11:08:01.249187] npm notice (STDERR, APP/PROC/WEB)#
#2026 09 07 11:08:01.770#Z#DEBUG#ee464cf9-aaab-11f1-a0e6-eeee0a85092e.order-app-srv#flowable-async-job-executor-thread-40341#
[PollStartAppStatusExecution] c18fe1fc-36e5-42c6-a94c-691eb977813f [2026-09-07T11:08:01.332317] Exit status 1 (STDOUT, APP/PROC/WEB)#
#2026 09 07 11:08:11.807#Z#DEBUG#ee464cf9-aaab-11f1-a0e6-eeee0a85092e.order-app-srv#flowable-async-job-executor-thread-40350#
[PollStartAppStatusExecution] c18fe1fc-36e5-42c6-a94c-691eb977813f [2026-09-07T11:08:07.315986] Cell c839c7b1-088e-41af-b9b7-66256aacd457 stopping instance f21ede9d-e05d-4f60-786c-465d (STDOUT, CELL)#
#2026 09 07 11:08:11.807#Z#DEBUG#ee464cf9-aaab-11f1-a0e6-eeee0a85092e.order-app-srv#flowable-async-job-executor-thread-40350#
[PollStartAppStatusExecution] c18fe1fc-36e5-42c6-a94c-691eb977813f [2026-09-07T11:08:07.316031] Cell c839c7b1-088e-41af-b9b7-66256aacd457 destroying container for instance f21ede9d-e05d-4f60-786c-465d (STDOUT, CELL)#
#2026 09 07 11:08:11.807#Z#DEBUG#ee464cf9-aaab-11f1-a0e6-eeee0a85092e.order-app-srv#flowable-async-job-executor-thread-40350#
[PollStartAppStatusExecution] c18fe1fc-36e5-42c6-a94c-691eb977813f [2026-09-07T11:08:07.321403] Process has crashed with type: "web" (STDOUT, API)#
#2026 09 07 11:08:11.807#Z#DEBUG#ee464cf9-aaab-11f1-a0e6-eeee0a85092e.order-app-srv#flowable-async-job-executor-thread-40350#
[PollStartAppStatusExecution] c18fe1fc-36e5-42c6-a94c-691eb977813f [2026-09-07T11:08:07.333504] App instance exited with guid c18fe1fc-36e5-42c6-a94c-691eb977813f payload: {"instance"=>"f21ede9d-e05d-4f60-786c-465d", "index"=>0, "cell_id"=>"c839c7b1-088e-41af-b9b7-66256aacd457", "reason"=>"CRASHED", "exit_description"=>"APP/PROC/WEB: Exited with status 1", "crash_count"=>1, "crash_timestamp"=>1788779287299164773, "version"=>"a543f0b4-1a62-4ee8-95a3-dd087aa536e2"} (STDOUT, API)#
#2026 09 07 11:08:11.807#Z#DEBUG#ee464cf9-aaab-11f1-a0e6-eeee0a85092e.order-app-srv#flowable-async-job-executor-thread-40350#
[PollStartAppStatusExecution] c18fe1fc-36e5-42c6-a94c-691eb977813f [2026-09-07T11:08:07.448018] Cell 77283d80-dfa7-40ba-ba4e-265aef112085 creating container for instance 55e5959d-bc32-4112-52aa-8d51 (STDOUT, CELL)#
#2026 09 07 11:08:11.807#Z#DEBUG#ee464cf9-aaab-11f1-a0e6-eeee0a85092e.order-app-srv#flowable-async-job-executor-thread-40350#
[PollStartAppStatusExecution] c18fe1fc-36e5-42c6-a94c-691eb977813f [2026-09-07T11:08:07.545699] Exit status 137 (STDOUT, PROXY)#
#2026 09 07 11:08:11.807#Z#DEBUG#ee464cf9-aaab-11f1-a0e6-eeee0a85092e.order-app-srv#flowable-async-job-executor-thread-40350#
[PollStartAppStatusExecution] c18fe1fc-36e5-42c6-a94c-691eb977813f [2026-09-07T11:08:08.364903] Security group rules were updated (STDOUT, CELL)#
#2026 09 07 11:08:11.807#Z#DEBUG#ee464cf9-aaab-11f1-a0e6-eeee0a85092e.order-app-srv#flowable-async-job-executor-thread-40350#
[PollStartAppStatusExecution] c18fe1fc-36e5-42c6-a94c-691eb977813f [2026-09-07T11:08:08.460399] Cell 77283d80-dfa7-40ba-ba4e-265aef112085 successfully created container for instance 55e5959d-bc32-4112-52aa-8d51 (STDOUT, CELL)#
#2026 09 07 11:08:11.807#Z#DEBUG#ee464cf9-aaab-11f1-a0e6-eeee0a85092e.order-app-srv#flowable-async-job-executor-thread-40350#
[PollStartAppStatusExecution] c18fe1fc-36e5-42c6-a94c-691eb977813f [2026-09-07T11:08:09.148035] Downloading droplet... (STDOUT, CELL)#
#2026 09 07 11:08:11.807#Z#DEBUG#ee464cf9-aaab-11f1-a0e6-eeee0a85092e.order-app-srv#flowable-async-job-executor-thread-40350#
[PollStartAppStatusExecution] c18fe1fc-36e5-42c6-a94c-691eb977813f [2026-09-07T11:08:09.650635] Cell c839c7b1-088e-41af-b9b7-66256aacd457 successfully destroyed container for instance f21ede9d-e05d-4f60-786c-465d (STDOUT, CELL)#
#2026 09 07 11:08:21.852#Z#DEBUG#ee464cf9-aaab-11f1-a0e6-eeee0a85092e.order-app-srv#flowable-async-job-executor-thread-40354#
[PollStartAppStatusExecution] c18fe1fc-36e5-42c6-a94c-691eb977813f [2026-09-07T11:08:13.377923] Downloaded droplet (60.6M) (STDOUT, CELL)#
#2026 09 07 11:08:21.852#Z#DEBUG#ee464cf9-aaab-11f1-a0e6-eeee0a85092e.order-app-srv#flowable-async-job-executor-thread-40354#
[PollStartAppStatusExecution] c18fe1fc-36e5-42c6-a94c-691eb977813f [2026-09-07T11:08:13.378174] Starting health monitoring of container (STDOUT, CELL)#
#2026 09 07 11:08:21.852#Z#DEBUG#ee464cf9-aaab-11f1-a0e6-eeee0a85092e.order-app-srv#flowable-async-job-executor-thread-40354#
[PollStartAppStatusExecution] c18fe1fc-36e5-42c6-a94c-691eb977813f [2026-09-07T11:08:13.555059] Invoking pre-start scripts. (STDOUT, APP/PROC/WEB)#
#2026 09 07 11:08:21.852#Z#DEBUG#ee464cf9-aaab-11f1-a0e6-eeee0a85092e.order-app-srv#flowable-async-job-executor-thread-40354#
[PollStartAppStatusExecution] c18fe1fc-36e5-42c6-a94c-691eb977813f [2026-09-07T11:08:13.839664] Invoking start command. (STDOUT, APP/PROC/WEB)#
#2026 09 07 11:08:21.852#Z#DEBUG#ee464cf9-aaab-11f1-a0e6-eeee0a85092e.order-app-srv#flowable-async-job-executor-thread-40354#
[PollStartAppStatusExecution] c18fe1fc-36e5-42c6-a94c-691eb977813f [2026-09-07T11:08:14.421372] > order-app@1.0.0 start (STDOUT, APP/PROC/WEB)#
#2026 09 07 11:08:21.852#Z#DEBUG#ee464cf9-aaab-11f1-a0e6-eeee0a85092e.order-app-srv#flowable-async-job-executor-thread-40354#
[PollStartAppStatusExecution] c18fe1fc-36e5-42c6-a94c-691eb977813f [2026-09-07T11:08:14.421418] > cds-serve (STDOUT, APP/PROC/WEB)#
#2026 09 07 11:08:21.852#Z#DEBUG#ee464cf9-aaab-11f1-a0e6-eeee0a85092e.order-app-srv#flowable-async-job-executor-thread-40354#
[PollStartAppStatusExecution] c18fe1fc-36e5-42c6-a94c-691eb977813f [2026-09-07T11:08:14.831923] {"level":"info","logger":"cds","timestamp":"2026-09-07T11:08:14.830Z","layer":"cds","component_type":"application","container_id":"10.32.3.6","component_id":"c18fe1fc-36e5-42c6-a94c-691eb977813f","component_name":"order-app-srv","component_instance":0,"source_instance":0,"organization_name":"d0df43b9trial","organization_id":"188e7b36-f870-46ac-b4b4-fcdce414afb1","space_name":"dev","space_id":"383e080d-c4c5-4598-b9e9-72e78ff581ba","msg":"loaded model from 1 file(s):\n ","type":"log"} (STDOUT, APP/PROC/WEB)#
#2026 09 07 11:08:21.852#Z#DEBUG#ee464cf9-aaab-11f1-a0e6-eeee0a85092e.order-app-srv#flowable-async-job-executor-thread-40354#
[PollStartAppStatusExecution] c18fe1fc-36e5-42c6-a94c-691eb977813f [2026-09-07T11:08:14.832565] srv/csn.json (STDOUT, APP/PROC/WEB)#
#2026 09 07 11:08:21.852#Z#DEBUG#ee464cf9-aaab-11f1-a0e6-eeee0a85092e.order-app-srv#flowable-async-job-executor-thread-40354#
[PollStartAppStatusExecution] c18fe1fc-36e5-42c6-a94c-691eb977813f [2026-09-07T11:08:15.086197] {"level":"info","logger":"cds","timestamp":"2026-09-07T11:08:15.085Z","layer":"cds","component_type":"application","container_id":"10.32.3.6","component_id":"c18fe1fc-36e5-42c6-a94c-691eb977813f","component_name":"order-app-srv","component_instance":0,"source_instance":0,"organization_name":"d0df43b9trial","organization_id":"188e7b36-f870-46ac-b4b4-fcdce414afb1","space_name":"dev","space_id":"383e080d-c4c5-4598-b9e9-72e78ff581ba","msg":"connect to db > hana {\n  database_id: '26160d64-6f37-4efa-b584-ec2ead369fa1',\n  host: '26160d64-6f37-4efa-b584-ec2ead369fa1.hna0.prod-us10.hanacloud.ondemand.com',\n  port: '443',\n  driver: 'com.sap.db.jdbc.Driver',\n  url: 'jdbc:sap://26160d64-6f37-4efa-b584-ec2ead369fa1.hna0.prod-us10.hanacloud.ondemand.com:443?encrypt=true&validateCertificate=true&currentschema=75964680DA0B4C82840C1BA9494A874F',\n  schema: '75964680DA0B4C82840C1BA9494A874F',\n  certificate: '...',\n  hdi_user: '75964680DA0B4C82840C1BA9494A874F_C5QBNMQINUJ6JSPOZA8LTIZQX_DT',\n  hdi_password: '...',\n  user: '75964680DA0B4C82840C1BA9494A874F_C5QBNMQINUJ6JSPOZA8LTIZQX_RT',\n  password: '...'\n}","type":"log"} (STDOUT, APP/PROC/WEB)#
#2026 09 07 11:08:21.852#Z#DEBUG#ee464cf9-aaab-11f1-a0e6-eeee0a85092e.order-app-srv#flowable-async-job-executor-thread-40354#
[PollStartAppStatusExecution] c18fe1fc-36e5-42c6-a94c-691eb977813f [2026-09-07T11:08:15.126928] {"level":"info","logger":"cds","timestamp":"2026-09-07T11:08:15.126Z","layer":"cds","component_type":"application","container_id":"10.32.3.6","component_id":"c18fe1fc-36e5-42c6-a94c-691eb977813f","component_name":"order-app-srv","component_instance":0,"source_instance":0,"organization_name":"d0df43b9trial","organization_id":"188e7b36-f870-46ac-b4b4-fcdce414afb1","space_name":"dev","space_id":"383e080d-c4c5-4598-b9e9-72e78ff581ba","msg":"using auth strategy { kind: 'jwt' }","type":"log"} (STDOUT, APP/PROC/WEB)#
#2026 09 07 11:08:21.852#Z#DEBUG#ee464cf9-aaab-11f1-a0e6-eeee0a85092e.order-app-srv#flowable-async-job-executor-thread-40354#
[PollStartAppStatusExecution] c18fe1fc-36e5-42c6-a94c-691eb977813f [2026-09-07T11:08:15.129472] node:internal/modules/cjs/loader:1517 (STDERR, APP/PROC/WEB)#
#2026 09 07 11:08:21.852#Z#DEBUG#ee464cf9-aaab-11f1-a0e6-eeee0a85092e.order-app-srv#flowable-async-job-executor-thread-40354#
[PollStartAppStatusExecution] c18fe1fc-36e5-42c6-a94c-691eb977813f [2026-09-07T11:08:15.129499] const err = new Error(message); (STDERR, APP/PROC/WEB)#
#2026 09 07 11:08:21.852#Z#DEBUG#ee464cf9-aaab-11f1-a0e6-eeee0a85092e.order-app-srv#flowable-async-job-executor-thread-40354#
[PollStartAppStatusExecution] c18fe1fc-36e5-42c6-a94c-691eb977813f [2026-09-07T11:08:15.129505] ^ (STDERR, APP/PROC/WEB)#
#2026 09 07 11:08:21.852#Z#DEBUG#ee464cf9-aaab-11f1-a0e6-eeee0a85092e.order-app-srv#flowable-async-job-executor-thread-40354#
[PollStartAppStatusExecution] c18fe1fc-36e5-42c6-a94c-691eb977813f [2026-09-07T11:08:15.129512] Error: Cannot find '@sap/xssec'. Make sure to install it with 'npm i @sap/xssec' (STDERR, APP/PROC/WEB)#
#2026 09 07 11:08:21.852#Z#DEBUG#ee464cf9-aaab-11f1-a0e6-eeee0a85092e.order-app-srv#flowable-async-job-executor-thread-40354#
[PollStartAppStatusExecution] c18fe1fc-36e5-42c6-a94c-691eb977813f [2026-09-07T11:08:15.129516] Cannot find module '@sap/xssec' (STDERR, APP/PROC/WEB)#
#2026 09 07 11:08:21.852#Z#DEBUG#ee464cf9-aaab-11f1-a0e6-eeee0a85092e.order-app-srv#flowable-async-job-executor-thread-40354#
[PollStartAppStatusExecution] c18fe1fc-36e5-42c6-a94c-691eb977813f [2026-09-07T11:08:15.129518] Require stack: (STDERR, APP/PROC/WEB)#
#2026 09 07 11:08:21.852#Z#DEBUG#ee464cf9-aaab-11f1-a0e6-eeee0a85092e.order-app-srv#flowable-async-job-executor-thread-40354#
[PollStartAppStatusExecution] c18fe1fc-36e5-42c6-a94c-691eb977813f [2026-09-07T11:08:15.129521] - /home/vcap/app/node_modules/@sap/cds/lib/srv/middlewares/auth/xssec.js (STDERR, APP/PROC/WEB)#
#2026 09 07 11:08:21.852#Z#DEBUG#ee464cf9-aaab-11f1-a0e6-eeee0a85092e.order-app-srv#flowable-async-job-executor-thread-40354#
[PollStartAppStatusExecution] c18fe1fc-36e5-42c6-a94c-691eb977813f [2026-09-07T11:08:15.129523] - /home/vcap/app/node_modules/@sap/cds/lib/srv/middlewares/auth/jwt-auth.js (STDERR, APP/PROC/WEB)#
#2026 09 07 11:08:21.852#Z#DEBUG#ee464cf9-aaab-11f1-a0e6-eeee0a85092e.order-app-srv#flowable-async-job-executor-thread-40354#
[PollStartAppStatusExecution] c18fe1fc-36e5-42c6-a94c-691eb977813f [2026-09-07T11:08:15.129526] - /home/vcap/app/node_modules/@sap/cds/lib/srv/middlewares/auth/index.js (STDERR, APP/PROC/WEB)#
#2026 09 07 11:08:21.852#Z#DEBUG#ee464cf9-aaab-11f1-a0e6-eeee0a85092e.order-app-srv#flowable-async-job-executor-thread-40354#
[PollStartAppStatusExecution] c18fe1fc-36e5-42c6-a94c-691eb977813f [2026-09-07T11:08:15.129529] - /home/vcap/app/node_modules/@sap/cds/lib/srv/middlewares/index.js (STDERR, APP/PROC/WEB)#
#2026 09 07 11:08:21.852#Z#DEBUG#ee464cf9-aaab-11f1-a0e6-eeee0a85092e.order-app-srv#flowable-async-job-executor-thread-40354#
[PollStartAppStatusExecution] c18fe1fc-36e5-42c6-a94c-691eb977813f [2026-09-07T11:08:15.129539] - /home/vcap/app/node_modules/@sap/cds/lib/index.js (STDERR, APP/PROC/WEB)#
#2026 09 07 11:08:21.852#Z#DEBUG#ee464cf9-aaab-11f1-a0e6-eeee0a85092e.order-app-srv#flowable-async-job-executor-thread-40354#
[PollStartAppStatusExecution] c18fe1fc-36e5-42c6-a94c-691eb977813f [2026-09-07T11:08:15.129545] - /home/vcap/app/node_modules/@sap/cds/bin/serve.js (STDERR, APP/PROC/WEB)#
#2026 09 07 11:08:21.852#Z#DEBUG#ee464cf9-aaab-11f1-a0e6-eeee0a85092e.order-app-srv#flowable-async-job-executor-thread-40354#
[PollStartAppStatusExecution] c18fe1fc-36e5-42c6-a94c-691eb977813f [2026-09-07T11:08:15.129547] at Module._resolveFilename (node:internal/modules/cjs/loader:1517:15) (STDERR, APP/PROC/WEB)#
#2026 09 07 11:08:21.852#Z#DEBUG#ee464cf9-aaab-11f1-a0e6-eeee0a85092e.order-app-srv#flowable-async-job-executor-thread-40354#
[PollStartAppStatusExecution] c18fe1fc-36e5-42c6-a94c-691eb977813f [2026-09-07T11:08:15.129550] at wrapResolveFilename (node:internal/modules/cjs/loader:1071:27) (STDERR, APP/PROC/WEB)#
#2026 09 07 11:08:21.852#Z#DEBUG#ee464cf9-aaab-11f1-a0e6-eeee0a85092e.order-app-srv#flowable-async-job-executor-thread-40354#
[PollStartAppStatusExecution] c18fe1fc-36e5-42c6-a94c-691eb977813f [2026-09-07T11:08:15.129556] at defaultResolveImplForCJSLoading (node:internal/modules/cjs/loader:1095:10) (STDERR, APP/PROC/WEB)#
#2026 09 07 11:08:21.852#Z#DEBUG#ee464cf9-aaab-11f1-a0e6-eeee0a85092e.order-app-srv#flowable-async-job-executor-thread-40354#
[PollStartAppStatusExecution] c18fe1fc-36e5-42c6-a94c-691eb977813f [2026-09-07T11:08:15.129559] at resolveForCJSWithHooks (node:internal/modules/cjs/loader:1122:12) (STDERR, APP/PROC/WEB)#
#2026 09 07 11:08:21.852#Z#DEBUG#ee464cf9-aaab-11f1-a0e6-eeee0a85092e.order-app-srv#flowable-async-job-executor-thread-40354#
[PollStartAppStatusExecution] c18fe1fc-36e5-42c6-a94c-691eb977813f [2026-09-07T11:08:15.129561] at Module._load (node:internal/modules/cjs/loader:1294:5) (STDERR, APP/PROC/WEB)#
#2026 09 07 11:08:21.852#Z#DEBUG#ee464cf9-aaab-11f1-a0e6-eeee0a85092e.order-app-srv#flowable-async-job-executor-thread-40354#
[PollStartAppStatusExecution] c18fe1fc-36e5-42c6-a94c-691eb977813f [2026-09-07T11:08:15.129564] at wrapModuleLoad (node:internal/modules/cjs/loader:255:19) (STDERR, APP/PROC/WEB)#
#2026 09 07 11:08:21.852#Z#DEBUG#ee464cf9-aaab-11f1-a0e6-eeee0a85092e.order-app-srv#flowable-async-job-executor-thread-40354#
[PollStartAppStatusExecution] c18fe1fc-36e5-42c6-a94c-691eb977813f [2026-09-07T11:08:15.129567] at Module.require (node:internal/modules/cjs/loader:1617:12) (STDERR, APP/PROC/WEB)#
#2026 09 07 11:08:21.852#Z#DEBUG#ee464cf9-aaab-11f1-a0e6-eeee0a85092e.order-app-srv#flowable-async-job-executor-thread-40354#
[PollStartAppStatusExecution] c18fe1fc-36e5-42c6-a94c-691eb977813f [2026-09-07T11:08:15.129570] at require (node:internal/modules/helpers:153:16) (STDERR, APP/PROC/WEB)#
#2026 09 07 11:08:21.852#Z#DEBUG#ee464cf9-aaab-11f1-a0e6-eeee0a85092e.order-app-srv#flowable-async-job-executor-thread-40354#
[PollStartAppStatusExecution] c18fe1fc-36e5-42c6-a94c-691eb977813f [2026-09-07T11:08:15.129578] at Object.<anonymous> (/home/vcap/app/node_modules/@sap/cds/lib/srv/middlewares/auth/xssec.js:2:17) (STDERR, APP/PROC/WEB)#
#2026 09 07 11:08:21.852#Z#DEBUG#ee464cf9-aaab-11f1-a0e6-eeee0a85092e.order-app-srv#flowable-async-job-executor-thread-40354#
[PollStartAppStatusExecution] c18fe1fc-36e5-42c6-a94c-691eb977813f [2026-09-07T11:08:15.129581] at Module._compile (node:internal/modules/cjs/loader:1871:14) { (STDERR, APP/PROC/WEB)#
#2026 09 07 11:08:21.852#Z#DEBUG#ee464cf9-aaab-11f1-a0e6-eeee0a85092e.order-app-srv#flowable-async-job-executor-thread-40354#
[PollStartAppStatusExecution] c18fe1fc-36e5-42c6-a94c-691eb977813f [2026-09-07T11:08:15.129584] code: 'MODULE_NOT_FOUND', (STDERR, APP/PROC/WEB)#
#2026 09 07 11:08:21.852#Z#DEBUG#ee464cf9-aaab-11f1-a0e6-eeee0a85092e.order-app-srv#flowable-async-job-executor-thread-40354#
[PollStartAppStatusExecution] c18fe1fc-36e5-42c6-a94c-691eb977813f [2026-09-07T11:08:15.129588] requireStack: [ (STDERR, APP/PROC/WEB)#
#2026 09 07 11:08:21.852#Z#DEBUG#ee464cf9-aaab-11f1-a0e6-eeee0a85092e.order-app-srv#flowable-async-job-executor-thread-40354#
[PollStartAppStatusExecution] c18fe1fc-36e5-42c6-a94c-691eb977813f [2026-09-07T11:08:15.129592] '/home/vcap/app/node_modules/@sap/cds/lib/srv/middlewares/auth/xssec.js', (STDERR, APP/PROC/WEB)#
#2026 09 07 11:08:21.852#Z#DEBUG#ee464cf9-aaab-11f1-a0e6-eeee0a85092e.order-app-srv#flowable-async-job-executor-thread-40354#
[PollStartAppStatusExecution] c18fe1fc-36e5-42c6-a94c-691eb977813f [2026-09-07T11:08:15.129594] '/home/vcap/app/node_modules/@sap/cds/lib/srv/middlewares/auth/jwt-auth.js', (STDERR, APP/PROC/WEB)#
#2026 09 07 11:08:21.852#Z#DEBUG#ee464cf9-aaab-11f1-a0e6-eeee0a85092e.order-app-srv#flowable-async-job-executor-thread-40354#
[PollStartAppStatusExecution] c18fe1fc-36e5-42c6-a94c-691eb977813f [2026-09-07T11:08:15.129597] '/home/vcap/app/node_modules/@sap/cds/lib/srv/middlewares/auth/index.js', (STDERR, APP/PROC/WEB)#
#2026 09 07 11:08:21.852#Z#DEBUG#ee464cf9-aaab-11f1-a0e6-eeee0a85092e.order-app-srv#flowable-async-job-executor-thread-40354#
[PollStartAppStatusExecution] c18fe1fc-36e5-42c6-a94c-691eb977813f [2026-09-07T11:08:15.129600] '/home/vcap/app/node_modules/@sap/cds/lib/srv/middlewares/index.js', (STDERR, APP/PROC/WEB)#
#2026 09 07 11:08:21.852#Z#DEBUG#ee464cf9-aaab-11f1-a0e6-eeee0a85092e.order-app-srv#flowable-async-job-executor-thread-40354#
[PollStartAppStatusExecution] c18fe1fc-36e5-42c6-a94c-691eb977813f [2026-09-07T11:08:15.129607] '/home/vcap/app/node_modules/@sap/cds/lib/index.js', (STDERR, APP/PROC/WEB)#
#2026 09 07 11:08:21.852#Z#DEBUG#ee464cf9-aaab-11f1-a0e6-eeee0a85092e.order-app-srv#flowable-async-job-executor-thread-40354#
[PollStartAppStatusExecution] c18fe1fc-36e5-42c6-a94c-691eb977813f [2026-09-07T11:08:15.129610] '/home/vcap/app/node_modules/@sap/cds/bin/serve.js' (STDERR, APP/PROC/WEB)#
#2026 09 07 11:08:21.852#Z#DEBUG#ee464cf9-aaab-11f1-a0e6-eeee0a85092e.order-app-srv#flowable-async-job-executor-thread-40354#
[PollStartAppStatusExecution] c18fe1fc-36e5-42c6-a94c-691eb977813f [2026-09-07T11:08:15.129613] ] (STDERR, APP/PROC/WEB)#
#2026 09 07 11:08:21.852#Z#DEBUG#ee464cf9-aaab-11f1-a0e6-eeee0a85092e.order-app-srv#flowable-async-job-executor-thread-40354#
[PollStartAppStatusExecution] c18fe1fc-36e5-42c6-a94c-691eb977813f [2026-09-07T11:08:15.129616] } (STDERR, APP/PROC/WEB)#
#2026 09 07 11:08:21.852#Z#DEBUG#ee464cf9-aaab-11f1-a0e6-eeee0a85092e.order-app-srv#flowable-async-job-executor-thread-40354#
[PollStartAppStatusExecution] c18fe1fc-36e5-42c6-a94c-691eb977813f [2026-09-07T11:08:15.129638] Node.js v24.18.0 (STDERR, APP/PROC/WEB)#
#2026 09 07 11:08:21.852#Z#DEBUG#ee464cf9-aaab-11f1-a0e6-eeee0a85092e.order-app-srv#flowable-async-job-executor-thread-40354#
[PollStartAppStatusExecution] c18fe1fc-36e5-42c6-a94c-691eb977813f [2026-09-07T11:08:15.154598] npm notice (STDERR, APP/PROC/WEB)#
#2026 09 07 11:08:21.852#Z#DEBUG#ee464cf9-aaab-11f1-a0e6-eeee0a85092e.order-app-srv#flowable-async-job-executor-thread-40354#
[PollStartAppStatusExecution] c18fe1fc-36e5-42c6-a94c-691eb977813f [2026-09-07T11:08:15.154642] npm notice New major version of npm available! 11.16.0 -> 12.0.2 (STDERR, APP/PROC/WEB)#
#2026 09 07 11:08:21.852#Z#DEBUG#ee464cf9-aaab-11f1-a0e6-eeee0a85092e.order-app-srv#flowable-async-job-executor-thread-40354#
[PollStartAppStatusExecution] c18fe1fc-36e5-42c6-a94c-691eb977813f [2026-09-07T11:08:15.154650] npm notice Changelog: https://github.com/npm/cli/releases/tag/v12.0.2 (STDERR, APP/PROC/WEB)#
#2026 09 07 11:08:21.852#Z#DEBUG#ee464cf9-aaab-11f1-a0e6-eeee0a85092e.order-app-srv#flowable-async-job-executor-thread-40354#
[PollStartAppStatusExecution] c18fe1fc-36e5-42c6-a94c-691eb977813f [2026-09-07T11:08:15.154653] npm notice To update run: npm install -g npm@12.0.2 (STDERR, APP/PROC/WEB)#
#2026 09 07 11:08:21.852#Z#DEBUG#ee464cf9-aaab-11f1-a0e6-eeee0a85092e.order-app-srv#flowable-async-job-executor-thread-40354#
[PollStartAppStatusExecution] c18fe1fc-36e5-42c6-a94c-691eb977813f [2026-09-07T11:08:15.154657] npm notice (STDERR, APP/PROC/WEB)#
#2026 09 07 11:08:21.852#Z#DEBUG#ee464cf9-aaab-11f1-a0e6-eeee0a85092e.order-app-srv#flowable-async-job-executor-thread-40354#
[PollStartAppStatusExecution] c18fe1fc-36e5-42c6-a94c-691eb977813f [2026-09-07T11:08:15.240613] Exit status 1 (STDOUT, APP/PROC/WEB)#
#2026 09 07 11:08:21.852#Z#DEBUG#ee464cf9-aaab-11f1-a0e6-eeee0a85092e.order-app-srv#flowable-async-job-executor-thread-40354#
[PollStartAppStatusExecution] c18fe1fc-36e5-42c6-a94c-691eb977813f [2026-09-07T11:08:21.331748] Cell 77283d80-dfa7-40ba-ba4e-265aef112085 stopping instance 55e5959d-bc32-4112-52aa-8d51 (STDOUT, CELL)#
#2026 09 07 11:08:21.852#Z#DEBUG#ee464cf9-aaab-11f1-a0e6-eeee0a85092e.order-app-srv#flowable-async-job-executor-thread-40354#
[PollStartAppStatusExecution] c18fe1fc-36e5-42c6-a94c-691eb977813f [2026-09-07T11:08:21.331799] Cell 77283d80-dfa7-40ba-ba4e-265aef112085 destroying container for instance 55e5959d-bc32-4112-52aa-8d51 (STDOUT, CELL)#
#2026 09 07 11:08:21.852#Z#DEBUG#ee464cf9-aaab-11f1-a0e6-eeee0a85092e.order-app-srv#flowable-async-job-executor-thread-40354#
[PollStartAppStatusExecution] c18fe1fc-36e5-42c6-a94c-691eb977813f [2026-09-07T11:08:21.336100] Process has crashed with type: "web" (STDOUT, API)#
#2026 09 07 11:08:21.852#Z#DEBUG#ee464cf9-aaab-11f1-a0e6-eeee0a85092e.order-app-srv#flowable-async-job-executor-thread-40354#
[PollStartAppStatusExecution] c18fe1fc-36e5-42c6-a94c-691eb977813f [2026-09-07T11:08:21.348731] App instance exited with guid c18fe1fc-36e5-42c6-a94c-691eb977813f payload: {"instance"=>"55e5959d-bc32-4112-52aa-8d51", "index"=>0, "cell_id"=>"77283d80-dfa7-40ba-ba4e-265aef112085", "reason"=>"CRASHED", "exit_description"=>"APP/PROC/WEB: Exited with status 1", "crash_count"=>2, "crash_timestamp"=>1788779301315056831, "version"=>"a543f0b4-1a62-4ee8-95a3-dd087aa536e2"} (STDOUT, API)#
#2026 09 07 11:08:21.852#Z#DEBUG#ee464cf9-aaab-11f1-a0e6-eeee0a85092e.order-app-srv#flowable-async-job-executor-thread-40354#
[PollStartAppStatusExecution] c18fe1fc-36e5-42c6-a94c-691eb977813f [2026-09-07T11:08:21.469343] Cell c839c7b1-088e-41af-b9b7-66256aacd457 creating container for instance cb81266c-f083-424c-7342-1f91 (STDOUT, CELL)#
#2026 09 07 11:08:21.852#Z#DEBUG#ee464cf9-aaab-11f1-a0e6-eeee0a85092e.order-app-srv#flowable-async-job-executor-thread-40354#
[PollStartAppStatusExecution] c18fe1fc-36e5-42c6-a94c-691eb977813f [2026-09-07T11:08:21.544834] Exit status 137 (STDOUT, PROXY)#
#2026 09 07 11:08:31.955#Z#DEBUG#ee464cf9-aaab-11f1-a0e6-eeee0a85092e.order-app-srv#flowable-async-job-executor-thread-40366#
[PollStartAppStatusExecution] c18fe1fc-36e5-42c6-a94c-691eb977813f [2026-09-07T11:08:22.304266] Security group rules were updated (STDOUT, CELL)#
#2026 09 07 11:08:31.955#Z#DEBUG#ee464cf9-aaab-11f1-a0e6-eeee0a85092e.order-app-srv#flowable-async-job-executor-thread-40366#
[PollStartAppStatusExecution] c18fe1fc-36e5-42c6-a94c-691eb977813f [2026-09-07T11:08:22.405760] Cell c839c7b1-088e-41af-b9b7-66256aacd457 successfully created container for instance cb81266c-f083-424c-7342-1f91 (STDOUT, CELL)#
#2026 09 07 11:08:31.955#Z#DEBUG#ee464cf9-aaab-11f1-a0e6-eeee0a85092e.order-app-srv#flowable-async-job-executor-thread-40366#
[PollStartAppStatusExecution] c18fe1fc-36e5-42c6-a94c-691eb977813f [2026-09-07T11:08:22.813560] Downloading droplet... (STDOUT, CELL)#
#2026 09 07 11:08:31.955#Z#DEBUG#ee464cf9-aaab-11f1-a0e6-eeee0a85092e.order-app-srv#flowable-async-job-executor-thread-40366#
[PollStartAppStatusExecution] c18fe1fc-36e5-42c6-a94c-691eb977813f [2026-09-07T11:08:23.868620] Cell 77283d80-dfa7-40ba-ba4e-265aef112085 successfully destroyed container for instance 55e5959d-bc32-4112-52aa-8d51 (STDOUT, CELL)#
#2026 09 07 11:08:31.955#Z#DEBUG#ee464cf9-aaab-11f1-a0e6-eeee0a85092e.order-app-srv#flowable-async-job-executor-thread-40366#
[PollStartAppStatusExecution] c18fe1fc-36e5-42c6-a94c-691eb977813f [2026-09-07T11:08:24.686157] Downloaded droplet (STDOUT, CELL)#
#2026 09 07 11:08:31.955#Z#DEBUG#ee464cf9-aaab-11f1-a0e6-eeee0a85092e.order-app-srv#flowable-async-job-executor-thread-40366#
[PollStartAppStatusExecution] c18fe1fc-36e5-42c6-a94c-691eb977813f [2026-09-07T11:08:24.686642] Starting health monitoring of container (STDOUT, CELL)#
#2026 09 07 11:08:31.955#Z#DEBUG#ee464cf9-aaab-11f1-a0e6-eeee0a85092e.order-app-srv#flowable-async-job-executor-thread-40366#
[PollStartAppStatusExecution] c18fe1fc-36e5-42c6-a94c-691eb977813f [2026-09-07T11:08:24.810332] Invoking pre-start scripts. (STDOUT, APP/PROC/WEB)#
#2026 09 07 11:08:31.955#Z#DEBUG#ee464cf9-aaab-11f1-a0e6-eeee0a85092e.order-app-srv#flowable-async-job-executor-thread-40366#
[PollStartAppStatusExecution] c18fe1fc-36e5-42c6-a94c-691eb977813f [2026-09-07T11:08:25.044807] Invoking start command. (STDOUT, APP/PROC/WEB)#
#2026 09 07 11:08:31.955#Z#DEBUG#ee464cf9-aaab-11f1-a0e6-eeee0a85092e.order-app-srv#flowable-async-job-executor-thread-40366#
[PollStartAppStatusExecution] c18fe1fc-36e5-42c6-a94c-691eb977813f [2026-09-07T11:08:25.541318] > order-app@1.0.0 start (STDOUT, APP/PROC/WEB)#
#2026 09 07 11:08:31.955#Z#DEBUG#ee464cf9-aaab-11f1-a0e6-eeee0a85092e.order-app-srv#flowable-async-job-executor-thread-40366#
[PollStartAppStatusExecution] c18fe1fc-36e5-42c6-a94c-691eb977813f [2026-09-07T11:08:25.541353] > cds-serve (STDOUT, APP/PROC/WEB)#
#2026 09 07 11:08:31.955#Z#DEBUG#ee464cf9-aaab-11f1-a0e6-eeee0a85092e.order-app-srv#flowable-async-job-executor-thread-40366#
[PollStartAppStatusExecution] c18fe1fc-36e5-42c6-a94c-691eb977813f [2026-09-07T11:08:25.843644] {"level":"info","logger":"cds","timestamp":"2026-09-07T11:08:25.842Z","layer":"cds","component_type":"application","container_id":"10.32.2.6","component_id":"c18fe1fc-36e5-42c6-a94c-691eb977813f","component_name":"order-app-srv","component_instance":0,"source_instance":0,"organization_name":"d0df43b9trial","organization_id":"188e7b36-f870-46ac-b4b4-fcdce414afb1","space_name":"dev","space_id":"383e080d-c4c5-4598-b9e9-72e78ff581ba","msg":"loaded model from 1 file(s):\n ","type":"log"} (STDOUT, APP/PROC/WEB)#
#2026 09 07 11:08:31.955#Z#DEBUG#ee464cf9-aaab-11f1-a0e6-eeee0a85092e.order-app-srv#flowable-async-job-executor-thread-40366#
[PollStartAppStatusExecution] c18fe1fc-36e5-42c6-a94c-691eb977813f [2026-09-07T11:08:25.843932] srv/csn.json (STDOUT, APP/PROC/WEB)#
#2026 09 07 11:08:31.955#Z#DEBUG#ee464cf9-aaab-11f1-a0e6-eeee0a85092e.order-app-srv#flowable-async-job-executor-thread-40366#
[PollStartAppStatusExecution] c18fe1fc-36e5-42c6-a94c-691eb977813f [2026-09-07T11:08:26.075059] {"level":"info","logger":"cds","timestamp":"2026-09-07T11:08:26.072Z","layer":"cds","component_type":"application","container_id":"10.32.2.6","component_id":"c18fe1fc-36e5-42c6-a94c-691eb977813f","component_name":"order-app-srv","component_instance":0,"source_instance":0,"organization_name":"d0df43b9trial","organization_id":"188e7b36-f870-46ac-b4b4-fcdce414afb1","space_name":"dev","space_id":"383e080d-c4c5-4598-b9e9-72e78ff581ba","msg":"connect to db > hana {\n  database_id: '26160d64-6f37-4efa-b584-ec2ead369fa1',\n  host: '26160d64-6f37-4efa-b584-ec2ead369fa1.hna0.prod-us10.hanacloud.ondemand.com',\n  port: '443',\n  driver: 'com.sap.db.jdbc.Driver',\n  url: 'jdbc:sap://26160d64-6f37-4efa-b584-ec2ead369fa1.hna0.prod-us10.hanacloud.ondemand.com:443?encrypt=true&validateCertificate=true&currentschema=75964680DA0B4C82840C1BA9494A874F',\n  schema: '75964680DA0B4C82840C1BA9494A874F',\n  certificate: '...',\n  hdi_user: '75964680DA0B4C82840C1BA9494A874F_C5QBNMQINUJ6JSPOZA8LTIZQX_DT',\n  hdi_password: '...',\n  user: '75964680DA0B4C82840C1BA9494A874F_C5QBNMQINUJ6JSPOZA8LTIZQX_RT',\n  password: '...'\n}","type":"log"} (STDOUT, APP/PROC/WEB)#
#2026 09 07 11:08:31.955#Z#DEBUG#ee464cf9-aaab-11f1-a0e6-eeee0a85092e.order-app-srv#flowable-async-job-executor-thread-40366#
[PollStartAppStatusExecution] c18fe1fc-36e5-42c6-a94c-691eb977813f [2026-09-07T11:08:26.106122] {"level":"info","logger":"cds","timestamp":"2026-09-07T11:08:26.105Z","layer":"cds","component_type":"application","container_id":"10.32.2.6","component_id":"c18fe1fc-36e5-42c6-a94c-691eb977813f","component_name":"order-app-srv","component_instance":0,"source_instance":0,"organization_name":"d0df43b9trial","organization_id":"188e7b36-f870-46ac-b4b4-fcdce414afb1","space_name":"dev","space_id":"383e080d-c4c5-4598-b9e9-72e78ff581ba","msg":"using auth strategy { kind: 'jwt' }","type":"log"} (STDOUT, APP/PROC/WEB)#
#2026 09 07 11:08:31.955#Z#DEBUG#ee464cf9-aaab-11f1-a0e6-eeee0a85092e.order-app-srv#flowable-async-job-executor-thread-40366#
[PollStartAppStatusExecution] c18fe1fc-36e5-42c6-a94c-691eb977813f [2026-09-07T11:08:26.107459] node:internal/modules/cjs/loader:1517 (STDERR, APP/PROC/WEB)#
#2026 09 07 11:08:31.955#Z#DEBUG#ee464cf9-aaab-11f1-a0e6-eeee0a85092e.order-app-srv#flowable-async-job-executor-thread-40366#
[PollStartAppStatusExecution] c18fe1fc-36e5-42c6-a94c-691eb977813f [2026-09-07T11:08:26.107481] const err = new Error(message); (STDERR, APP/PROC/WEB)#
#2026 09 07 11:08:31.955#Z#DEBUG#ee464cf9-aaab-11f1-a0e6-eeee0a85092e.order-app-srv#flowable-async-job-executor-thread-40366#
[PollStartAppStatusExecution] c18fe1fc-36e5-42c6-a94c-691eb977813f [2026-09-07T11:08:26.107486] ^ (STDERR, APP/PROC/WEB)#
#2026 09 07 11:08:31.955#Z#DEBUG#ee464cf9-aaab-11f1-a0e6-eeee0a85092e.order-app-srv#flowable-async-job-executor-thread-40366#
[PollStartAppStatusExecution] c18fe1fc-36e5-42c6-a94c-691eb977813f [2026-09-07T11:08:26.107490] Error: Cannot find '@sap/xssec'. Make sure to install it with 'npm i @sap/xssec' (STDERR, APP/PROC/WEB)#
#2026 09 07 11:08:31.955#Z#DEBUG#ee464cf9-aaab-11f1-a0e6-eeee0a85092e.order-app-srv#flowable-async-job-executor-thread-40366#
[PollStartAppStatusExecution] c18fe1fc-36e5-42c6-a94c-691eb977813f [2026-09-07T11:08:26.107500] Cannot find module '@sap/xssec' (STDERR, APP/PROC/WEB)#
#2026 09 07 11:08:31.955#Z#DEBUG#ee464cf9-aaab-11f1-a0e6-eeee0a85092e.order-app-srv#flowable-async-job-executor-thread-40366#
[PollStartAppStatusExecution] c18fe1fc-36e5-42c6-a94c-691eb977813f [2026-09-07T11:08:26.107503] Require stack: (STDERR, APP/PROC/WEB)#
#2026 09 07 11:08:31.955#Z#DEBUG#ee464cf9-aaab-11f1-a0e6-eeee0a85092e.order-app-srv#flowable-async-job-executor-thread-40366#
[PollStartAppStatusExecution] c18fe1fc-36e5-42c6-a94c-691eb977813f [2026-09-07T11:08:26.107506] - /home/vcap/app/node_modules/@sap/cds/lib/srv/middlewares/auth/xssec.js (STDERR, APP/PROC/WEB)#
#2026 09 07 11:08:31.955#Z#DEBUG#ee464cf9-aaab-11f1-a0e6-eeee0a85092e.order-app-srv#flowable-async-job-executor-thread-40366#
[PollStartAppStatusExecution] c18fe1fc-36e5-42c6-a94c-691eb977813f [2026-09-07T11:08:26.107507] - /home/vcap/app/node_modules/@sap/cds/lib/srv/middlewares/auth/jwt-auth.js (STDERR, APP/PROC/WEB)#
#2026 09 07 11:08:31.955#Z#DEBUG#ee464cf9-aaab-11f1-a0e6-eeee0a85092e.order-app-srv#flowable-async-job-executor-thread-40366#
[PollStartAppStatusExecution] c18fe1fc-36e5-42c6-a94c-691eb977813f [2026-09-07T11:08:26.107514] - /home/vcap/app/node_modules/@sap/cds/lib/srv/middlewares/auth/index.js (STDERR, APP/PROC/WEB)#
#2026 09 07 11:08:31.955#Z#DEBUG#ee464cf9-aaab-11f1-a0e6-eeee0a85092e.order-app-srv#flowable-async-job-executor-thread-40366#
[PollStartAppStatusExecution] c18fe1fc-36e5-42c6-a94c-691eb977813f [2026-09-07T11:08:26.107517] - /home/vcap/app/node_modules/@sap/cds/lib/srv/middlewares/index.js (STDERR, APP/PROC/WEB)#
#2026 09 07 11:08:31.955#Z#DEBUG#ee464cf9-aaab-11f1-a0e6-eeee0a85092e.order-app-srv#flowable-async-job-executor-thread-40366#
[PollStartAppStatusExecution] c18fe1fc-36e5-42c6-a94c-691eb977813f [2026-09-07T11:08:26.107520] - /home/vcap/app/node_modules/@sap/cds/lib/index.js (STDERR, APP/PROC/WEB)#
#2026 09 07 11:08:31.955#Z#DEBUG#ee464cf9-aaab-11f1-a0e6-eeee0a85092e.order-app-srv#flowable-async-job-executor-thread-40366#
[PollStartAppStatusExecution] c18fe1fc-36e5-42c6-a94c-691eb977813f [2026-09-07T11:08:26.107524] - /home/vcap/app/node_modules/@sap/cds/bin/serve.js (STDERR, APP/PROC/WEB)#
#2026 09 07 11:08:31.955#Z#DEBUG#ee464cf9-aaab-11f1-a0e6-eeee0a85092e.order-app-srv#flowable-async-job-executor-thread-40366#
[PollStartAppStatusExecution] c18fe1fc-36e5-42c6-a94c-691eb977813f [2026-09-07T11:08:26.107529] at Module._resolveFilename (node:internal/modules/cjs/loader:1517:15) (STDERR, APP/PROC/WEB)#
#2026 09 07 11:08:31.955#Z#DEBUG#ee464cf9-aaab-11f1-a0e6-eeee0a85092e.order-app-srv#flowable-async-job-executor-thread-40366#
[PollStartAppStatusExecution] c18fe1fc-36e5-42c6-a94c-691eb977813f [2026-09-07T11:08:26.107532] at wrapResolveFilename (node:internal/modules/cjs/loader:1071:27) (STDERR, APP/PROC/WEB)#
#2026 09 07 11:08:31.955#Z#DEBUG#ee464cf9-aaab-11f1-a0e6-eeee0a85092e.order-app-srv#flowable-async-job-executor-thread-40366#
[PollStartAppStatusExecution] c18fe1fc-36e5-42c6-a94c-691eb977813f [2026-09-07T11:08:26.107535] at defaultResolveImplForCJSLoading (node:internal/modules/cjs/loader:1095:10) (STDERR, APP/PROC/WEB)#
#2026 09 07 11:08:31.955#Z#DEBUG#ee464cf9-aaab-11f1-a0e6-eeee0a85092e.order-app-srv#flowable-async-job-executor-thread-40366#
[PollStartAppStatusExecution] c18fe1fc-36e5-42c6-a94c-691eb977813f [2026-09-07T11:08:26.107537] at resolveForCJSWithHooks (node:internal/modules/cjs/loader:1122:12) (STDERR, APP/PROC/WEB)#
#2026 09 07 11:08:31.955#Z#DEBUG#ee464cf9-aaab-11f1-a0e6-eeee0a85092e.order-app-srv#flowable-async-job-executor-thread-40366#
[PollStartAppStatusExecution] c18fe1fc-36e5-42c6-a94c-691eb977813f [2026-09-07T11:08:26.107540] at Module._load (node:internal/modules/cjs/loader:1294:5) (STDERR, APP/PROC/WEB)#
#2026 09 07 11:08:31.955#Z#DEBUG#ee464cf9-aaab-11f1-a0e6-eeee0a85092e.order-app-srv#flowable-async-job-executor-thread-40366#
[PollStartAppStatusExecution] c18fe1fc-36e5-42c6-a94c-691eb977813f [2026-09-07T11:08:26.107543] at wrapModuleLoad (node:internal/modules/cjs/loader:255:19) (STDERR, APP/PROC/WEB)#
#2026 09 07 11:08:31.955#Z#DEBUG#ee464cf9-aaab-11f1-a0e6-eeee0a85092e.order-app-srv#flowable-async-job-executor-thread-40366#
[PollStartAppStatusExecution] c18fe1fc-36e5-42c6-a94c-691eb977813f [2026-09-07T11:08:26.107546] at Module.require (node:internal/modules/cjs/loader:1617:12) (STDERR, APP/PROC/WEB)#
#2026 09 07 11:08:31.955#Z#DEBUG#ee464cf9-aaab-11f1-a0e6-eeee0a85092e.order-app-srv#flowable-async-job-executor-thread-40366#
[PollStartAppStatusExecution] c18fe1fc-36e5-42c6-a94c-691eb977813f [2026-09-07T11:08:26.107549] at require (node:internal/modules/helpers:153:16) (STDERR, APP/PROC/WEB)#
#2026 09 07 11:08:31.955#Z#DEBUG#ee464cf9-aaab-11f1-a0e6-eeee0a85092e.order-app-srv#flowable-async-job-executor-thread-40366#
[PollStartAppStatusExecution] c18fe1fc-36e5-42c6-a94c-691eb977813f [2026-09-07T11:08:26.107553] at Object.<anonymous> (/home/vcap/app/node_modules/@sap/cds/lib/srv/middlewares/auth/xssec.js:2:17) (STDERR, APP/PROC/WEB)#
#2026 09 07 11:08:31.955#Z#DEBUG#ee464cf9-aaab-11f1-a0e6-eeee0a85092e.order-app-srv#flowable-async-job-executor-thread-40366#
[PollStartAppStatusExecution] c18fe1fc-36e5-42c6-a94c-691eb977813f [2026-09-07T11:08:26.107556] at Module._compile (node:internal/modules/cjs/loader:1871:14) { (STDERR, APP/PROC/WEB)#
#2026 09 07 11:08:31.955#Z#DEBUG#ee464cf9-aaab-11f1-a0e6-eeee0a85092e.order-app-srv#flowable-async-job-executor-thread-40366#
[PollStartAppStatusExecution] c18fe1fc-36e5-42c6-a94c-691eb977813f [2026-09-07T11:08:26.107558] code: 'MODULE_NOT_FOUND', (STDERR, APP/PROC/WEB)#
#2026 09 07 11:08:31.955#Z#DEBUG#ee464cf9-aaab-11f1-a0e6-eeee0a85092e.order-app-srv#flowable-async-job-executor-thread-40366#
[PollStartAppStatusExecution] c18fe1fc-36e5-42c6-a94c-691eb977813f [2026-09-07T11:08:26.107563] requireStack: [ (STDERR, APP/PROC/WEB)#
#2026 09 07 11:08:31.955#Z#DEBUG#ee464cf9-aaab-11f1-a0e6-eeee0a85092e.order-app-srv#flowable-async-job-executor-thread-40366#
[PollStartAppStatusExecution] c18fe1fc-36e5-42c6-a94c-691eb977813f [2026-09-07T11:08:26.107565] '/home/vcap/app/node_modules/@sap/cds/lib/srv/middlewares/auth/xssec.js', (STDERR, APP/PROC/WEB)#
#2026 09 07 11:08:31.955#Z#DEBUG#ee464cf9-aaab-11f1-a0e6-eeee0a85092e.order-app-srv#flowable-async-job-executor-thread-40366#
[PollStartAppStatusExecution] c18fe1fc-36e5-42c6-a94c-691eb977813f [2026-09-07T11:08:26.107568] '/home/vcap/app/node_modules/@sap/cds/lib/srv/middlewares/auth/jwt-auth.js', (STDERR, APP/PROC/WEB)#
#2026 09 07 11:08:31.955#Z#DEBUG#ee464cf9-aaab-11f1-a0e6-eeee0a85092e.order-app-srv#flowable-async-job-executor-thread-40366#
[PollStartAppStatusExecution] c18fe1fc-36e5-42c6-a94c-691eb977813f [2026-09-07T11:08:26.107570] '/home/vcap/app/node_modules/@sap/cds/lib/srv/middlewares/auth/index.js', (STDERR, APP/PROC/WEB)#
#2026 09 07 11:08:31.955#Z#DEBUG#ee464cf9-aaab-11f1-a0e6-eeee0a85092e.order-app-srv#flowable-async-job-executor-thread-40366#
[PollStartAppStatusExecution] c18fe1fc-36e5-42c6-a94c-691eb977813f [2026-09-07T11:08:26.107573] '/home/vcap/app/node_modules/@sap/cds/lib/srv/middlewares/index.js', (STDERR, APP/PROC/WEB)#
#2026 09 07 11:08:31.955#Z#DEBUG#ee464cf9-aaab-11f1-a0e6-eeee0a85092e.order-app-srv#flowable-async-job-executor-thread-40366#
[PollStartAppStatusExecution] c18fe1fc-36e5-42c6-a94c-691eb977813f [2026-09-07T11:08:26.107577] '/home/vcap/app/node_modules/@sap/cds/lib/index.js', (STDERR, APP/PROC/WEB)#
#2026 09 07 11:08:31.955#Z#DEBUG#ee464cf9-aaab-11f1-a0e6-eeee0a85092e.order-app-srv#flowable-async-job-executor-thread-40366#
[PollStartAppStatusExecution] c18fe1fc-36e5-42c6-a94c-691eb977813f [2026-09-07T11:08:26.107580] '/home/vcap/app/node_modules/@sap/cds/bin/serve.js' (STDERR, APP/PROC/WEB)#
#2026 09 07 11:08:31.955#Z#DEBUG#ee464cf9-aaab-11f1-a0e6-eeee0a85092e.order-app-srv#flowable-async-job-executor-thread-40366#
[PollStartAppStatusExecution] c18fe1fc-36e5-42c6-a94c-691eb977813f [2026-09-07T11:08:26.107582] ] (STDERR, APP/PROC/WEB)#
#2026 09 07 11:08:31.955#Z#DEBUG#ee464cf9-aaab-11f1-a0e6-eeee0a85092e.order-app-srv#flowable-async-job-executor-thread-40366#
[PollStartAppStatusExecution] c18fe1fc-36e5-42c6-a94c-691eb977813f [2026-09-07T11:08:26.107584] } (STDERR, APP/PROC/WEB)#
#2026 09 07 11:08:31.955#Z#DEBUG#ee464cf9-aaab-11f1-a0e6-eeee0a85092e.order-app-srv#flowable-async-job-executor-thread-40366#
[PollStartAppStatusExecution] c18fe1fc-36e5-42c6-a94c-691eb977813f [2026-09-07T11:08:26.107587] Node.js v24.18.0 (STDERR, APP/PROC/WEB)#
#2026 09 07 11:08:31.955#Z#DEBUG#ee464cf9-aaab-11f1-a0e6-eeee0a85092e.order-app-srv#flowable-async-job-executor-thread-40366#
[PollStartAppStatusExecution] c18fe1fc-36e5-42c6-a94c-691eb977813f [2026-09-07T11:08:26.130928] npm notice (STDERR, APP/PROC/WEB)#
#2026 09 07 11:08:31.955#Z#DEBUG#ee464cf9-aaab-11f1-a0e6-eeee0a85092e.order-app-srv#flowable-async-job-executor-thread-40366#
[PollStartAppStatusExecution] c18fe1fc-36e5-42c6-a94c-691eb977813f [2026-09-07T11:08:26.130963] npm notice New major version of npm available! 11.16.0 -> 12.0.2 (STDERR, APP/PROC/WEB)#
#2026 09 07 11:08:31.955#Z#DEBUG#ee464cf9-aaab-11f1-a0e6-eeee0a85092e.order-app-srv#flowable-async-job-executor-thread-40366#
[PollStartAppStatusExecution] c18fe1fc-36e5-42c6-a94c-691eb977813f [2026-09-07T11:08:26.130969] npm notice Changelog: https://github.com/npm/cli/releases/tag/v12.0.2 (STDERR, APP/PROC/WEB)#
#2026 09 07 11:08:31.955#Z#DEBUG#ee464cf9-aaab-11f1-a0e6-eeee0a85092e.order-app-srv#flowable-async-job-executor-thread-40366#
[PollStartAppStatusExecution] c18fe1fc-36e5-42c6-a94c-691eb977813f [2026-09-07T11:08:26.130971] npm notice To update run: npm install -g npm@12.0.2 (STDERR, APP/PROC/WEB)#
#2026 09 07 11:08:31.955#Z#DEBUG#ee464cf9-aaab-11f1-a0e6-eeee0a85092e.order-app-srv#flowable-async-job-executor-thread-40366#
[PollStartAppStatusExecution] c18fe1fc-36e5-42c6-a94c-691eb977813f [2026-09-07T11:08:26.130973] npm notice (STDERR, APP/PROC/WEB)#
#2026 09 07 11:08:31.955#Z#DEBUG#ee464cf9-aaab-11f1-a0e6-eeee0a85092e.order-app-srv#flowable-async-job-executor-thread-40366#
[PollStartAppStatusExecution] c18fe1fc-36e5-42c6-a94c-691eb977813f [2026-09-07T11:08:26.228854] Exit status 1 (STDOUT, APP/PROC/WEB)#
#2026 09 07 11:08:41.952#Z#DEBUG#ee464cf9-aaab-11f1-a0e6-eeee0a85092e.order-app-srv#flowable-async-job-executor-thread-40372#
[PollStartAppStatusExecution] c18fe1fc-36e5-42c6-a94c-691eb977813f [2026-09-07T11:08:32.561315] Cell c839c7b1-088e-41af-b9b7-66256aacd457 stopping instance cb81266c-f083-424c-7342-1f91 (STDOUT, CELL)#
#2026 09 07 11:08:41.952#Z#DEBUG#ee464cf9-aaab-11f1-a0e6-eeee0a85092e.order-app-srv#flowable-async-job-executor-thread-40372#
[PollStartAppStatusExecution] c18fe1fc-36e5-42c6-a94c-691eb977813f [2026-09-07T11:08:32.561352] Cell c839c7b1-088e-41af-b9b7-66256aacd457 destroying container for instance cb81266c-f083-424c-7342-1f91 (STDOUT, CELL)#
#2026 09 07 11:08:41.952#Z#DEBUG#ee464cf9-aaab-11f1-a0e6-eeee0a85092e.order-app-srv#flowable-async-job-executor-thread-40372#
[PollStartAppStatusExecution] c18fe1fc-36e5-42c6-a94c-691eb977813f [2026-09-07T11:08:32.581055] Process has crashed with type: "web" (STDOUT, API)#
#2026 09 07 11:08:41.952#Z#DEBUG#ee464cf9-aaab-11f1-a0e6-eeee0a85092e.order-app-srv#flowable-async-job-executor-thread-40372#
[PollStartAppStatusExecution] c18fe1fc-36e5-42c6-a94c-691eb977813f [2026-09-07T11:08:32.594716] App instance exited with guid c18fe1fc-36e5-42c6-a94c-691eb977813f payload: {"instance"=>"cb81266c-f083-424c-7342-1f91", "index"=>0, "cell_id"=>"c839c7b1-088e-41af-b9b7-66256aacd457", "reason"=>"CRASHED", "exit_description"=>"APP/PROC/WEB: Exited with status 1", "crash_count"=>3, "crash_timestamp"=>1788779312557588654, "version"=>"a543f0b4-1a62-4ee8-95a3-dd087aa536e2"} (STDOUT, API)#
#2026 09 07 11:08:41.952#Z#DEBUG#ee464cf9-aaab-11f1-a0e6-eeee0a85092e.order-app-srv#flowable-async-job-executor-thread-40372#
[PollStartAppStatusExecution] c18fe1fc-36e5-42c6-a94c-691eb977813f [2026-09-07T11:08:32.768658] Exit status 137 (STDOUT, PROXY)#
#2026 09 07 11:08:41.952#Z#DEBUG#ee464cf9-aaab-11f1-a0e6-eeee0a85092e.order-app-srv#flowable-async-job-executor-thread-40372#
[PollStartAppStatusExecution] c18fe1fc-36e5-42c6-a94c-691eb977813f [2026-09-07T11:08:35.063755] Cell c839c7b1-088e-41af-b9b7-66256aacd457 successfully destroyed container for instance cb81266c-f083-424c-7342-1f91 (STDOUT, CELL)#
#2026 09 07 11:08:52.076#Z#DEBUG#ee464cf9-aaab-11f1-a0e6-eeee0a85092e.order-app-srv#flowable-async-job-executor-thread-17002#
[PollStartAppStatusExecution] c18fe1fc-36e5-42c6-a94c-691eb977813f [2026-09-07T11:08:32.561315] Cell c839c7b1-088e-41af-b9b7-66256aacd457 stopping instance cb81266c-f083-424c-7342-1f91 (STDOUT, CELL)#
#2026 09 07 11:08:52.076#Z#DEBUG#ee464cf9-aaab-11f1-a0e6-eeee0a85092e.order-app-srv#flowable-async-job-executor-thread-17002#
[PollStartAppStatusExecution] c18fe1fc-36e5-42c6-a94c-691eb977813f [2026-09-07T11:08:32.561352] Cell c839c7b1-088e-41af-b9b7-66256aacd457 destroying container for instance cb81266c-f083-424c-7342-1f91 (STDOUT, CELL)#
#2026 09 07 11:08:52.076#Z#DEBUG#ee464cf9-aaab-11f1-a0e6-eeee0a85092e.order-app-srv#flowable-async-job-executor-thread-17002#
[PollStartAppStatusExecution] c18fe1fc-36e5-42c6-a94c-691eb977813f [2026-09-07T11:08:32.581055] Process has crashed with type: "web" (STDOUT, API)#
#2026 09 07 11:08:52.076#Z#DEBUG#ee464cf9-aaab-11f1-a0e6-eeee0a85092e.order-app-srv#flowable-async-job-executor-thread-17002#
[PollStartAppStatusExecution] c18fe1fc-36e5-42c6-a94c-691eb977813f [2026-09-07T11:08:32.594716] App instance exited with guid c18fe1fc-36e5-42c6-a94c-691eb977813f payload: {"instance"=>"cb81266c-f083-424c-7342-1f91", "index"=>0, "cell_id"=>"c839c7b1-088e-41af-b9b7-66256aacd457", "reason"=>"CRASHED", "exit_description"=>"APP/PROC/WEB: Exited with status 1", "crash_count"=>3, "crash_timestamp"=>1788779312557588654, "version"=>"a543f0b4-1a62-4ee8-95a3-dd087aa536e2"} (STDOUT, API)#
#2026 09 07 11:08:52.076#Z#DEBUG#ee464cf9-aaab-11f1-a0e6-eeee0a85092e.order-app-srv#flowable-async-job-executor-thread-17002#
[PollStartAppStatusExecution] c18fe1fc-36e5-42c6-a94c-691eb977813f [2026-09-07T11:08:32.768658] Exit status 137 (STDOUT, PROXY)#
#2026 09 07 11:08:52.076#Z#DEBUG#ee464cf9-aaab-11f1-a0e6-eeee0a85092e.order-app-srv#flowable-async-job-executor-thread-17002#
[PollStartAppStatusExecution] c18fe1fc-36e5-42c6-a94c-691eb977813f [2026-09-07T11:08:35.063755] Cell c839c7b1-088e-41af-b9b7-66256aacd457 successfully destroyed container for instance cb81266c-f083-424c-7342-1f91 (STDOUT, CELL)#
#2026 09 07 11:08:52.076#Z#DEBUG#ee464cf9-aaab-11f1-a0e6-eeee0a85092e.order-app-srv#flowable-async-job-executor-thread-17002#
[PollStartAppStatusExecution] c18fe1fc-36e5-42c6-a94c-691eb977813f [2026-09-07T11:08:44.590965] Stopping app with guid c18fe1fc-36e5-42c6-a94c-691eb977813f (STDOUT, API)#
#2026 09 07 11:08:52.076#Z#DEBUG#ee464cf9-aaab-11f1-a0e6-eeee0a85092e.order-app-srv#flowable-async-job-executor-thread-17002#
[PollStartAppStatusExecution] c18fe1fc-36e5-42c6-a94c-691eb977813f [2026-09-07T11:08:44.733454] Starting app with guid c18fe1fc-36e5-42c6-a94c-691eb977813f (STDOUT, API)#
#2026 09 07 11:08:52.076#Z#DEBUG#ee464cf9-aaab-11f1-a0e6-eeee0a85092e.order-app-srv#flowable-async-job-executor-thread-17002#
[PollStartAppStatusExecution] c18fe1fc-36e5-42c6-a94c-691eb977813f [2026-09-07T11:08:45.109894] Cell 684caff8-89cd-492b-be01-b3d0835f1763 creating container for instance 8550edca-1a0b-4f2a-735c-92e2 (STDOUT, CELL)#
#2026 09 07 11:08:52.076#Z#DEBUG#ee464cf9-aaab-11f1-a0e6-eeee0a85092e.order-app-srv#flowable-async-job-executor-thread-17002#
[PollStartAppStatusExecution] c18fe1fc-36e5-42c6-a94c-691eb977813f [2026-09-07T11:08:46.029717] Security group rules were updated (STDOUT, CELL)#
#2026 09 07 11:08:52.076#Z#DEBUG#ee464cf9-aaab-11f1-a0e6-eeee0a85092e.order-app-srv#flowable-async-job-executor-thread-17002#
[PollStartAppStatusExecution] c18fe1fc-36e5-42c6-a94c-691eb977813f [2026-09-07T11:08:46.126917] Cell 684caff8-89cd-492b-be01-b3d0835f1763 successfully created container for instance 8550edca-1a0b-4f2a-735c-92e2 (STDOUT, CELL)#
#2026 09 07 11:08:52.076#Z#DEBUG#ee464cf9-aaab-11f1-a0e6-eeee0a85092e.order-app-srv#flowable-async-job-executor-thread-17002#
[PollStartAppStatusExecution] c18fe1fc-36e5-42c6-a94c-691eb977813f [2026-09-07T11:08:46.851808] Downloading droplet... (STDOUT, CELL)#
#2026 09 07 11:08:52.076#Z#DEBUG#ee464cf9-aaab-11f1-a0e6-eeee0a85092e.order-app-srv#flowable-async-job-executor-thread-17002#
[PollStartAppStatusExecution] c18fe1fc-36e5-42c6-a94c-691eb977813f [2026-09-07T11:08:50.934772] Downloaded droplet (60.6M) (STDOUT, CELL)#
#2026 09 07 11:08:52.076#Z#DEBUG#ee464cf9-aaab-11f1-a0e6-eeee0a85092e.order-app-srv#flowable-async-job-executor-thread-17002#
[PollStartAppStatusExecution] c18fe1fc-36e5-42c6-a94c-691eb977813f [2026-09-07T11:08:50.934977] Starting health monitoring of container (STDOUT, CELL)#
#2026 09 07 11:08:52.076#Z#DEBUG#ee464cf9-aaab-11f1-a0e6-eeee0a85092e.order-app-srv#flowable-async-job-executor-thread-17002#
[PollStartAppStatusExecution] c18fe1fc-36e5-42c6-a94c-691eb977813f [2026-09-07T11:08:51.088793] Invoking pre-start scripts. (STDOUT, APP/PROC/WEB)#
#2026 09 07 11:08:52.076#Z#DEBUG#ee464cf9-aaab-11f1-a0e6-eeee0a85092e.order-app-srv#flowable-async-job-executor-thread-17002#
[PollStartAppStatusExecution] c18fe1fc-36e5-42c6-a94c-691eb977813f [2026-09-07T11:08:51.334687] Invoking start command. (STDOUT, APP/PROC/WEB)#
#2026 09 07 11:09:02.292#Z#DEBUG#ee464cf9-aaab-11f1-a0e6-eeee0a85092e.order-app-srv#flowable-async-job-executor-thread-40385#
[PollStartAppStatusExecution] c18fe1fc-36e5-42c6-a94c-691eb977813f [2026-09-07T11:08:51.905924] > order-app@1.0.0 start (STDOUT, APP/PROC/WEB)#
#2026 09 07 11:09:02.292#Z#DEBUG#ee464cf9-aaab-11f1-a0e6-eeee0a85092e.order-app-srv#flowable-async-job-executor-thread-40385#
[PollStartAppStatusExecution] c18fe1fc-36e5-42c6-a94c-691eb977813f [2026-09-07T11:08:51.905961] > cds-serve (STDOUT, APP/PROC/WEB)#
#2026 09 07 11:09:02.292#Z#DEBUG#ee464cf9-aaab-11f1-a0e6-eeee0a85092e.order-app-srv#flowable-async-job-executor-thread-40385#
[PollStartAppStatusExecution] c18fe1fc-36e5-42c6-a94c-691eb977813f [2026-09-07T11:08:52.240532] {"level":"info","logger":"cds","timestamp":"2026-09-07T11:08:52.238Z","layer":"cds","component_type":"application","container_id":"10.32.1.6","component_id":"c18fe1fc-36e5-42c6-a94c-691eb977813f","component_name":"order-app-srv","component_instance":0,"source_instance":0,"organization_name":"d0df43b9trial","organization_id":"188e7b36-f870-46ac-b4b4-fcdce414afb1","space_name":"dev","space_id":"383e080d-c4c5-4598-b9e9-72e78ff581ba","msg":"loaded model from 1 file(s):\n ","type":"log"} (STDOUT, APP/PROC/WEB)#
#2026 09 07 11:09:02.292#Z#DEBUG#ee464cf9-aaab-11f1-a0e6-eeee0a85092e.order-app-srv#flowable-async-job-executor-thread-40385#
[PollStartAppStatusExecution] c18fe1fc-36e5-42c6-a94c-691eb977813f [2026-09-07T11:08:52.241289] srv/csn.json (STDOUT, APP/PROC/WEB)#
#2026 09 07 11:09:02.292#Z#DEBUG#ee464cf9-aaab-11f1-a0e6-eeee0a85092e.order-app-srv#flowable-async-job-executor-thread-40385#
[PollStartAppStatusExecution] c18fe1fc-36e5-42c6-a94c-691eb977813f [2026-09-07T11:08:52.542483] {"level":"info","logger":"cds","timestamp":"2026-09-07T11:08:52.541Z","layer":"cds","component_type":"application","container_id":"10.32.1.6","component_id":"c18fe1fc-36e5-42c6-a94c-691eb977813f","component_name":"order-app-srv","component_instance":0,"source_instance":0,"organization_name":"d0df43b9trial","organization_id":"188e7b36-f870-46ac-b4b4-fcdce414afb1","space_name":"dev","space_id":"383e080d-c4c5-4598-b9e9-72e78ff581ba","msg":"connect to db > hana {\n  database_id: '26160d64-6f37-4efa-b584-ec2ead369fa1',\n  host: '26160d64-6f37-4efa-b584-ec2ead369fa1.hna0.prod-us10.hanacloud.ondemand.com',\n  port: '443',\n  driver: 'com.sap.db.jdbc.Driver',\n  url: 'jdbc:sap://26160d64-6f37-4efa-b584-ec2ead369fa1.hna0.prod-us10.hanacloud.ondemand.com:443?encrypt=true&validateCertificate=true&currentschema=75964680DA0B4C82840C1BA9494A874F',\n  schema: '75964680DA0B4C82840C1BA9494A874F',\n  certificate: '...',\n  hdi_user: '75964680DA0B4C82840C1BA9494A874F_C5QBNMQINUJ6JSPOZA8LTIZQX_DT',\n  hdi_password: '...',\n  user: '75964680DA0B4C82840C1BA9494A874F_C5QBNMQINUJ6JSPOZA8LTIZQX_RT',\n  password: '...'\n}","type":"log"} (STDOUT, APP/PROC/WEB)#
#2026 09 07 11:09:02.292#Z#DEBUG#ee464cf9-aaab-11f1-a0e6-eeee0a85092e.order-app-srv#flowable-async-job-executor-thread-40385#
[PollStartAppStatusExecution] c18fe1fc-36e5-42c6-a94c-691eb977813f [2026-09-07T11:08:52.583760] {"level":"info","logger":"cds","timestamp":"2026-09-07T11:08:52.583Z","layer":"cds","component_type":"application","container_id":"10.32.1.6","component_id":"c18fe1fc-36e5-42c6-a94c-691eb977813f","component_name":"order-app-srv","component_instance":0,"source_instance":0,"organization_name":"d0df43b9trial","organization_id":"188e7b36-f870-46ac-b4b4-fcdce414afb1","space_name":"dev","space_id":"383e080d-c4c5-4598-b9e9-72e78ff581ba","msg":"using auth strategy { kind: 'jwt' }","type":"log"} (STDOUT, APP/PROC/WEB)#
#2026 09 07 11:09:02.292#Z#DEBUG#ee464cf9-aaab-11f1-a0e6-eeee0a85092e.order-app-srv#flowable-async-job-executor-thread-40385#
[PollStartAppStatusExecution] c18fe1fc-36e5-42c6-a94c-691eb977813f [2026-09-07T11:08:52.586463] node:internal/modules/cjs/loader:1517 (STDERR, APP/PROC/WEB)#
#2026 09 07 11:09:02.292#Z#DEBUG#ee464cf9-aaab-11f1-a0e6-eeee0a85092e.order-app-srv#flowable-async-job-executor-thread-40385#
[PollStartAppStatusExecution] c18fe1fc-36e5-42c6-a94c-691eb977813f [2026-09-07T11:08:52.586489] const err = new Error(message); (STDERR, APP/PROC/WEB)#
#2026 09 07 11:09:02.292#Z#DEBUG#ee464cf9-aaab-11f1-a0e6-eeee0a85092e.order-app-srv#flowable-async-job-executor-thread-40385#
[PollStartAppStatusExecution] c18fe1fc-36e5-42c6-a94c-691eb977813f [2026-09-07T11:08:52.586493] ^ (STDERR, APP/PROC/WEB)#
#2026 09 07 11:09:02.292#Z#DEBUG#ee464cf9-aaab-11f1-a0e6-eeee0a85092e.order-app-srv#flowable-async-job-executor-thread-40385#
[PollStartAppStatusExecution] c18fe1fc-36e5-42c6-a94c-691eb977813f [2026-09-07T11:08:52.586497] Error: Cannot find '@sap/xssec'. Make sure to install it with 'npm i @sap/xssec' (STDERR, APP/PROC/WEB)#
#2026 09 07 11:09:02.292#Z#DEBUG#ee464cf9-aaab-11f1-a0e6-eeee0a85092e.order-app-srv#flowable-async-job-executor-thread-40385#
[PollStartAppStatusExecution] c18fe1fc-36e5-42c6-a94c-691eb977813f [2026-09-07T11:08:52.586501] Cannot find module '@sap/xssec' (STDERR, APP/PROC/WEB)#
#2026 09 07 11:09:02.292#Z#DEBUG#ee464cf9-aaab-11f1-a0e6-eeee0a85092e.order-app-srv#flowable-async-job-executor-thread-40385#
[PollStartAppStatusExecution] c18fe1fc-36e5-42c6-a94c-691eb977813f [2026-09-07T11:08:52.586505] Require stack: (STDERR, APP/PROC/WEB)#
#2026 09 07 11:09:02.292#Z#DEBUG#ee464cf9-aaab-11f1-a0e6-eeee0a85092e.order-app-srv#flowable-async-job-executor-thread-40385#
[PollStartAppStatusExecution] c18fe1fc-36e5-42c6-a94c-691eb977813f [2026-09-07T11:08:52.586508] - /home/vcap/app/node_modules/@sap/cds/lib/srv/middlewares/auth/xssec.js (STDERR, APP/PROC/WEB)#
#2026 09 07 11:09:02.292#Z#DEBUG#ee464cf9-aaab-11f1-a0e6-eeee0a85092e.order-app-srv#flowable-async-job-executor-thread-40385#
[PollStartAppStatusExecution] c18fe1fc-36e5-42c6-a94c-691eb977813f [2026-09-07T11:08:52.586515] - /home/vcap/app/node_modules/@sap/cds/lib/srv/middlewares/auth/jwt-auth.js (STDERR, APP/PROC/WEB)#
#2026 09 07 11:09:02.292#Z#DEBUG#ee464cf9-aaab-11f1-a0e6-eeee0a85092e.order-app-srv#flowable-async-job-executor-thread-40385#
[PollStartAppStatusExecution] c18fe1fc-36e5-42c6-a94c-691eb977813f [2026-09-07T11:08:52.586518] - /home/vcap/app/node_modules/@sap/cds/lib/srv/middlewares/auth/index.js (STDERR, APP/PROC/WEB)#
#2026 09 07 11:09:02.292#Z#DEBUG#ee464cf9-aaab-11f1-a0e6-eeee0a85092e.order-app-srv#flowable-async-job-executor-thread-40385#
[PollStartAppStatusExecution] c18fe1fc-36e5-42c6-a94c-691eb977813f [2026-09-07T11:08:52.586525] - /home/vcap/app/node_modules/@sap/cds/lib/srv/middlewares/index.js (STDERR, APP/PROC/WEB)#
#2026 09 07 11:09:02.292#Z#DEBUG#ee464cf9-aaab-11f1-a0e6-eeee0a85092e.order-app-srv#flowable-async-job-executor-thread-40385#
[PollStartAppStatusExecution] c18fe1fc-36e5-42c6-a94c-691eb977813f [2026-09-07T11:08:52.586528] - /home/vcap/app/node_modules/@sap/cds/lib/index.js (STDERR, APP/PROC/WEB)#
#2026 09 07 11:09:02.292#Z#DEBUG#ee464cf9-aaab-11f1-a0e6-eeee0a85092e.order-app-srv#flowable-async-job-executor-thread-40385#
[PollStartAppStatusExecution] c18fe1fc-36e5-42c6-a94c-691eb977813f [2026-09-07T11:08:52.586531] - /home/vcap/app/node_modules/@sap/cds/bin/serve.js (STDERR, APP/PROC/WEB)#
#2026 09 07 11:09:02.292#Z#DEBUG#ee464cf9-aaab-11f1-a0e6-eeee0a85092e.order-app-srv#flowable-async-job-executor-thread-40385#
[PollStartAppStatusExecution] c18fe1fc-36e5-42c6-a94c-691eb977813f [2026-09-07T11:08:52.586534] at Module._resolveFilename (node:internal/modules/cjs/loader:1517:15) (STDERR, APP/PROC/WEB)#
#2026 09 07 11:09:02.292#Z#DEBUG#ee464cf9-aaab-11f1-a0e6-eeee0a85092e.order-app-srv#flowable-async-job-executor-thread-40385#
[PollStartAppStatusExecution] c18fe1fc-36e5-42c6-a94c-691eb977813f [2026-09-07T11:08:52.586536] at wrapResolveFilename (node:internal/modules/cjs/loader:1071:27) (STDERR, APP/PROC/WEB)#
#2026 09 07 11:09:02.292#Z#DEBUG#ee464cf9-aaab-11f1-a0e6-eeee0a85092e.order-app-srv#flowable-async-job-executor-thread-40385#
[PollStartAppStatusExecution] c18fe1fc-36e5-42c6-a94c-691eb977813f [2026-09-07T11:08:52.586541] at defaultResolveImplForCJSLoading (node:internal/modules/cjs/loader:1095:10) (STDERR, APP/PROC/WEB)#
#2026 09 07 11:09:02.292#Z#DEBUG#ee464cf9-aaab-11f1-a0e6-eeee0a85092e.order-app-srv#flowable-async-job-executor-thread-40385#
[PollStartAppStatusExecution] c18fe1fc-36e5-42c6-a94c-691eb977813f [2026-09-07T11:08:52.586543] at resolveForCJSWithHooks (node:internal/modules/cjs/loader:1122:12) (STDERR, APP/PROC/WEB)#
#2026 09 07 11:09:02.292#Z#DEBUG#ee464cf9-aaab-11f1-a0e6-eeee0a85092e.order-app-srv#flowable-async-job-executor-thread-40385#
[PollStartAppStatusExecution] c18fe1fc-36e5-42c6-a94c-691eb977813f [2026-09-07T11:08:52.586546] at Module._load (node:internal/modules/cjs/loader:1294:5) (STDERR, APP/PROC/WEB)#
#2026 09 07 11:09:02.292#Z#DEBUG#ee464cf9-aaab-11f1-a0e6-eeee0a85092e.order-app-srv#flowable-async-job-executor-thread-40385#
[PollStartAppStatusExecution] c18fe1fc-36e5-42c6-a94c-691eb977813f [2026-09-07T11:08:52.586548] at wrapModuleLoad (node:internal/modules/cjs/loader:255:19) (STDERR, APP/PROC/WEB)#
#2026 09 07 11:09:02.292#Z#DEBUG#ee464cf9-aaab-11f1-a0e6-eeee0a85092e.order-app-srv#flowable-async-job-executor-thread-40385#
[PollStartAppStatusExecution] c18fe1fc-36e5-42c6-a94c-691eb977813f [2026-09-07T11:08:52.586551] at Module.require (node:internal/modules/cjs/loader:1617:12) (STDERR, APP/PROC/WEB)#
#2026 09 07 11:09:02.292#Z#DEBUG#ee464cf9-aaab-11f1-a0e6-eeee0a85092e.order-app-srv#flowable-async-job-executor-thread-40385#
[PollStartAppStatusExecution] c18fe1fc-36e5-42c6-a94c-691eb977813f [2026-09-07T11:08:52.586553] at require (node:internal/modules/helpers:153:16) (STDERR, APP/PROC/WEB)#
#2026 09 07 11:09:02.292#Z#DEBUG#ee464cf9-aaab-11f1-a0e6-eeee0a85092e.order-app-srv#flowable-async-job-executor-thread-40385#
[PollStartAppStatusExecution] c18fe1fc-36e5-42c6-a94c-691eb977813f [2026-09-07T11:08:52.586558] at Object.<anonymous> (/home/vcap/app/node_modules/@sap/cds/lib/srv/middlewares/auth/xssec.js:2:17) (STDERR, APP/PROC/WEB)#
#2026 09 07 11:09:02.292#Z#DEBUG#ee464cf9-aaab-11f1-a0e6-eeee0a85092e.order-app-srv#flowable-async-job-executor-thread-40385#
[PollStartAppStatusExecution] c18fe1fc-36e5-42c6-a94c-691eb977813f [2026-09-07T11:08:52.586560] at Module._compile (node:internal/modules/cjs/loader:1871:14) { (STDERR, APP/PROC/WEB)#
#2026 09 07 11:09:02.292#Z#DEBUG#ee464cf9-aaab-11f1-a0e6-eeee0a85092e.order-app-srv#flowable-async-job-executor-thread-40385#
[PollStartAppStatusExecution] c18fe1fc-36e5-42c6-a94c-691eb977813f [2026-09-07T11:08:52.586562] code: 'MODULE_NOT_FOUND', (STDERR, APP/PROC/WEB)#
#2026 09 07 11:09:02.292#Z#DEBUG#ee464cf9-aaab-11f1-a0e6-eeee0a85092e.order-app-srv#flowable-async-job-executor-thread-40385#
[PollStartAppStatusExecution] c18fe1fc-36e5-42c6-a94c-691eb977813f [2026-09-07T11:08:52.586566] requireStack: [ (STDERR, APP/PROC/WEB)#
#2026 09 07 11:09:02.292#Z#DEBUG#ee464cf9-aaab-11f1-a0e6-eeee0a85092e.order-app-srv#flowable-async-job-executor-thread-40385#
[PollStartAppStatusExecution] c18fe1fc-36e5-42c6-a94c-691eb977813f [2026-09-07T11:08:52.586568] '/home/vcap/app/node_modules/@sap/cds/lib/srv/middlewares/auth/xssec.js', (STDERR, APP/PROC/WEB)#
#2026 09 07 11:09:02.292#Z#DEBUG#ee464cf9-aaab-11f1-a0e6-eeee0a85092e.order-app-srv#flowable-async-job-executor-thread-40385#
[PollStartAppStatusExecution] c18fe1fc-36e5-42c6-a94c-691eb977813f [2026-09-07T11:08:52.586571] '/home/vcap/app/node_modules/@sap/cds/lib/srv/middlewares/auth/jwt-auth.js', (STDERR, APP/PROC/WEB)#
#2026 09 07 11:09:02.292#Z#DEBUG#ee464cf9-aaab-11f1-a0e6-eeee0a85092e.order-app-srv#flowable-async-job-executor-thread-40385#
[PollStartAppStatusExecution] c18fe1fc-36e5-42c6-a94c-691eb977813f [2026-09-07T11:08:52.586573] '/home/vcap/app/node_modules/@sap/cds/lib/srv/middlewares/auth/index.js', (STDERR, APP/PROC/WEB)#
#2026 09 07 11:09:02.292#Z#DEBUG#ee464cf9-aaab-11f1-a0e6-eeee0a85092e.order-app-srv#flowable-async-job-executor-thread-40385#
[PollStartAppStatusExecution] c18fe1fc-36e5-42c6-a94c-691eb977813f [2026-09-07T11:08:52.586576] '/home/vcap/app/node_modules/@sap/cds/lib/srv/middlewares/index.js', (STDERR, APP/PROC/WEB)#
#2026 09 07 11:09:02.292#Z#DEBUG#ee464cf9-aaab-11f1-a0e6-eeee0a85092e.order-app-srv#flowable-async-job-executor-thread-40385#
[PollStartAppStatusExecution] c18fe1fc-36e5-42c6-a94c-691eb977813f [2026-09-07T11:08:52.586578] '/home/vcap/app/node_modules/@sap/cds/lib/index.js', (STDERR, APP/PROC/WEB)#
#2026 09 07 11:09:02.292#Z#DEBUG#ee464cf9-aaab-11f1-a0e6-eeee0a85092e.order-app-srv#flowable-async-job-executor-thread-40385#
[PollStartAppStatusExecution] c18fe1fc-36e5-42c6-a94c-691eb977813f [2026-09-07T11:08:52.586580] '/home/vcap/app/node_modules/@sap/cds/bin/serve.js' (STDERR, APP/PROC/WEB)#
#2026 09 07 11:09:02.292#Z#DEBUG#ee464cf9-aaab-11f1-a0e6-eeee0a85092e.order-app-srv#flowable-async-job-executor-thread-40385#
[PollStartAppStatusExecution] c18fe1fc-36e5-42c6-a94c-691eb977813f [2026-09-07T11:08:52.586582] ] (STDERR, APP/PROC/WEB)#
#2026 09 07 11:09:02.292#Z#DEBUG#ee464cf9-aaab-11f1-a0e6-eeee0a85092e.order-app-srv#flowable-async-job-executor-thread-40385#
[PollStartAppStatusExecution] c18fe1fc-36e5-42c6-a94c-691eb977813f [2026-09-07T11:08:52.586584] } (STDERR, APP/PROC/WEB)#
#2026 09 07 11:09:02.292#Z#DEBUG#ee464cf9-aaab-11f1-a0e6-eeee0a85092e.order-app-srv#flowable-async-job-executor-thread-40385#
[PollStartAppStatusExecution] c18fe1fc-36e5-42c6-a94c-691eb977813f [2026-09-07T11:08:52.586588] Node.js v24.18.0 (STDERR, APP/PROC/WEB)#
#2026 09 07 11:09:02.292#Z#DEBUG#ee464cf9-aaab-11f1-a0e6-eeee0a85092e.order-app-srv#flowable-async-job-executor-thread-40385#
[PollStartAppStatusExecution] c18fe1fc-36e5-42c6-a94c-691eb977813f [2026-09-07T11:08:52.605239] npm notice (STDERR, APP/PROC/WEB)#
#2026 09 07 11:09:02.292#Z#DEBUG#ee464cf9-aaab-11f1-a0e6-eeee0a85092e.order-app-srv#flowable-async-job-executor-thread-40385#
[PollStartAppStatusExecution] c18fe1fc-36e5-42c6-a94c-691eb977813f [2026-09-07T11:08:52.605272] npm notice New major version of npm available! 11.16.0 -> 12.0.2 (STDERR, APP/PROC/WEB)#
#2026 09 07 11:09:02.292#Z#DEBUG#ee464cf9-aaab-11f1-a0e6-eeee0a85092e.order-app-srv#flowable-async-job-executor-thread-40385#
[PollStartAppStatusExecution] c18fe1fc-36e5-42c6-a94c-691eb977813f [2026-09-07T11:08:52.605276] npm notice Changelog: https://github.com/npm/cli/releases/tag/v12.0.2 (STDERR, APP/PROC/WEB)#
#2026 09 07 11:09:02.292#Z#DEBUG#ee464cf9-aaab-11f1-a0e6-eeee0a85092e.order-app-srv#flowable-async-job-executor-thread-40385#
[PollStartAppStatusExecution] c18fe1fc-36e5-42c6-a94c-691eb977813f [2026-09-07T11:08:52.605285] npm notice To update run: npm install -g npm@12.0.2 (STDERR, APP/PROC/WEB)#
#2026 09 07 11:09:02.292#Z#DEBUG#ee464cf9-aaab-11f1-a0e6-eeee0a85092e.order-app-srv#flowable-async-job-executor-thread-40385#
[PollStartAppStatusExecution] c18fe1fc-36e5-42c6-a94c-691eb977813f [2026-09-07T11:08:52.605289] npm notice (STDERR, APP/PROC/WEB)#
#2026 09 07 11:09:02.292#Z#DEBUG#ee464cf9-aaab-11f1-a0e6-eeee0a85092e.order-app-srv#flowable-async-job-executor-thread-40385#
[PollStartAppStatusExecution] c18fe1fc-36e5-42c6-a94c-691eb977813f [2026-09-07T11:08:52.679517] Exit status 1 (STDOUT, APP/PROC/WEB)#
#2026 09 07 11:09:02.292#Z#DEBUG#ee464cf9-aaab-11f1-a0e6-eeee0a85092e.order-app-srv#flowable-async-job-executor-thread-40385#
[PollStartAppStatusExecution] c18fe1fc-36e5-42c6-a94c-691eb977813f [2026-09-07T11:08:59.530592] Cell 684caff8-89cd-492b-be01-b3d0835f1763 stopping instance 8550edca-1a0b-4f2a-735c-92e2 (STDOUT, CELL)#
#2026 09 07 11:09:02.292#Z#DEBUG#ee464cf9-aaab-11f1-a0e6-eeee0a85092e.order-app-srv#flowable-async-job-executor-thread-40385#
[PollStartAppStatusExecution] c18fe1fc-36e5-42c6-a94c-691eb977813f [2026-09-07T11:08:59.530637] Cell 684caff8-89cd-492b-be01-b3d0835f1763 destroying container for instance 8550edca-1a0b-4f2a-735c-92e2 (STDOUT, CELL)#
#2026 09 07 11:09:02.292#Z#DEBUG#ee464cf9-aaab-11f1-a0e6-eeee0a85092e.order-app-srv#flowable-async-job-executor-thread-40385#
[PollStartAppStatusExecution] c18fe1fc-36e5-42c6-a94c-691eb977813f [2026-09-07T11:08:59.537257] Process has crashed with type: "web" (STDOUT, API)#
#2026 09 07 11:09:02.292#Z#DEBUG#ee464cf9-aaab-11f1-a0e6-eeee0a85092e.order-app-srv#flowable-async-job-executor-thread-40385#
[PollStartAppStatusExecution] c18fe1fc-36e5-42c6-a94c-691eb977813f [2026-09-07T11:08:59.548399] App instance exited with guid c18fe1fc-36e5-42c6-a94c-691eb977813f payload: {"instance"=>"8550edca-1a0b-4f2a-735c-92e2", "index"=>0, "cell_id"=>"684caff8-89cd-492b-be01-b3d0835f1763", "reason"=>"CRASHED", "exit_description"=>"APP/PROC/WEB: Exited with status 1", "crash_count"=>1, "crash_timestamp"=>1788779339509048820, "version"=>"573a7761-d27d-4d70-afab-93948138b71a"} (STDOUT, API)#
#2026 09 07 11:09:02.292#Z#DEBUG#ee464cf9-aaab-11f1-a0e6-eeee0a85092e.order-app-srv#flowable-async-job-executor-thread-40385#
[PollStartAppStatusExecution] c18fe1fc-36e5-42c6-a94c-691eb977813f [2026-09-07T11:08:59.662557] Cell 77283d80-dfa7-40ba-ba4e-265aef112085 creating container for instance 144e01e1-f5e4-4519-615d-8737 (STDOUT, CELL)#
#2026 09 07 11:09:02.292#Z#DEBUG#ee464cf9-aaab-11f1-a0e6-eeee0a85092e.order-app-srv#flowable-async-job-executor-thread-40385#
[PollStartAppStatusExecution] c18fe1fc-36e5-42c6-a94c-691eb977813f [2026-09-07T11:08:59.782701] Exit status 137 (STDOUT, PROXY)#
#2026 09 07 11:09:02.292#Z#DEBUG#ee464cf9-aaab-11f1-a0e6-eeee0a85092e.order-app-srv#flowable-async-job-executor-thread-40385#
[PollStartAppStatusExecution] c18fe1fc-36e5-42c6-a94c-691eb977813f [2026-09-07T11:09:00.676967] Security group rules were updated (STDOUT, CELL)#
#2026 09 07 11:09:02.292#Z#DEBUG#ee464cf9-aaab-11f1-a0e6-eeee0a85092e.order-app-srv#flowable-async-job-executor-thread-40385#
[PollStartAppStatusExecution] c18fe1fc-36e5-42c6-a94c-691eb977813f [2026-09-07T11:09:00.784232] Cell 77283d80-dfa7-40ba-ba4e-265aef112085 successfully created container for instance 144e01e1-f5e4-4519-615d-8737 (STDOUT, CELL)#
#2026 09 07 11:09:02.292#Z#DEBUG#ee464cf9-aaab-11f1-a0e6-eeee0a85092e.order-app-srv#flowable-async-job-executor-thread-40385#
[PollStartAppStatusExecution] c18fe1fc-36e5-42c6-a94c-691eb977813f [2026-09-07T11:09:01.621176] Downloading droplet... (STDOUT, CELL)#
#2026 09 07 11:09:12.190#Z#DEBUG#ee464cf9-aaab-11f1-a0e6-eeee0a85092e.order-app-srv#flowable-async-job-executor-thread-40398#
[PollStartAppStatusExecution] c18fe1fc-36e5-42c6-a94c-691eb977813f [2026-09-07T11:09:02.309211] Cell 684caff8-89cd-492b-be01-b3d0835f1763 successfully destroyed container for instance 8550edca-1a0b-4f2a-735c-92e2 (STDOUT, CELL)#
#2026 09 07 11:09:12.190#Z#DEBUG#ee464cf9-aaab-11f1-a0e6-eeee0a85092e.order-app-srv#flowable-async-job-executor-thread-40398#
[PollStartAppStatusExecution] c18fe1fc-36e5-42c6-a94c-691eb977813f [2026-09-07T11:09:05.890451] Downloaded droplet (60.6M) (STDOUT, CELL)#
#2026 09 07 11:09:12.190#Z#DEBUG#ee464cf9-aaab-11f1-a0e6-eeee0a85092e.order-app-srv#flowable-async-job-executor-thread-40398#
[PollStartAppStatusExecution] c18fe1fc-36e5-42c6-a94c-691eb977813f [2026-09-07T11:09:05.890621] Starting health monitoring of container (STDOUT, CELL)#
#2026 09 07 11:09:12.190#Z#DEBUG#ee464cf9-aaab-11f1-a0e6-eeee0a85092e.order-app-srv#flowable-async-job-executor-thread-40398#
[PollStartAppStatusExecution] c18fe1fc-36e5-42c6-a94c-691eb977813f [2026-09-07T11:09:06.074538] Invoking pre-start scripts. (STDOUT, APP/PROC/WEB)#
#2026 09 07 11:09:12.190#Z#DEBUG#ee464cf9-aaab-11f1-a0e6-eeee0a85092e.order-app-srv#flowable-async-job-executor-thread-40398#
[PollStartAppStatusExecution] c18fe1fc-36e5-42c6-a94c-691eb977813f [2026-09-07T11:09:06.370735] Invoking start command. (STDOUT, APP/PROC/WEB)#
#2026 09 07 11:09:12.190#Z#DEBUG#ee464cf9-aaab-11f1-a0e6-eeee0a85092e.order-app-srv#flowable-async-job-executor-thread-40398#
[PollStartAppStatusExecution] c18fe1fc-36e5-42c6-a94c-691eb977813f [2026-09-07T11:09:06.980962] > order-app@1.0.0 start (STDOUT, APP/PROC/WEB)#
#2026 09 07 11:09:12.190#Z#DEBUG#ee464cf9-aaab-11f1-a0e6-eeee0a85092e.order-app-srv#flowable-async-job-executor-thread-40398#
[PollStartAppStatusExecution] c18fe1fc-36e5-42c6-a94c-691eb977813f [2026-09-07T11:09:06.981086] > cds-serve (STDOUT, APP/PROC/WEB)#
#2026 09 07 11:09:12.190#Z#DEBUG#ee464cf9-aaab-11f1-a0e6-eeee0a85092e.order-app-srv#flowable-async-job-executor-thread-40398#
[PollStartAppStatusExecution] c18fe1fc-36e5-42c6-a94c-691eb977813f [2026-09-07T11:09:07.313201] {"level":"info","logger":"cds","timestamp":"2026-09-07T11:09:07.311Z","layer":"cds","component_type":"application","container_id":"10.32.3.6","component_id":"c18fe1fc-36e5-42c6-a94c-691eb977813f","component_name":"order-app-srv","component_instance":0,"source_instance":0,"organization_name":"d0df43b9trial","organization_id":"188e7b36-f870-46ac-b4b4-fcdce414afb1","space_name":"dev","space_id":"383e080d-c4c5-4598-b9e9-72e78ff581ba","msg":"loaded model from 1 file(s):\n ","type":"log"} (STDOUT, APP/PROC/WEB)#
#2026 09 07 11:09:12.190#Z#DEBUG#ee464cf9-aaab-11f1-a0e6-eeee0a85092e.order-app-srv#flowable-async-job-executor-thread-40398#
[PollStartAppStatusExecution] c18fe1fc-36e5-42c6-a94c-691eb977813f [2026-09-07T11:09:07.313728] srv/csn.json (STDOUT, APP/PROC/WEB)#
#2026 09 07 11:09:12.190#Z#DEBUG#ee464cf9-aaab-11f1-a0e6-eeee0a85092e.order-app-srv#flowable-async-job-executor-thread-40398#
[PollStartAppStatusExecution] c18fe1fc-36e5-42c6-a94c-691eb977813f [2026-09-07T11:09:07.608545] {"level":"info","logger":"cds","timestamp":"2026-09-07T11:09:07.607Z","layer":"cds","component_type":"application","container_id":"10.32.3.6","component_id":"c18fe1fc-36e5-42c6-a94c-691eb977813f","component_name":"order-app-srv","component_instance":0,"source_instance":0,"organization_name":"d0df43b9trial","organization_id":"188e7b36-f870-46ac-b4b4-fcdce414afb1","space_name":"dev","space_id":"383e080d-c4c5-4598-b9e9-72e78ff581ba","msg":"connect to db > hana {\n  database_id: '26160d64-6f37-4efa-b584-ec2ead369fa1',\n  host: '26160d64-6f37-4efa-b584-ec2ead369fa1.hna0.prod-us10.hanacloud.ondemand.com',\n  port: '443',\n  driver: 'com.sap.db.jdbc.Driver',\n  url: 'jdbc:sap://26160d64-6f37-4efa-b584-ec2ead369fa1.hna0.prod-us10.hanacloud.ondemand.com:443?encrypt=true&validateCertificate=true&currentschema=75964680DA0B4C82840C1BA9494A874F',\n  schema: '75964680DA0B4C82840C1BA9494A874F',\n  certificate: '...',\n  hdi_user: '75964680DA0B4C82840C1BA9494A874F_C5QBNMQINUJ6JSPOZA8LTIZQX_DT',\n  hdi_password: '...',\n  user: '75964680DA0B4C82840C1BA9494A874F_C5QBNMQINUJ6JSPOZA8LTIZQX_RT',\n  password: '...'\n}","type":"log"} (STDOUT, APP/PROC/WEB)#
#2026 09 07 11:09:12.190#Z#DEBUG#ee464cf9-aaab-11f1-a0e6-eeee0a85092e.order-app-srv#flowable-async-job-executor-thread-40398#
[PollStartAppStatusExecution] c18fe1fc-36e5-42c6-a94c-691eb977813f [2026-09-07T11:09:07.649507] {"level":"info","logger":"cds","timestamp":"2026-09-07T11:09:07.648Z","layer":"cds","component_type":"application","container_id":"10.32.3.6","component_id":"c18fe1fc-36e5-42c6-a94c-691eb977813f","component_name":"order-app-srv","component_instance":0,"source_instance":0,"organization_name":"d0df43b9trial","organization_id":"188e7b36-f870-46ac-b4b4-fcdce414afb1","space_name":"dev","space_id":"383e080d-c4c5-4598-b9e9-72e78ff581ba","msg":"using auth strategy { kind: 'jwt' }","type":"log"} (STDOUT, APP/PROC/WEB)#
#2026 09 07 11:09:12.190#Z#DEBUG#ee464cf9-aaab-11f1-a0e6-eeee0a85092e.order-app-srv#flowable-async-job-executor-thread-40398#
[PollStartAppStatusExecution] c18fe1fc-36e5-42c6-a94c-691eb977813f [2026-09-07T11:09:07.651917] node:internal/modules/cjs/loader:1517 (STDERR, APP/PROC/WEB)#
#2026 09 07 11:09:12.190#Z#DEBUG#ee464cf9-aaab-11f1-a0e6-eeee0a85092e.order-app-srv#flowable-async-job-executor-thread-40398#
[PollStartAppStatusExecution] c18fe1fc-36e5-42c6-a94c-691eb977813f [2026-09-07T11:09:07.651943] const err = new Error(message); (STDERR, APP/PROC/WEB)#
#2026 09 07 11:09:12.190#Z#DEBUG#ee464cf9-aaab-11f1-a0e6-eeee0a85092e.order-app-srv#flowable-async-job-executor-thread-40398#
[PollStartAppStatusExecution] c18fe1fc-36e5-42c6-a94c-691eb977813f [2026-09-07T11:09:07.651953] ^ (STDERR, APP/PROC/WEB)#
#2026 09 07 11:09:12.190#Z#DEBUG#ee464cf9-aaab-11f1-a0e6-eeee0a85092e.order-app-srv#flowable-async-job-executor-thread-40398#
[PollStartAppStatusExecution] c18fe1fc-36e5-42c6-a94c-691eb977813f [2026-09-07T11:09:07.651959] Error: Cannot find '@sap/xssec'. Make sure to install it with 'npm i @sap/xssec' (STDERR, APP/PROC/WEB)#
#2026 09 07 11:09:12.190#Z#DEBUG#ee464cf9-aaab-11f1-a0e6-eeee0a85092e.order-app-srv#flowable-async-job-executor-thread-40398#
[PollStartAppStatusExecution] c18fe1fc-36e5-42c6-a94c-691eb977813f [2026-09-07T11:09:07.651964] Cannot find module '@sap/xssec' (STDERR, APP/PROC/WEB)#
#2026 09 07 11:09:12.190#Z#DEBUG#ee464cf9-aaab-11f1-a0e6-eeee0a85092e.order-app-srv#flowable-async-job-executor-thread-40398#
[PollStartAppStatusExecution] c18fe1fc-36e5-42c6-a94c-691eb977813f [2026-09-07T11:09:07.651968] Require stack: (STDERR, APP/PROC/WEB)#
#2026 09 07 11:09:12.190#Z#DEBUG#ee464cf9-aaab-11f1-a0e6-eeee0a85092e.order-app-srv#flowable-async-job-executor-thread-40398#
[PollStartAppStatusExecution] c18fe1fc-36e5-42c6-a94c-691eb977813f [2026-09-07T11:09:07.651971] - /home/vcap/app/node_modules/@sap/cds/lib/srv/middlewares/auth/xssec.js (STDERR, APP/PROC/WEB)#
#2026 09 07 11:09:12.190#Z#DEBUG#ee464cf9-aaab-11f1-a0e6-eeee0a85092e.order-app-srv#flowable-async-job-executor-thread-40398#
[PollStartAppStatusExecution] c18fe1fc-36e5-42c6-a94c-691eb977813f [2026-09-07T11:09:07.651974] - /home/vcap/app/node_modules/@sap/cds/lib/srv/middlewares/auth/jwt-auth.js (STDERR, APP/PROC/WEB)#
#2026 09 07 11:09:12.190#Z#DEBUG#ee464cf9-aaab-11f1-a0e6-eeee0a85092e.order-app-srv#flowable-async-job-executor-thread-40398#
[PollStartAppStatusExecution] c18fe1fc-36e5-42c6-a94c-691eb977813f [2026-09-07T11:09:07.651977] - /home/vcap/app/node_modules/@sap/cds/lib/srv/middlewares/auth/index.js (STDERR, APP/PROC/WEB)#
#2026 09 07 11:09:12.190#Z#DEBUG#ee464cf9-aaab-11f1-a0e6-eeee0a85092e.order-app-srv#flowable-async-job-executor-thread-40398#
[PollStartAppStatusExecution] c18fe1fc-36e5-42c6-a94c-691eb977813f [2026-09-07T11:09:07.651979] - /home/vcap/app/node_modules/@sap/cds/lib/srv/middlewares/index.js (STDERR, APP/PROC/WEB)#
#2026 09 07 11:09:12.190#Z#DEBUG#ee464cf9-aaab-11f1-a0e6-eeee0a85092e.order-app-srv#flowable-async-job-executor-thread-40398#
[PollStartAppStatusExecution] c18fe1fc-36e5-42c6-a94c-691eb977813f [2026-09-07T11:09:07.651983] - /home/vcap/app/node_modules/@sap/cds/lib/index.js (STDERR, APP/PROC/WEB)#
#2026 09 07 11:09:12.190#Z#DEBUG#ee464cf9-aaab-11f1-a0e6-eeee0a85092e.order-app-srv#flowable-async-job-executor-thread-40398#
[PollStartAppStatusExecution] c18fe1fc-36e5-42c6-a94c-691eb977813f [2026-09-07T11:09:07.651985] - /home/vcap/app/node_modules/@sap/cds/bin/serve.js (STDERR, APP/PROC/WEB)#
#2026 09 07 11:09:12.190#Z#DEBUG#ee464cf9-aaab-11f1-a0e6-eeee0a85092e.order-app-srv#flowable-async-job-executor-thread-40398#
[PollStartAppStatusExecution] c18fe1fc-36e5-42c6-a94c-691eb977813f [2026-09-07T11:09:07.651987] at Module._resolveFilename (node:internal/modules/cjs/loader:1517:15) (STDERR, APP/PROC/WEB)#
#2026 09 07 11:09:12.190#Z#DEBUG#ee464cf9-aaab-11f1-a0e6-eeee0a85092e.order-app-srv#flowable-async-job-executor-thread-40398#
[PollStartAppStatusExecution] c18fe1fc-36e5-42c6-a94c-691eb977813f [2026-09-07T11:09:07.652] at wrapResolveFilename (node:internal/modules/cjs/loader:1071:27) (STDERR, APP/PROC/WEB)#
#2026 09 07 11:09:12.190#Z#DEBUG#ee464cf9-aaab-11f1-a0e6-eeee0a85092e.order-app-srv#flowable-async-job-executor-thread-40398#
[PollStartAppStatusExecution] c18fe1fc-36e5-42c6-a94c-691eb977813f [2026-09-07T11:09:07.652007] at defaultResolveImplForCJSLoading (node:internal/modules/cjs/loader:1095:10) (STDERR, APP/PROC/WEB)#
#2026 09 07 11:09:12.190#Z#DEBUG#ee464cf9-aaab-11f1-a0e6-eeee0a85092e.order-app-srv#flowable-async-job-executor-thread-40398#
[PollStartAppStatusExecution] c18fe1fc-36e5-42c6-a94c-691eb977813f [2026-09-07T11:09:07.652010] at resolveForCJSWithHooks (node:internal/modules/cjs/loader:1122:12) (STDERR, APP/PROC/WEB)#
#2026 09 07 11:09:12.190#Z#DEBUG#ee464cf9-aaab-11f1-a0e6-eeee0a85092e.order-app-srv#flowable-async-job-executor-thread-40398#
[PollStartAppStatusExecution] c18fe1fc-36e5-42c6-a94c-691eb977813f [2026-09-07T11:09:07.652013] at Module._load (node:internal/modules/cjs/loader:1294:5) (STDERR, APP/PROC/WEB)#
#2026 09 07 11:09:12.190#Z#DEBUG#ee464cf9-aaab-11f1-a0e6-eeee0a85092e.order-app-srv#flowable-async-job-executor-thread-40398#
[PollStartAppStatusExecution] c18fe1fc-36e5-42c6-a94c-691eb977813f [2026-09-07T11:09:07.652016] at wrapModuleLoad (node:internal/modules/cjs/loader:255:19) (STDERR, APP/PROC/WEB)#
#2026 09 07 11:09:12.190#Z#DEBUG#ee464cf9-aaab-11f1-a0e6-eeee0a85092e.order-app-srv#flowable-async-job-executor-thread-40398#
[PollStartAppStatusExecution] c18fe1fc-36e5-42c6-a94c-691eb977813f [2026-09-07T11:09:07.652018] at Module.require (node:internal/modules/cjs/loader:1617:12) (STDERR, APP/PROC/WEB)#
#2026 09 07 11:09:12.190#Z#DEBUG#ee464cf9-aaab-11f1-a0e6-eeee0a85092e.order-app-srv#flowable-async-job-executor-thread-40398#
[PollStartAppStatusExecution] c18fe1fc-36e5-42c6-a94c-691eb977813f [2026-09-07T11:09:07.652023] at require (node:internal/modules/helpers:153:16) (STDERR, APP/PROC/WEB)#
#2026 09 07 11:09:12.190#Z#DEBUG#ee464cf9-aaab-11f1-a0e6-eeee0a85092e.order-app-srv#flowable-async-job-executor-thread-40398#
[PollStartAppStatusExecution] c18fe1fc-36e5-42c6-a94c-691eb977813f [2026-09-07T11:09:07.652027] at Object.<anonymous> (/home/vcap/app/node_modules/@sap/cds/lib/srv/middlewares/auth/xssec.js:2:17) (STDERR, APP/PROC/WEB)#
#2026 09 07 11:09:12.190#Z#DEBUG#ee464cf9-aaab-11f1-a0e6-eeee0a85092e.order-app-srv#flowable-async-job-executor-thread-40398#
[PollStartAppStatusExecution] c18fe1fc-36e5-42c6-a94c-691eb977813f [2026-09-07T11:09:07.652030] at Module._compile (node:internal/modules/cjs/loader:1871:14) { (STDERR, APP/PROC/WEB)#
#2026 09 07 11:09:12.190#Z#DEBUG#ee464cf9-aaab-11f1-a0e6-eeee0a85092e.order-app-srv#flowable-async-job-executor-thread-40398#
[PollStartAppStatusExecution] c18fe1fc-36e5-42c6-a94c-691eb977813f [2026-09-07T11:09:07.652032] code: 'MODULE_NOT_FOUND', (STDERR, APP/PROC/WEB)#
#2026 09 07 11:09:12.190#Z#DEBUG#ee464cf9-aaab-11f1-a0e6-eeee0a85092e.order-app-srv#flowable-async-job-executor-thread-40398#
[PollStartAppStatusExecution] c18fe1fc-36e5-42c6-a94c-691eb977813f [2026-09-07T11:09:07.652036] requireStack: [ (STDERR, APP/PROC/WEB)#
#2026 09 07 11:09:12.190#Z#DEBUG#ee464cf9-aaab-11f1-a0e6-eeee0a85092e.order-app-srv#flowable-async-job-executor-thread-40398#
[PollStartAppStatusExecution] c18fe1fc-36e5-42c6-a94c-691eb977813f [2026-09-07T11:09:07.652039] '/home/vcap/app/node_modules/@sap/cds/lib/srv/middlewares/auth/xssec.js', (STDERR, APP/PROC/WEB)#
#2026 09 07 11:09:12.190#Z#DEBUG#ee464cf9-aaab-11f1-a0e6-eeee0a85092e.order-app-srv#flowable-async-job-executor-thread-40398#
[PollStartAppStatusExecution] c18fe1fc-36e5-42c6-a94c-691eb977813f [2026-09-07T11:09:07.652041] '/home/vcap/app/node_modules/@sap/cds/lib/srv/middlewares/auth/jwt-auth.js', (STDERR, APP/PROC/WEB)#
#2026 09 07 11:09:12.190#Z#DEBUG#ee464cf9-aaab-11f1-a0e6-eeee0a85092e.order-app-srv#flowable-async-job-executor-thread-40398#
[PollStartAppStatusExecution] c18fe1fc-36e5-42c6-a94c-691eb977813f [2026-09-07T11:09:07.652047] '/home/vcap/app/node_modules/@sap/cds/lib/srv/middlewares/auth/index.js', (STDERR, APP/PROC/WEB)#
#2026 09 07 11:09:12.190#Z#DEBUG#ee464cf9-aaab-11f1-a0e6-eeee0a85092e.order-app-srv#flowable-async-job-executor-thread-40398#
[PollStartAppStatusExecution] c18fe1fc-36e5-42c6-a94c-691eb977813f [2026-09-07T11:09:07.652050] '/home/vcap/app/node_modules/@sap/cds/lib/srv/middlewares/index.js', (STDERR, APP/PROC/WEB)#
#2026 09 07 11:09:12.190#Z#DEBUG#ee464cf9-aaab-11f1-a0e6-eeee0a85092e.order-app-srv#flowable-async-job-executor-thread-40398#
[PollStartAppStatusExecution] c18fe1fc-36e5-42c6-a94c-691eb977813f [2026-09-07T11:09:07.652056] '/home/vcap/app/node_modules/@sap/cds/lib/index.js', (STDERR, APP/PROC/WEB)#
#2026 09 07 11:09:12.190#Z#DEBUG#ee464cf9-aaab-11f1-a0e6-eeee0a85092e.order-app-srv#flowable-async-job-executor-thread-40398#
[PollStartAppStatusExecution] c18fe1fc-36e5-42c6-a94c-691eb977813f [2026-09-07T11:09:07.652059] '/home/vcap/app/node_modules/@sap/cds/bin/serve.js' (STDERR, APP/PROC/WEB)#
#2026 09 07 11:09:12.190#Z#DEBUG#ee464cf9-aaab-11f1-a0e6-eeee0a85092e.order-app-srv#flowable-async-job-executor-thread-40398#
[PollStartAppStatusExecution] c18fe1fc-36e5-42c6-a94c-691eb977813f [2026-09-07T11:09:07.652061] ] (STDERR, APP/PROC/WEB)#
#2026 09 07 11:09:12.190#Z#DEBUG#ee464cf9-aaab-11f1-a0e6-eeee0a85092e.order-app-srv#flowable-async-job-executor-thread-40398#
[PollStartAppStatusExecution] c18fe1fc-36e5-42c6-a94c-691eb977813f [2026-09-07T11:09:07.652064] } (STDERR, APP/PROC/WEB)#
#2026 09 07 11:09:12.190#Z#DEBUG#ee464cf9-aaab-11f1-a0e6-eeee0a85092e.order-app-srv#flowable-async-job-executor-thread-40398#
[PollStartAppStatusExecution] c18fe1fc-36e5-42c6-a94c-691eb977813f [2026-09-07T11:09:07.652066] Node.js v24.18.0 (STDERR, APP/PROC/WEB)#
#2026 09 07 11:09:12.190#Z#DEBUG#ee464cf9-aaab-11f1-a0e6-eeee0a85092e.order-app-srv#flowable-async-job-executor-thread-40398#
[PollStartAppStatusExecution] c18fe1fc-36e5-42c6-a94c-691eb977813f [2026-09-07T11:09:07.678369] npm notice (STDERR, APP/PROC/WEB)#
#2026 09 07 11:09:12.190#Z#DEBUG#ee464cf9-aaab-11f1-a0e6-eeee0a85092e.order-app-srv#flowable-async-job-executor-thread-40398#
[PollStartAppStatusExecution] c18fe1fc-36e5-42c6-a94c-691eb977813f [2026-09-07T11:09:07.678409] npm notice New major version of npm available! 11.16.0 -> 12.0.2 (STDERR, APP/PROC/WEB)#
#2026 09 07 11:09:12.190#Z#DEBUG#ee464cf9-aaab-11f1-a0e6-eeee0a85092e.order-app-srv#flowable-async-job-executor-thread-40398#
[PollStartAppStatusExecution] c18fe1fc-36e5-42c6-a94c-691eb977813f [2026-09-07T11:09:07.678414] npm notice Changelog: https://github.com/npm/cli/releases/tag/v12.0.2 (STDERR, APP/PROC/WEB)#
#2026 09 07 11:09:12.190#Z#DEBUG#ee464cf9-aaab-11f1-a0e6-eeee0a85092e.order-app-srv#flowable-async-job-executor-thread-40398#
[PollStartAppStatusExecution] c18fe1fc-36e5-42c6-a94c-691eb977813f [2026-09-07T11:09:07.678417] npm notice To update run: npm install -g npm@12.0.2 (STDERR, APP/PROC/WEB)#
#2026 09 07 11:09:12.190#Z#DEBUG#ee464cf9-aaab-11f1-a0e6-eeee0a85092e.order-app-srv#flowable-async-job-executor-thread-40398#
[PollStartAppStatusExecution] c18fe1fc-36e5-42c6-a94c-691eb977813f [2026-09-07T11:09:07.678421] npm notice (STDERR, APP/PROC/WEB)#
#2026 09 07 11:09:12.190#Z#DEBUG#ee464cf9-aaab-11f1-a0e6-eeee0a85092e.order-app-srv#flowable-async-job-executor-thread-40398#
[PollStartAppStatusExecution] c18fe1fc-36e5-42c6-a94c-691eb977813f [2026-09-07T11:09:07.782601] Exit status 1 (STDOUT, APP/PROC/WEB)#
#2026 09 07 11:09:22.184#Z#DEBUG#ee464cf9-aaab-11f1-a0e6-eeee0a85092e.order-app-srv#flowable-async-job-executor-thread-40403#
[PollStartAppStatusExecution] c18fe1fc-36e5-42c6-a94c-691eb977813f [2026-09-07T11:09:14.663357] Cell 77283d80-dfa7-40ba-ba4e-265aef112085 stopping instance 144e01e1-f5e4-4519-615d-8737 (STDOUT, CELL)#
#2026 09 07 11:09:22.184#Z#DEBUG#ee464cf9-aaab-11f1-a0e6-eeee0a85092e.order-app-srv#flowable-async-job-executor-thread-40403#
[PollStartAppStatusExecution] c18fe1fc-36e5-42c6-a94c-691eb977813f [2026-09-07T11:09:14.663415] Cell 77283d80-dfa7-40ba-ba4e-265aef112085 destroying container for instance 144e01e1-f5e4-4519-615d-8737 (STDOUT, CELL)#
#2026 09 07 11:09:22.184#Z#DEBUG#ee464cf9-aaab-11f1-a0e6-eeee0a85092e.order-app-srv#flowable-async-job-executor-thread-40403#
[PollStartAppStatusExecution] c18fe1fc-36e5-42c6-a94c-691eb977813f [2026-09-07T11:09:14.668620] Process has crashed with type: "web" (STDOUT, API)#
#2026 09 07 11:09:22.184#Z#DEBUG#ee464cf9-aaab-11f1-a0e6-eeee0a85092e.order-app-srv#flowable-async-job-executor-thread-40403#
[PollStartAppStatusExecution] c18fe1fc-36e5-42c6-a94c-691eb977813f [2026-09-07T11:09:14.681053] App instance exited with guid c18fe1fc-36e5-42c6-a94c-691eb977813f payload: {"instance"=>"144e01e1-f5e4-4519-615d-8737", "index"=>0, "cell_id"=>"77283d80-dfa7-40ba-ba4e-265aef112085", "reason"=>"CRASHED", "exit_description"=>"APP/PROC/WEB: Exited with status 1", "crash_count"=>2, "crash_timestamp"=>1788779354645253597, "version"=>"573a7761-d27d-4d70-afab-93948138b71a"} (STDOUT, API)#
#2026 09 07 11:09:22.184#Z#DEBUG#ee464cf9-aaab-11f1-a0e6-eeee0a85092e.order-app-srv#flowable-async-job-executor-thread-40403#
[PollStartAppStatusExecution] c18fe1fc-36e5-42c6-a94c-691eb977813f [2026-09-07T11:09:14.798487] Cell d1cc041a-d5a1-41d6-b9f6-6cda736ce3f0 creating container for instance 13219419-5178-46c2-796d-49dc (STDOUT, CELL)#
#2026 09 07 11:09:22.184#Z#DEBUG#ee464cf9-aaab-11f1-a0e6-eeee0a85092e.order-app-srv#flowable-async-job-executor-thread-40403#
[PollStartAppStatusExecution] c18fe1fc-36e5-42c6-a94c-691eb977813f [2026-09-07T11:09:15.604924] Security group rules were updated (STDOUT, CELL)#
#2026 09 07 11:09:22.184#Z#DEBUG#ee464cf9-aaab-11f1-a0e6-eeee0a85092e.order-app-srv#flowable-async-job-executor-thread-40403#
[PollStartAppStatusExecution] c18fe1fc-36e5-42c6-a94c-691eb977813f [2026-09-07T11:09:15.701164] Cell d1cc041a-d5a1-41d6-b9f6-6cda736ce3f0 successfully created container for instance 13219419-5178-46c2-796d-49dc (STDOUT, CELL)#
#2026 09 07 11:09:22.184#Z#DEBUG#ee464cf9-aaab-11f1-a0e6-eeee0a85092e.order-app-srv#flowable-async-job-executor-thread-40403#
[PollStartAppStatusExecution] c18fe1fc-36e5-42c6-a94c-691eb977813f [2026-09-07T11:09:16.120901] Exit status 137 (STDOUT, PROXY)#
#2026 09 07 11:09:22.184#Z#DEBUG#ee464cf9-aaab-11f1-a0e6-eeee0a85092e.order-app-srv#flowable-async-job-executor-thread-40403#
[PollStartAppStatusExecution] c18fe1fc-36e5-42c6-a94c-691eb977813f [2026-09-07T11:09:16.819881] Downloading droplet... (STDOUT, CELL)#
#2026 09 07 11:09:22.184#Z#DEBUG#ee464cf9-aaab-11f1-a0e6-eeee0a85092e.order-app-srv#flowable-async-job-executor-thread-40403#
[PollStartAppStatusExecution] c18fe1fc-36e5-42c6-a94c-691eb977813f [2026-09-07T11:09:17.255937] Cell 77283d80-dfa7-40ba-ba4e-265aef112085 successfully destroyed container for instance 144e01e1-f5e4-4519-615d-8737 (STDOUT, CELL)#
#2026 09 07 11:09:22.184#Z#DEBUG#ee464cf9-aaab-11f1-a0e6-eeee0a85092e.order-app-srv#flowable-async-job-executor-thread-40403#
[PollStartAppStatusExecution] c18fe1fc-36e5-42c6-a94c-691eb977813f [2026-09-07T11:09:20.540499] Downloaded droplet (60.6M) (STDOUT, CELL)#
#2026 09 07 11:09:22.184#Z#DEBUG#ee464cf9-aaab-11f1-a0e6-eeee0a85092e.order-app-srv#flowable-async-job-executor-thread-40403#
[PollStartAppStatusExecution] c18fe1fc-36e5-42c6-a94c-691eb977813f [2026-09-07T11:09:20.540700] Starting health monitoring of container (STDOUT, CELL)#
#2026 09 07 11:09:22.184#Z#DEBUG#ee464cf9-aaab-11f1-a0e6-eeee0a85092e.order-app-srv#flowable-async-job-executor-thread-40403#
[PollStartAppStatusExecution] c18fe1fc-36e5-42c6-a94c-691eb977813f [2026-09-07T11:09:20.679338] Invoking pre-start scripts. (STDOUT, APP/PROC/WEB)#
#2026 09 07 11:09:22.184#Z#DEBUG#ee464cf9-aaab-11f1-a0e6-eeee0a85092e.order-app-srv#flowable-async-job-executor-thread-40403#
[PollStartAppStatusExecution] c18fe1fc-36e5-42c6-a94c-691eb977813f [2026-09-07T11:09:20.891693] Invoking start command. (STDOUT, APP/PROC/WEB)#
#2026 09 07 11:09:22.184#Z#DEBUG#ee464cf9-aaab-11f1-a0e6-eeee0a85092e.order-app-srv#flowable-async-job-executor-thread-40403#
[PollStartAppStatusExecution] c18fe1fc-36e5-42c6-a94c-691eb977813f [2026-09-07T11:09:21.348365] > order-app@1.0.0 start (STDOUT, APP/PROC/WEB)#
#2026 09 07 11:09:22.184#Z#DEBUG#ee464cf9-aaab-11f1-a0e6-eeee0a85092e.order-app-srv#flowable-async-job-executor-thread-40403#
[PollStartAppStatusExecution] c18fe1fc-36e5-42c6-a94c-691eb977813f [2026-09-07T11:09:21.348391] > cds-serve (STDOUT, APP/PROC/WEB)#
#2026 09 07 11:09:22.184#Z#DEBUG#ee464cf9-aaab-11f1-a0e6-eeee0a85092e.order-app-srv#flowable-async-job-executor-thread-40403#
[PollStartAppStatusExecution] c18fe1fc-36e5-42c6-a94c-691eb977813f [2026-09-07T11:09:21.630348] {"level":"info","logger":"cds","timestamp":"2026-09-07T11:09:21.628Z","layer":"cds","component_type":"application","container_id":"10.32.1.5","component_id":"c18fe1fc-36e5-42c6-a94c-691eb977813f","component_name":"order-app-srv","component_instance":0,"source_instance":0,"organization_name":"d0df43b9trial","organization_id":"188e7b36-f870-46ac-b4b4-fcdce414afb1","space_name":"dev","space_id":"383e080d-c4c5-4598-b9e9-72e78ff581ba","msg":"loaded model from 1 file(s):\n ","type":"log"} (STDOUT, APP/PROC/WEB)#
#2026 09 07 11:09:22.184#Z#DEBUG#ee464cf9-aaab-11f1-a0e6-eeee0a85092e.order-app-srv#flowable-async-job-executor-thread-40403#
[PollStartAppStatusExecution] c18fe1fc-36e5-42c6-a94c-691eb977813f [2026-09-07T11:09:21.630777] srv/csn.json (STDOUT, APP/PROC/WEB)#
#2026 09 07 11:09:22.184#Z#DEBUG#ee464cf9-aaab-11f1-a0e6-eeee0a85092e.order-app-srv#flowable-async-job-executor-thread-40403#
[PollStartAppStatusExecution] c18fe1fc-36e5-42c6-a94c-691eb977813f [2026-09-07T11:09:21.823085] {"level":"info","logger":"cds","timestamp":"2026-09-07T11:09:21.822Z","layer":"cds","component_type":"application","container_id":"10.32.1.5","component_id":"c18fe1fc-36e5-42c6-a94c-691eb977813f","component_name":"order-app-srv","component_instance":0,"source_instance":0,"organization_name":"d0df43b9trial","organization_id":"188e7b36-f870-46ac-b4b4-fcdce414afb1","space_name":"dev","space_id":"383e080d-c4c5-4598-b9e9-72e78ff581ba","msg":"connect to db > hana {\n  database_id: '26160d64-6f37-4efa-b584-ec2ead369fa1',\n  host: '26160d64-6f37-4efa-b584-ec2ead369fa1.hna0.prod-us10.hanacloud.ondemand.com',\n  port: '443',\n  driver: 'com.sap.db.jdbc.Driver',\n  url: 'jdbc:sap://26160d64-6f37-4efa-b584-ec2ead369fa1.hna0.prod-us10.hanacloud.ondemand.com:443?encrypt=true&validateCertificate=true&currentschema=75964680DA0B4C82840C1BA9494A874F',\n  schema: '75964680DA0B4C82840C1BA9494A874F',\n  certificate: '...',\n  hdi_user: '75964680DA0B4C82840C1BA9494A874F_C5QBNMQINUJ6JSPOZA8LTIZQX_DT',\n  hdi_password: '...',\n  user: '75964680DA0B4C82840C1BA9494A874F_C5QBNMQINUJ6JSPOZA8LTIZQX_RT',\n  password: '...'\n}","type":"log"} (STDOUT, APP/PROC/WEB)#
#2026 09 07 11:09:22.184#Z#DEBUG#ee464cf9-aaab-11f1-a0e6-eeee0a85092e.order-app-srv#flowable-async-job-executor-thread-40403#
[PollStartAppStatusExecution] c18fe1fc-36e5-42c6-a94c-691eb977813f [2026-09-07T11:09:21.851082] {"level":"info","logger":"cds","timestamp":"2026-09-07T11:09:21.850Z","layer":"cds","component_type":"application","container_id":"10.32.1.5","component_id":"c18fe1fc-36e5-42c6-a94c-691eb977813f","component_name":"order-app-srv","component_instance":0,"source_instance":0,"organization_name":"d0df43b9trial","organization_id":"188e7b36-f870-46ac-b4b4-fcdce414afb1","space_name":"dev","space_id":"383e080d-c4c5-4598-b9e9-72e78ff581ba","msg":"using auth strategy { kind: 'jwt' }","type":"log"} (STDOUT, APP/PROC/WEB)#
#2026 09 07 11:09:22.184#Z#DEBUG#ee464cf9-aaab-11f1-a0e6-eeee0a85092e.order-app-srv#flowable-async-job-executor-thread-40403#
[PollStartAppStatusExecution] c18fe1fc-36e5-42c6-a94c-691eb977813f [2026-09-07T11:09:21.852698] node:internal/modules/cjs/loader:1517 (STDERR, APP/PROC/WEB)#
#2026 09 07 11:09:22.184#Z#DEBUG#ee464cf9-aaab-11f1-a0e6-eeee0a85092e.order-app-srv#flowable-async-job-executor-thread-40403#
[PollStartAppStatusExecution] c18fe1fc-36e5-42c6-a94c-691eb977813f [2026-09-07T11:09:21.852713] const err = new Error(message); (STDERR, APP/PROC/WEB)#
#2026 09 07 11:09:22.184#Z#DEBUG#ee464cf9-aaab-11f1-a0e6-eeee0a85092e.order-app-srv#flowable-async-job-executor-thread-40403#
[PollStartAppStatusExecution] c18fe1fc-36e5-42c6-a94c-691eb977813f [2026-09-07T11:09:21.852717] ^ (STDERR, APP/PROC/WEB)#
#2026 09 07 11:09:22.184#Z#DEBUG#ee464cf9-aaab-11f1-a0e6-eeee0a85092e.order-app-srv#flowable-async-job-executor-thread-40403#
[PollStartAppStatusExecution] c18fe1fc-36e5-42c6-a94c-691eb977813f [2026-09-07T11:09:21.852723] Error: Cannot find '@sap/xssec'. Make sure to install it with 'npm i @sap/xssec' (STDERR, APP/PROC/WEB)#
#2026 09 07 11:09:22.184#Z#DEBUG#ee464cf9-aaab-11f1-a0e6-eeee0a85092e.order-app-srv#flowable-async-job-executor-thread-40403#
[PollStartAppStatusExecution] c18fe1fc-36e5-42c6-a94c-691eb977813f [2026-09-07T11:09:21.852726] Cannot find module '@sap/xssec' (STDERR, APP/PROC/WEB)#
#2026 09 07 11:09:22.184#Z#DEBUG#ee464cf9-aaab-11f1-a0e6-eeee0a85092e.order-app-srv#flowable-async-job-executor-thread-40403#
[PollStartAppStatusExecution] c18fe1fc-36e5-42c6-a94c-691eb977813f [2026-09-07T11:09:21.852729] Require stack: (STDERR, APP/PROC/WEB)#
#2026 09 07 11:09:22.184#Z#DEBUG#ee464cf9-aaab-11f1-a0e6-eeee0a85092e.order-app-srv#flowable-async-job-executor-thread-40403#
[PollStartAppStatusExecution] c18fe1fc-36e5-42c6-a94c-691eb977813f [2026-09-07T11:09:21.852732] - /home/vcap/app/node_modules/@sap/cds/lib/srv/middlewares/auth/xssec.js (STDERR, APP/PROC/WEB)#
#2026 09 07 11:09:22.184#Z#DEBUG#ee464cf9-aaab-11f1-a0e6-eeee0a85092e.order-app-srv#flowable-async-job-executor-thread-40403#
[PollStartAppStatusExecution] c18fe1fc-36e5-42c6-a94c-691eb977813f [2026-09-07T11:09:21.852736] - /home/vcap/app/node_modules/@sap/cds/lib/srv/middlewares/auth/jwt-auth.js (STDERR, APP/PROC/WEB)#
#2026 09 07 11:09:22.184#Z#DEBUG#ee464cf9-aaab-11f1-a0e6-eeee0a85092e.order-app-srv#flowable-async-job-executor-thread-40403#
[PollStartAppStatusExecution] c18fe1fc-36e5-42c6-a94c-691eb977813f [2026-09-07T11:09:21.852739] - /home/vcap/app/node_modules/@sap/cds/lib/srv/middlewares/auth/index.js (STDERR, APP/PROC/WEB)#
#2026 09 07 11:09:22.184#Z#DEBUG#ee464cf9-aaab-11f1-a0e6-eeee0a85092e.order-app-srv#flowable-async-job-executor-thread-40403#
[PollStartAppStatusExecution] c18fe1fc-36e5-42c6-a94c-691eb977813f [2026-09-07T11:09:21.852742] - /home/vcap/app/node_modules/@sap/cds/lib/srv/middlewares/index.js (STDERR, APP/PROC/WEB)#
#2026 09 07 11:09:22.184#Z#DEBUG#ee464cf9-aaab-11f1-a0e6-eeee0a85092e.order-app-srv#flowable-async-job-executor-thread-40403#
[PollStartAppStatusExecution] c18fe1fc-36e5-42c6-a94c-691eb977813f [2026-09-07T11:09:21.852745] - /home/vcap/app/node_modules/@sap/cds/lib/index.js (STDERR, APP/PROC/WEB)#
#2026 09 07 11:09:22.184#Z#DEBUG#ee464cf9-aaab-11f1-a0e6-eeee0a85092e.order-app-srv#flowable-async-job-executor-thread-40403#
[PollStartAppStatusExecution] c18fe1fc-36e5-42c6-a94c-691eb977813f [2026-09-07T11:09:21.852748] - /home/vcap/app/node_modules/@sap/cds/bin/serve.js (STDERR, APP/PROC/WEB)#
#2026 09 07 11:09:22.184#Z#DEBUG#ee464cf9-aaab-11f1-a0e6-eeee0a85092e.order-app-srv#flowable-async-job-executor-thread-40403#
[PollStartAppStatusExecution] c18fe1fc-36e5-42c6-a94c-691eb977813f [2026-09-07T11:09:21.852750] at Module._resolveFilename (node:internal/modules/cjs/loader:1517:15) (STDERR, APP/PROC/WEB)#
#2026 09 07 11:09:22.184#Z#DEBUG#ee464cf9-aaab-11f1-a0e6-eeee0a85092e.order-app-srv#flowable-async-job-executor-thread-40403#
[PollStartAppStatusExecution] c18fe1fc-36e5-42c6-a94c-691eb977813f [2026-09-07T11:09:21.852753] at wrapResolveFilename (node:internal/modules/cjs/loader:1071:27) (STDERR, APP/PROC/WEB)#
#2026 09 07 11:09:22.184#Z#DEBUG#ee464cf9-aaab-11f1-a0e6-eeee0a85092e.order-app-srv#flowable-async-job-executor-thread-40403#
[PollStartAppStatusExecution] c18fe1fc-36e5-42c6-a94c-691eb977813f [2026-09-07T11:09:21.852757] at defaultResolveImplForCJSLoading (node:internal/modules/cjs/loader:1095:10) (STDERR, APP/PROC/WEB)#
#2026 09 07 11:09:22.184#Z#DEBUG#ee464cf9-aaab-11f1-a0e6-eeee0a85092e.order-app-srv#flowable-async-job-executor-thread-40403#
[PollStartAppStatusExecution] c18fe1fc-36e5-42c6-a94c-691eb977813f [2026-09-07T11:09:21.852762] at resolveForCJSWithHooks (node:internal/modules/cjs/loader:1122:12) (STDERR, APP/PROC/WEB)#
#2026 09 07 11:09:22.184#Z#DEBUG#ee464cf9-aaab-11f1-a0e6-eeee0a85092e.order-app-srv#flowable-async-job-executor-thread-40403#
[PollStartAppStatusExecution] c18fe1fc-36e5-42c6-a94c-691eb977813f [2026-09-07T11:09:21.852765] at Module._load (node:internal/modules/cjs/loader:1294:5) (STDERR, APP/PROC/WEB)#
#2026 09 07 11:09:22.184#Z#DEBUG#ee464cf9-aaab-11f1-a0e6-eeee0a85092e.order-app-srv#flowable-async-job-executor-thread-40403#
[PollStartAppStatusExecution] c18fe1fc-36e5-42c6-a94c-691eb977813f [2026-09-07T11:09:21.852768] at wrapModuleLoad (node:internal/modules/cjs/loader:255:19) (STDERR, APP/PROC/WEB)#
#2026 09 07 11:09:22.184#Z#DEBUG#ee464cf9-aaab-11f1-a0e6-eeee0a85092e.order-app-srv#flowable-async-job-executor-thread-40403#
[PollStartAppStatusExecution] c18fe1fc-36e5-42c6-a94c-691eb977813f [2026-09-07T11:09:21.852770] at Module.require (node:internal/modules/cjs/loader:1617:12) (STDERR, APP/PROC/WEB)#
#2026 09 07 11:09:22.184#Z#DEBUG#ee464cf9-aaab-11f1-a0e6-eeee0a85092e.order-app-srv#flowable-async-job-executor-thread-40403#
[PollStartAppStatusExecution] c18fe1fc-36e5-42c6-a94c-691eb977813f [2026-09-07T11:09:21.852774] at require (node:internal/modules/helpers:153:16) (STDERR, APP/PROC/WEB)#
#2026 09 07 11:09:22.184#Z#DEBUG#ee464cf9-aaab-11f1-a0e6-eeee0a85092e.order-app-srv#flowable-async-job-executor-thread-40403#
[PollStartAppStatusExecution] c18fe1fc-36e5-42c6-a94c-691eb977813f [2026-09-07T11:09:21.852777] at Object.<anonymous> (/home/vcap/app/node_modules/@sap/cds/lib/srv/middlewares/auth/xssec.js:2:17) (STDERR, APP/PROC/WEB)#
#2026 09 07 11:09:22.184#Z#DEBUG#ee464cf9-aaab-11f1-a0e6-eeee0a85092e.order-app-srv#flowable-async-job-executor-thread-40403#
[PollStartAppStatusExecution] c18fe1fc-36e5-42c6-a94c-691eb977813f [2026-09-07T11:09:21.852780] at Module._compile (node:internal/modules/cjs/loader:1871:14) { (STDERR, APP/PROC/WEB)#
#2026 09 07 11:09:22.184#Z#DEBUG#ee464cf9-aaab-11f1-a0e6-eeee0a85092e.order-app-srv#flowable-async-job-executor-thread-40403#
[PollStartAppStatusExecution] c18fe1fc-36e5-42c6-a94c-691eb977813f [2026-09-07T11:09:21.852783] code: 'MODULE_NOT_FOUND', (STDERR, APP/PROC/WEB)#
#2026 09 07 11:09:22.184#Z#DEBUG#ee464cf9-aaab-11f1-a0e6-eeee0a85092e.order-app-srv#flowable-async-job-executor-thread-40403#
[PollStartAppStatusExecution] c18fe1fc-36e5-42c6-a94c-691eb977813f [2026-09-07T11:09:21.852787] requireStack: [ (STDERR, APP/PROC/WEB)#
#2026 09 07 11:09:22.184#Z#DEBUG#ee464cf9-aaab-11f1-a0e6-eeee0a85092e.order-app-srv#flowable-async-job-executor-thread-40403#
[PollStartAppStatusExecution] c18fe1fc-36e5-42c6-a94c-691eb977813f [2026-09-07T11:09:21.852790] '/home/vcap/app/node_modules/@sap/cds/lib/srv/middlewares/auth/xssec.js', (STDERR, APP/PROC/WEB)#
#2026 09 07 11:09:22.184#Z#DEBUG#ee464cf9-aaab-11f1-a0e6-eeee0a85092e.order-app-srv#flowable-async-job-executor-thread-40403#
[PollStartAppStatusExecution] c18fe1fc-36e5-42c6-a94c-691eb977813f [2026-09-07T11:09:21.852795] '/home/vcap/app/node_modules/@sap/cds/lib/srv/middlewares/auth/jwt-auth.js', (STDERR, APP/PROC/WEB)#
#2026 09 07 11:09:22.184#Z#DEBUG#ee464cf9-aaab-11f1-a0e6-eeee0a85092e.order-app-srv#flowable-async-job-executor-thread-40403#
[PollStartAppStatusExecution] c18fe1fc-36e5-42c6-a94c-691eb977813f [2026-09-07T11:09:21.852798] '/home/vcap/app/node_modules/@sap/cds/lib/srv/middlewares/auth/index.js', (STDERR, APP/PROC/WEB)#
#2026 09 07 11:09:22.184#Z#DEBUG#ee464cf9-aaab-11f1-a0e6-eeee0a85092e.order-app-srv#flowable-async-job-executor-thread-40403#
[PollStartAppStatusExecution] c18fe1fc-36e5-42c6-a94c-691eb977813f [2026-09-07T11:09:21.852800] '/home/vcap/app/node_modules/@sap/cds/lib/srv/middlewares/index.js', (STDERR, APP/PROC/WEB)#
#2026 09 07 11:09:22.184#Z#DEBUG#ee464cf9-aaab-11f1-a0e6-eeee0a85092e.order-app-srv#flowable-async-job-executor-thread-40403#
[PollStartAppStatusExecution] c18fe1fc-36e5-42c6-a94c-691eb977813f [2026-09-07T11:09:21.852803] '/home/vcap/app/node_modules/@sap/cds/lib/index.js', (STDERR, APP/PROC/WEB)#
#2026 09 07 11:09:22.184#Z#DEBUG#ee464cf9-aaab-11f1-a0e6-eeee0a85092e.order-app-srv#flowable-async-job-executor-thread-40403#
[PollStartAppStatusExecution] c18fe1fc-36e5-42c6-a94c-691eb977813f [2026-09-07T11:09:21.852806] '/home/vcap/app/node_modules/@sap/cds/bin/serve.js' (STDERR, APP/PROC/WEB)#
#2026 09 07 11:09:22.184#Z#DEBUG#ee464cf9-aaab-11f1-a0e6-eeee0a85092e.order-app-srv#flowable-async-job-executor-thread-40403#
[PollStartAppStatusExecution] c18fe1fc-36e5-42c6-a94c-691eb977813f [2026-09-07T11:09:21.852809] ] (STDERR, APP/PROC/WEB)#
#2026 09 07 11:09:22.184#Z#DEBUG#ee464cf9-aaab-11f1-a0e6-eeee0a85092e.order-app-srv#flowable-async-job-executor-thread-40403#
[PollStartAppStatusExecution] c18fe1fc-36e5-42c6-a94c-691eb977813f [2026-09-07T11:09:21.852812] } (STDERR, APP/PROC/WEB)#
#2026 09 07 11:09:22.184#Z#DEBUG#ee464cf9-aaab-11f1-a0e6-eeee0a85092e.order-app-srv#flowable-async-job-executor-thread-40403#
[PollStartAppStatusExecution] c18fe1fc-36e5-42c6-a94c-691eb977813f [2026-09-07T11:09:21.852816] Node.js v24.18.0 (STDERR, APP/PROC/WEB)#
#2026 09 07 11:09:22.184#Z#DEBUG#ee464cf9-aaab-11f1-a0e6-eeee0a85092e.order-app-srv#flowable-async-job-executor-thread-40403#
[PollStartAppStatusExecution] c18fe1fc-36e5-42c6-a94c-691eb977813f [2026-09-07T11:09:21.871769] npm notice (STDERR, APP/PROC/WEB)#
#2026 09 07 11:09:32.212#Z#DEBUG#ee464cf9-aaab-11f1-a0e6-eeee0a85092e.order-app-srv#flowable-async-job-executor-thread-40415#
[PollStartAppStatusExecution] c18fe1fc-36e5-42c6-a94c-691eb977813f [2026-09-07T11:09:21.871791] npm notice New major version of npm available! 11.16.0 -> 12.0.2 (STDERR, APP/PROC/WEB)#
#2026 09 07 11:09:32.212#Z#DEBUG#ee464cf9-aaab-11f1-a0e6-eeee0a85092e.order-app-srv#flowable-async-job-executor-thread-40415#
[PollStartAppStatusExecution] c18fe1fc-36e5-42c6-a94c-691eb977813f [2026-09-07T11:09:21.871794] npm notice Changelog: https://github.com/npm/cli/releases/tag/v12.0.2 (STDERR, APP/PROC/WEB)#
#2026 09 07 11:09:32.212#Z#DEBUG#ee464cf9-aaab-11f1-a0e6-eeee0a85092e.order-app-srv#flowable-async-job-executor-thread-40415#
[PollStartAppStatusExecution] c18fe1fc-36e5-42c6-a94c-691eb977813f [2026-09-07T11:09:21.871797] npm notice To update run: npm install -g npm@12.0.2 (STDERR, APP/PROC/WEB)#
#2026 09 07 11:09:32.212#Z#DEBUG#ee464cf9-aaab-11f1-a0e6-eeee0a85092e.order-app-srv#flowable-async-job-executor-thread-40415#
[PollStartAppStatusExecution] c18fe1fc-36e5-42c6-a94c-691eb977813f [2026-09-07T11:09:21.871799] npm notice (STDERR, APP/PROC/WEB)#
#2026 09 07 11:09:32.212#Z#DEBUG#ee464cf9-aaab-11f1-a0e6-eeee0a85092e.order-app-srv#flowable-async-job-executor-thread-40415#
[PollStartAppStatusExecution] c18fe1fc-36e5-42c6-a94c-691eb977813f [2026-09-07T11:09:21.954005] Exit status 1 (STDOUT, APP/PROC/WEB)#
#2026 09 07 11:09:32.212#Z#DEBUG#ee464cf9-aaab-11f1-a0e6-eeee0a85092e.order-app-srv#flowable-async-job-executor-thread-40415#
[PollStartAppStatusExecution] c18fe1fc-36e5-42c6-a94c-691eb977813f [2026-09-07T11:09:28.289552] Cell d1cc041a-d5a1-41d6-b9f6-6cda736ce3f0 stopping instance 13219419-5178-46c2-796d-49dc (STDOUT, CELL)#
#2026 09 07 11:09:32.212#Z#DEBUG#ee464cf9-aaab-11f1-a0e6-eeee0a85092e.order-app-srv#flowable-async-job-executor-thread-40415#
[PollStartAppStatusExecution] c18fe1fc-36e5-42c6-a94c-691eb977813f [2026-09-07T11:09:28.289596] Cell d1cc041a-d5a1-41d6-b9f6-6cda736ce3f0 destroying container for instance 13219419-5178-46c2-796d-49dc (STDOUT, CELL)#
#2026 09 07 11:09:32.212#Z#DEBUG#ee464cf9-aaab-11f1-a0e6-eeee0a85092e.order-app-srv#flowable-async-job-executor-thread-40415#
[PollStartAppStatusExecution] c18fe1fc-36e5-42c6-a94c-691eb977813f [2026-09-07T11:09:28.308] Process has crashed with type: "web" (STDOUT, API)#
#2026 09 07 11:09:32.212#Z#DEBUG#ee464cf9-aaab-11f1-a0e6-eeee0a85092e.order-app-srv#flowable-async-job-executor-thread-40415#
[PollStartAppStatusExecution] c18fe1fc-36e5-42c6-a94c-691eb977813f [2026-09-07T11:09:28.321624] App instance exited with guid c18fe1fc-36e5-42c6-a94c-691eb977813f payload: {"instance"=>"13219419-5178-46c2-796d-49dc", "index"=>0, "cell_id"=>"d1cc041a-d5a1-41d6-b9f6-6cda736ce3f0", "reason"=>"CRASHED", "exit_description"=>"APP/PROC/WEB: Exited with status 1", "crash_count"=>3, "crash_timestamp"=>1788779368286131831, "version"=>"573a7761-d27d-4d70-afab-93948138b71a"} (STDOUT, API)#
#2026 09 07 11:09:32.212#Z#DEBUG#ee464cf9-aaab-11f1-a0e6-eeee0a85092e.order-app-srv#flowable-async-job-executor-thread-40415#
[PollStartAppStatusExecution] c18fe1fc-36e5-42c6-a94c-691eb977813f [2026-09-07T11:09:29.223900] Exit status 137 (STDOUT, PROXY)#
#2026 09 07 11:09:32.212#Z#DEBUG#ee464cf9-aaab-11f1-a0e6-eeee0a85092e.order-app-srv#flowable-async-job-executor-thread-40415#
[PollStartAppStatusExecution] c18fe1fc-36e5-42c6-a94c-691eb977813f [2026-09-07T11:09:30.782799] Cell d1cc041a-d5a1-41d6-b9f6-6cda736ce3f0 successfully destroyed container for instance 13219419-5178-46c2-796d-49dc (STDOUT, CELL)#
